Fan_hours,Refrigerator_hours,AirConditioner_hours,Television_hours,Monitor_hours,MotorPump_hours,Months,City,Company,MonthlyHours,TariffRate,ElectricityBill
11,22.0,1.0,11.0,1.0,0,1,Hyderabad,Ringfeder Power Transmission India Pvt. Ltd.,474,8.4,3981.6000000000000
17,22.0,2.0,15.0,1.0,0,1,Hyderabad,Power Grid Corp,553,8.4,4645.2
17,22.0,2.0,11.0,1.0,0,1,Hyderabad,Tata Power Company Ltd.,553,8.4,4645.2
16,22.0,3.0,7.0,1.0,0,1,Hyderabad,Jaiprakash Power,632,8.4,5308.8
9,21.0,2.0,22.0,1.0,0,1,Hyderabad,Reliance Energy,632,8.4,5308.8
22,22.0,0.0,12.0,12.0,0,1,Hyderabad,NLC India,550,8.4,4620.0
11,22.0,2.0,12.0,12.0,0,1,Hyderabad,Neueon Towers / Sujana Towers Ltd.,682,8.4,5728.8
10,23.0,0.0,14.0,1.0,0,1,Hyderabad,Indowind Energy,594,8.4,4989.6
5,23.0,3.0,10.0,1.0,0,1,Hyderabad,SJVN Ltd.,572,8.4,4804.8
9,20.0,1.0,8.0,1.0,0,1,Hyderabad,Kalpataru Power,528,8.4,4435.2
22,23.0,2.0,11.0,1.0,0,1,Hyderabad,Adani Power Ltd.,528,8.4,4435.2
13,23.0,0.0,5.0,1.0,0,1,Hyderabad,NLC India,528,8.4,4435.2
5,20.0,3.0,17.0,1.0,0,1,Hyderabad,Reliance Power,456,8.4,3830.4
16,23.0,1.0,14.0,1.0,0,1,Hyderabad,"Maha Transco – Maharashtra State Electricity Transmission Co, Ltd.",475,8.4,3990.0
7,17.0,3.0,21.0,7.0,0,1,Hyderabad,Kalpataru Power,627,8.4,5266.8
6,23.0,1.0,3.0,1.0,0,1,Hyderabad,Ratnagiri Gas and Power Pvt. Ltd. (RGPPL),323,8.4,2713.2000000000000
16,23.0,0.0,19.0,1.0,0,1,Hyderabad,Indowind Energy,513,8.4,4309.2
13,23.0,0.0,6.0,1.0,0,1,Hyderabad,NHPC,437,8.4,3670.8
19,22.0,3.0,20.0,1.0,0,1,Hyderabad,Jyoti Structure,756,8.4,6350.400000000000
6,21.0,0.0,15.0,1.0,0,1,Hyderabad,NHPC,540,8.4,4536.0
12,22.0,2.0,21.0,1.0,0,1,Hyderabad,Jaiprakash Power,540,8.4,4536.0
20,23.0,2.0,8.0,1.0,0,1,Hyderabad,NTPC Pvt. Ltd.,498,8.4,4183.2
22,22.0,2.0,16.0,1.0,0,1,Hyderabad,KEC International,498,8.4,4183.2
19,23.0,1.0,3.0,1.0,0,1,Hyderabad,Neueon Towers / Sujana Towers Ltd.,498,8.4,4183.2
16,23.0,2.0,13.0,1.0,0,1,Hyderabad,Tata Power Company Ltd.,508,8.4,4267.2
8,19.0,0.0,16.0,1.0,0,1,Hyderabad,NHPC,508,8.4,4267.2
23,22.0,3.0,11.0,1.0,0,1,Hyderabad,Torrent Power Ltd.,503,8.4,4225.2
6,21.0,2.0,4.0,1.0,0,1,Hyderabad,L&T Transmission & Distribution,503,8.4,4225.2
9,18.0,2.0,10.0,7.0,0,1,Hyderabad,Orient Green,444,8.4,3729.6000000000000
5,20.0,3.0,7.0,1.0,0,1,Hyderabad,TransRail Lighting,444,8.4,3729.6000000000000
12,23.0,3.0,10.0,1.0,0,1,Hyderabad,Toshiba Transmission & Distribution Systems (India) Pvt. Ltd.,444,8.4,3729.6000000000000
22,23.0,1.0,13.0,1.0,0,1,Hyderabad,GE T&D India Limited,691,8.4,5804.400000000000
11,23.0,2.0,21.0,1.0,0,1,Hyderabad,GE T&D India Limited,669,8.4,5619.6
20,23.0,1.0,9.0,12.0,0,1,Hyderabad,Adani Power Ltd.,712,8.4,5980.8
16,23.0,3.0,18.0,1.0,0,1,Hyderabad,Sunil Hitech Eng,712,8.4,5980.8
18,23.0,3.0,6.0,1.0,0,1,Hyderabad,Toshiba Transmission & Distribution Systems (India) Pvt. Ltd.,599,8.4,5031.6
9,19.0,2.0,20.0,1.0,0,1,Hyderabad,SJVN Ltd.,659,8.4,5535.6
19,23.0,1.0,5.0,1.0,0,1,Hyderabad,Sterlite Power Transmission Ltd,587,8.4,4930.8
8,17.0,0.0,19.0,1.0,0,1,Hyderabad,GE T&D India Limited,288,8.4,2419.2000000000000
11,22.0,1.0,11.0,1.0,0,1,Hyderabad,Guj Ind Power,576,8.4,4838.400000000000
13,23.0,1.0,8.0,12.0,0,1,Hyderabad,Power Grid Corp,702,8.4,5896.8
13,23.0,0.0,22.0,1.0,0,1,Hyderabad,NTPC Pvt. Ltd.,702,8.4,5896.8
22,23.0,2.0,5.0,1.0,0,1,Hyderabad,JSW Energy Ltd.,581,8.4,4880.400000000000
21,22.0,0.0,13.0,1.0,0,1,Hyderabad,L&T Transmission & Distribution,518,8.4,4351.2
7,18.0,1.0,20.0,1.0,0,1,Hyderabad,NHPC,368,8.4,3091.2000000000000
16,23.0,1.0,8.0,1.0,0,1,Hyderabad,Toshiba Transmission & Distribution Systems (India) Pvt. Ltd.,368,8.4,3091.2000000000000
6,20.0,0.0,11.0,1.0,0,1,Hyderabad,"Maha Transco – Maharashtra State Electricity Transmission Co, Ltd.",368,8.4,3091.2000000000000
13,23.0,0.0,7.0,1.0,0,1,Hyderabad,Guj Ind Power,329,8.4,2763.6
13,22.0,0.0,10.0,1.0,0,1,Hyderabad,"Maha Transco – Maharashtra State Electricity Transmission Co, Ltd.",329,8.4,2763.6
7,19.0,2.0,3.0,7.0,0,1,Hyderabad,Jaiprakash Power,329,8.4,2763.6
6,18.0,1.0,14.0,1.0,0,1,Hyderabad,NLC India,329,8.4,2763.6
5,20.0,0.0,15.0,1.0,0,1,Hyderabad,Jyoti Structure,434,8.4,3645.6000000000000
8,17.0,1.0,12.0,7.0,0,1,Hyderabad,Toshiba Transmission & Distribution Systems (India) Pvt. Ltd.,371,8.4,3116.4
11,23.0,3.0,7.0,1.0,0,1,Hyderabad,Sunil Hitech Eng,371,8.4,3116.4
6,18.0,1.0,21.0,7.0,0,1,Hyderabad,CESC,589,8.4,4947.6
18,22.0,0.0,21.0,1.0,0,1,Hyderabad,Toshiba Transmission & Distribution Systems (India) Pvt. Ltd.,708,8.4,5947.2
19,23.0,2.0,13.0,1.0,0,1,Hyderabad,CESC,588,8.4,4939.2
9,17.0,1.0,12.0,1.0,0,1,Hyderabad,Tata Power Company Ltd.,487,8.4,4090.8
9,18.0,2.0,10.0,1.0,0,1,Hyderabad,TransRail Lighting,531,8.4,4460.400000000000
9,21.0,2.0,3.0,1.0,0,1,Hyderabad,Bonfiglioli Transmission Pvt. Ltd.,531,8.4,4460.400000000000
13,23.0,3.0,18.0,12.0,0,1,Hyderabad,KEC International,694,8.4,5829.6
15,22.0,3.0,16.0,1.0,0,1,Hyderabad,Ringfeder Power Transmission India Pvt. Ltd.,694,8.4,5829.6
15,23.0,3.0,16.0,1.0,0,1,Hyderabad,Jaiprakash Power,676,8.4,5678.400000000000
12,23.0,2.0,10.0,1.0,0,1,Hyderabad,NHPC,507,8.4,4258.8
7,20.0,2.0,6.0,1.0,0,1,Hyderabad,NHPC,256,8.4,2150.4
18,23.0,3.0,4.0,1.0,0,1,Hyderabad,Ringfeder Power Transmission India Pvt. Ltd.,443,8.4,3721.2000000000000
9,18.0,3.0,6.0,7.0,0,1,Hyderabad,Torrent Power Ltd.,443,8.4,3721.2000000000000
20,22.0,2.0,15.0,1.0,0,1,Hyderabad,Jaiprakash Power,642,8.4,5392.8
21,22.0,1.0,18.0,1.0,0,1,Hyderabad,GE T&D India Limited,612,8.4,5140.8
14,22.0,0.0,6.0,1.0,0,1,Hyderabad,Reliance Power,523,8.4,4393.2
23,22.0,2.0,3.0,1.0,0,1,Hyderabad,Adani Power Ltd.,511,8.4,4292.400000000000
17,23.0,0.0,17.0,12.0,0,1,Hyderabad,Toshiba Transmission & Distribution Systems (India) Pvt. Ltd.,568,8.4,4771.2
12,22.0,2.0,17.0,1.0,0,1,Hyderabad,Jyoti Structure,568,8.4,4771.2
18,22.0,0.0,11.0,1.0,0,1,Hyderabad,Sterlite Power Transmission Ltd,372,8.4,3124.8
5,21.0,0.0,9.0,1.0,0,1,Hyderabad,"Maha Transco – Maharashtra State Electricity Transmission Co, Ltd.",372,8.4,3124.8
22,23.0,1.0,3.0,1.0,0,1,Hyderabad,Indowind Energy,372,8.4,3124.8
15,22.0,1.0,19.0,12.0,0,1,Hyderabad,Tata Power Company Ltd.,615,8.4,5166.0
5,19.0,2.0,10.0,1.0,0,1,Hyderabad,Sterlite Power Transmission Ltd,452,8.4,3796.8
14,22.0,1.0,19.0,1.0,0,1,Hyderabad,Bonfiglioli Transmission Pvt. Ltd.,633,8.4,5317.2
9,18.0,3.0,20.0,1.0,0,1,Hyderabad,Reliance Energy,470,8.4,3948.0
19,23.0,1.0,14.0,1.0,0,1,Hyderabad,Ratnagiri Gas and Power Pvt. Ltd. (RGPPL),536,8.4,4502.400000000000
5,17.0,1.0,4.0,7.0,0,1,Hyderabad,TransRail Lighting,409,8.4,3435.6000000000000
11,22.0,0.0,14.0,1.0,0,1,Hyderabad,Bonfiglioli Transmission Pvt. Ltd.,344,8.4,2889.6
8,19.0,0.0,5.0,7.0,0,1,Hyderabad,Toshiba Transmission & Distribution Systems (India) Pvt. Ltd.,344,8.4,2889.6
14,22.0,2.0,12.0,1.0,0,1,Hyderabad,NHPC,397,8.4,3334.8
14,23.0,0.0,17.0,12.0,0,1,Hyderabad,Sunil Hitech Eng,519,8.4,4359.6
13,23.0,3.0,4.0,1.0,0,1,Hyderabad,Bonfiglioli Transmission Pvt. Ltd.,519,8.4,4359.6
6,21.0,3.0,14.0,1.0,0,1,Hyderabad,Neueon Towers / Sujana Towers Ltd.,421,8.4,3536.4
15,22.0,0.0,4.0,1.0,0,1,Hyderabad,JSW Energy Ltd.,421,8.4,3536.4
9,18.0,3.0,6.0,7.0,0,1,Hyderabad,Kalpataru Power,355,8.4,2982.0
22,23.0,2.0,16.0,1.0,0,1,Hyderabad,SJVN Ltd.,551,8.4,4628.400000000000
6,17.0,0.0,4.0,1.0,0,1,Hyderabad,Unitech Power Transmission Ltd.,185,8.4,1554.0
16,23.0,2.0,11.0,1.0,0,1,Hyderabad,Neueon Towers / Sujana Towers Ltd.,500,8.4,4200.0
11,23.0,3.0,21.0,1.0,0,1,Hyderabad,JSW Energy Ltd.,736,8.4,6182.400000000000
15,22.0,1.0,10.0,1.0,0,1,Hyderabad,Kalpataru Power,420,8.4,3528.0
6,20.0,0.0,5.0,1.0,0,1,Hyderabad,Sunil Hitech Eng,420,8.4,3528.0
11,23.0,1.0,12.0,1.0,0,1,Hyderabad,Jaiprakash Power,502,8.4,4216.8
14,23.0,2.0,18.0,1.0,0,1,Hyderabad,Ratnagiri Gas and Power Pvt. Ltd. (RGPPL),502,8.4,4216.8
19,23.0,0.0,5.0,1.0,0,1,Hyderabad,Reliance Power,502,8.4,4216.8
18,23.0,1.0,3.0,1.0,0,1,Hyderabad,JSW Energy Ltd.,573,8.4,4813.2
5,22.0,2.0,10.0,1.0,0,1,Hyderabad,Jyoti Structure,573,8.4,4813.2
20,22.0,0.0,18.0,1.0,0,1,Hyderabad,Unitech Power Transmission Ltd.,573,8.4,4813.2
5,18.0,2.0,4.0,1.0,0,1,Hyderabad,Bonfiglioli Transmission Pvt. Ltd.,337,8.4,2830.8
15,23.0,1.0,22.0,12.0,0,1,Hyderabad,Toshiba Transmission & Distribution Systems (India) Pvt. Ltd.,725,8.4,6090.0
21,23.0,3.0,19.0,12.0,0,1,Hyderabad,Tata Power Company Ltd.,720,8.4,6048.0
9,22.0,1.0,5.0,1.0,0,1,Hyderabad,Tata Power Company Ltd.,342,8.4,2872.8
7,17.0,0.0,17.0,1.0,0,1,Hyderabad,SJVN Ltd.,266,8.4,2234.4
14,23.0,1.0,15.0,1.0,0,1,Hyderabad,KEC International,449,8.4,3771.6000000000000
20,23.0,0.0,6.0,12.0,0,1,Hyderabad,JSW Energy Ltd.,449,8.4,3771.6000000000000
8,19.0,0.0,16.0,1.0,0,1,Hyderabad,Unitech Power Transmission Ltd.,449,8.4,3771.6000000000000
7,17.0,1.0,6.0,1.0,0,1,Hyderabad,Torrent Power Ltd.,282,8.4,2368.8
21,23.0,1.0,13.0,1.0,0,1,Hyderabad,Orient Green,641,8.4,5384.400000000000
22,23.0,3.0,17.0,1.0,0,1,Hyderabad,Adani Power Ltd.,641,8.4,5384.400000000000
9,21.0,0.0,14.0,1.0,0,1,Hyderabad,Neueon Towers / Sujana Towers Ltd.,490,8.4,4116.0
5,23.0,2.0,4.0,1.0,0,1,Hyderabad,NLC India,280,8.4,2352.0
20,22.0,3.0,3.0,1.0,0,1,Hyderabad,Torrent Power Ltd.,467,8.4,3922.8
22,23.0,1.0,9.0,1.0,0,1,Hyderabad,GE T&D India Limited,565,8.4,4746.0
16,22.0,1.0,8.0,1.0,0,1,Hyderabad,Torrent Power Ltd.,565,8.4,4746.0
21,23.0,0.0,19.0,12.0,0,1,Hyderabad,Sterlite Power Transmission Ltd,653,8.4,5485.2
12,23.0,1.0,19.0,1.0,0,1,Hyderabad,L&T Transmission & Distribution,620,8.4,5208.0
23,22.0,1.0,22.0,12.0,0,1,Hyderabad,Tata Power Company Ltd.,851,8.4,7148.400000000000
15,22.0,2.0,8.0,1.0,0,1,Hyderabad,Reliance Energy,463,8.4,3889.2000000000000
11,23.0,2.0,6.0,1.0,0,1,Hyderabad,TransRail Lighting,485,8.4,4074.0
14,22.0,3.0,22.0,1.0,0,1,Hyderabad,Jaiprakash Power,563,8.4,4729.2
22,23.0,0.0,4.0,12.0,0,1,Hyderabad,Ratnagiri Gas and Power Pvt. Ltd. (RGPPL),483,8.4,4057.2000000000000
18,22.0,1.0,9.0,1.0,0,1,Hyderabad,Jyoti Structure,483,8.4,4057.2000000000000
18,22.0,2.0,22.0,12.0,0,1,Hyderabad,Toshiba Transmission & Distribution Systems (India) Pvt. Ltd.,817,8.4,6862.8
21,23.0,3.0,3.0,1.0,0,1,Hyderabad,Kalpataru Power,583,8.4,4897.2
8,22.0,0.0,21.0,1.0,0,1,Hyderabad,NHPC,614,8.4,5157.6
9,19.0,1.0,5.0,1.0,0,1,Hyderabad,GE T&D India Limited,411,8.4,3452.4
7,18.0,1.0,11.0,1.0,0,1,Hyderabad,Neueon Towers / Sujana Towers Ltd.,411,8.4,3452.4
7,21.0,2.0,9.0,1.0,0,1,Hyderabad,Kalpataru Power,401,8.4,3368.4
5,21.0,0.0,9.0,1.0,0,1,Hyderabad,NTPC Pvt. Ltd.,275,8.4,2310.0
19,23.0,0.0,17.0,1.0,0,1,Hyderabad,Sterlite Power Transmission Ltd,645,8.4,5418.0
14,23.0,3.0,18.0,1.0,0,1,Hyderabad,Sunil Hitech Eng,645,8.4,5418.0
5,20.0,3.0,16.0,1.0,0,1,Hyderabad,GE T&D India Limited,410,8.4,3444.0
11,23.0,1.0,10.0,1.0,0,1,Hyderabad,"Maha Transco – Maharashtra State Electricity Transmission Co, Ltd.",604,8.4,5073.6
11,23.0,0.0,20.0,12.0,0,1,Hyderabad,Bonfiglioli Transmission Pvt. Ltd.,604,8.4,5073.6
21,23.0,0.0,11.0,1.0,0,1,Hyderabad,Orient Green,454,8.4,3813.6000000000000
22,22.0,0.0,18.0,1.0,0,1,Hyderabad,"Maha Transco – Maharashtra State Electricity Transmission Co, Ltd.",454,8.4,3813.6000000000000
13,23.0,1.0,14.0,1.0,0,1,Hyderabad,Indowind Energy,464,8.4,3897.6000000000000
6,19.0,0.0,12.0,1.0,0,1,Hyderabad,Unitech Power Transmission Ltd.,464,8.4,3897.6000000000000
5,17.0,3.0,12.0,1.0,0,1,Hyderabad,Power Grid Corp,438,8.4,3679.2000000000000
16,23.0,0.0,8.0,1.0,0,1,Hyderabad,Jaiprakash Power,426,8.4,3578.4
20,22.0,0.0,5.0,1.0,0,1,Hyderabad,GE T&D India Limited,521,8.4,4376.400000000000
9,18.0,0.0,4.0,1.0,0,1,Hyderabad,Sterlite Power Transmission Ltd,162,8.4,1360.8
13,22.0,0.0,15.0,12.0,0,1,Hyderabad,Indowind Energy,497,8.4,4174.8
22,23.0,2.0,18.0,1.0,0,1,Hyderabad,Jyoti Structure,597,8.4,5014.8
8,23.0,1.0,18.0,1.0,0,1,Hyderabad,L&T Transmission & Distribution,610,8.4,5124.0
23,22.0,2.0,19.0,1.0,0,1,Hyderabad,Sunil Hitech Eng,610,8.4,5124.0
6,18.0,3.0,13.0,1.0,0,1,Hyderabad,Guj Ind Power,414,8.4,3477.6000000000000
5,22.0,3.0,3.0,7.0,0,1,Hyderabad,Optibelt Power Transmission India Private Limited,414,8.4,3477.6000000000000
12,22.0,3.0,10.0,1.0,0,1,Hyderabad,Sterlite Power Transmission Ltd,451,8.4,3788.4
18,22.0,2.0,3.0,1.0,0,1,Hyderabad,Bonfiglioli Transmission Pvt. Ltd.,529,8.4,4443.6
17,23.0,2.0,16.0,1.0,0,1,Hyderabad,Neueon Towers / Sujana Towers Ltd.,734,8.4,6165.6
5,21.0,2.0,14.0,1.0,0,1,Hyderabad,Jyoti Structure,335,8.4,2814.0
21,23.0,2.0,5.0,1.0,0,1,Hyderabad,Reliance Power,629,8.4,5283.6
20,22.0,0.0,16.0,12.0,0,1,Hyderabad,NTPC Pvt. Ltd.,776,8.4,6518.400000000000
15,23.0,2.0,10.0,1.0,0,1,Hyderabad,Reliance Energy,445,8.4,3738.0
18,23.0,1.0,22.0,1.0,0,1,Hyderabad,Adani Power Ltd.,643,8.4,5401.2
16,22.0,2.0,3.0,1.0,0,1,Hyderabad,Kalpataru Power,504,8.4,4233.6
18,23.0,0.0,11.0,1.0,0,1,Hyderabad,Adani Power Ltd.,557,8.4,4678.8
15,23.0,0.0,20.0,12.0,0,1,Hyderabad,Orient Green,557,8.4,4678.8
12,23.0,3.0,10.0,1.0,0,1,Hyderabad,Bonfiglioli Transmission Pvt. Ltd.,557,8.4,4678.8
12,23.0,1.0,22.0,1.0,0,1,Hyderabad,Reliance Power,489,8.4,4107.6
18,22.0,3.0,17.0,1.0,0,1,Hyderabad,Bonfiglioli Transmission Pvt. Ltd.,743,8.4,6241.2
20,23.0,2.0,17.0,1.0,0,1,Hyderabad,Neueon Towers / Sujana Towers Ltd.,603,8.4,5065.2
19,23.0,0.0,7.0,1.0,0,1,Hyderabad,CESC,595,8.4,4998.0
6,22.0,2.0,17.0,1.0,0,1,Hyderabad,SJVN Ltd.,577,8.4,4846.8
7,18.0,0.0,21.0,1.0,0,1,Hyderabad,Sunil Hitech Eng,390,8.4,3276.0
8,21.0,2.0,13.0,1.0,0,1,Hyderabad,Jyoti Structure,390,8.4,3276.0
21,22.0,0.0,17.0,12.0,0,1,Hyderabad,Kalpataru Power,774,8.4,6501.6
7,21.0,0.0,10.0,1.0,0,1,Hyderabad,Reliance Energy,431,8.4,3620.4
22,22.0,2.0,9.0,1.0,0,1,Hyderabad,Ringfeder Power Transmission India Pvt. Ltd.,566,8.4,4754.400000000000
11,22.0,1.0,9.0,1.0,0,1,Hyderabad,Neueon Towers / Sujana Towers Ltd.,399,8.4,3351.6000000000000
10,17.0,1.0,13.0,1.0,0,1,Hyderabad,Sterlite Power Transmission Ltd,399,8.4,3351.6000000000000
14,22.0,0.0,17.0,1.0,0,1,Hyderabad,Sterlite Power Transmission Ltd,377,8.4,3166.8
11,23.0,3.0,6.0,1.0,0,1,Hyderabad,Adani Power Ltd.,389,8.4,3267.6000000000000
9,20.0,2.0,3.0,1.0,0,1,Hyderabad,Jyoti Structure,459,8.4,3855.6000000000000
11,22.0,2.0,6.0,1.0,0,1,Hyderabad,Optibelt Power Transmission India Private Limited,459,8.4,3855.6000000000000
14,23.0,0.0,16.0,1.0,0,1,Hyderabad,CESC,613,8.4,5149.2
12,22.0,0.0,7.0,1.0,0,1,Hyderabad,Reliance Power,418,8.4,3511.2000000000000
6,22.0,0.0,13.0,7.0,0,1,Hyderabad,Adani Power Ltd.,601,8.4,5048.400000000000
8,17.0,3.0,22.0,1.0,0,1,Hyderabad,Sunil Hitech Eng,423,8.4,3553.2000000000000
9,23.0,2.0,8.0,1.0,0,1,Hyderabad,Jaiprakash Power,524,8.4,4401.6
20,23.0,1.0,13.0,1.0,0,1,Hyderabad,JSW Energy Ltd.,481,8.4,4040.4
14,23.0,3.0,16.0,1.0,0,1,Hyderabad,Bonfiglioli Transmission Pvt. Ltd.,481,8.4,4040.4
5,21.0,0.0,7.0,1.0,0,1,Hyderabad,GE T&D India Limited,308,8.4,2587.2000000000000
9,19.0,1.0,19.0,1.0,0,1,Hyderabad,Toshiba Transmission & Distribution Systems (India) Pvt. Ltd.,544,8.4,4569.6
14,22.0,0.0,9.0,12.0,0,1,Hyderabad,GE T&D India Limited,544,8.4,4569.6
11,22.0,1.0,13.0,1.0,0,1,Hyderabad,Neueon Towers / Sujana Towers Ltd.,351,8.4,2948.4
20,22.0,1.0,9.0,1.0,0,1,Hyderabad,Reliance Power,506,8.4,4250.400000000000
21,23.0,1.0,22.0,1.0,0,1,Hyderabad,Sterlite Power Transmission Ltd,617,8.4,5182.8
11,23.0,2.0,16.0,1.0,0,1,Hyderabad,Sunil Hitech Eng,623,8.4,5233.2
15,23.0,3.0,21.0,1.0,0,1,Hyderabad,Reliance Energy,666,8.4,5594.400000000000
6,22.0,1.0,7.0,1.0,0,1,Hyderabad,Bonfiglioli Transmission Pvt. Ltd.,419,8.4,3519.6000000000000
14,22.0,0.0,17.0,1.0,0,1,Hyderabad,Jyoti Structure,562,8.4,4720.8
21,22.0,3.0,7.0,1.0,0,1,Hyderabad,Jaiprakash Power,639,8.4,5367.6
5,18.0,0.0,18.0,1.0,0,1,Hyderabad,Optibelt Power Transmission India Private Limited,373,8.4,3133.2000000000000
11,22.0,3.0,6.0,1.0,0,1,Hyderabad,KEC International,373,8.4,3133.2000000000000
8,19.0,2.0,18.0,7.0,0,1,Hyderabad,Jaiprakash Power,509,8.4,4275.6
5,17.0,2.0,3.0,1.0,0,1,Hyderabad,Ringfeder Power Transmission India Pvt. Ltd.,297,8.4,2494.8
19,22.0,0.0,17.0,1.0,0,1,Hyderabad,Power Grid Corp,515,8.4,4326.0
9,21.0,2.0,21.0,1.0,0,1,Hyderabad,Torrent Power Ltd.,634,8.4,5325.6
11,22.0,3.0,6.0,1.0,0,1,Hyderabad,"Maha Transco – Maharashtra State Electricity Transmission Co, Ltd.",424,8.4,3561.6000000000000
10,20.0,1.0,18.0,1.0,0,1,Hyderabad,Optibelt Power Transmission India Private Limited,458,8.4,3847.2000000000000
20,23.0,3.0,13.0,1.0,0,1,Hyderabad,Toshiba Transmission & Distribution Systems (India) Pvt. Ltd.,520,8.4,4368.0
13,23.0,0.0,16.0,1.0,0,1,Hyderabad,Sterlite Power Transmission Ltd,555,8.4,4662.0
20,23.0,0.0,17.0,1.0,0,1,Hyderabad,Bonfiglioli Transmission Pvt. Ltd.,580,8.4,4872.0
22,23.0,1.0,17.0,1.0,0,1,Hyderabad,Power Grid Corp,651,8.4,5468.400000000000
17,23.0,3.0,19.0,12.0,0,1,Hyderabad,Unitech Power Transmission Ltd.,757,8.4,6358.8
9,21.0,1.0,9.0,1.0,0,1,Hyderabad,"Maha Transco – Maharashtra State Electricity Transmission Co, Ltd.",362,8.4,3040.8
11,22.0,1.0,22.0,12.0,0,1,Hyderabad,Kalpataru Power,711,8.4,5972.400000000000
20,22.0,2.0,14.0,1.0,0,1,Hyderabad,JSW Energy Ltd.,446,8.4,3746.4
6,17.0,3.0,7.0,1.0,0,1,Hyderabad,"Maha Transco – Maharashtra State Electricity Transmission Co, Ltd.",446,8.4,3746.4
12,23.0,0.0,5.0,12.0,0,1,Hyderabad,Tata Power Company Ltd.,379,8.4,3183.6
23,23.0,2.0,10.0,1.0,0,1,Hyderabad,Unitech Power Transmission Ltd.,618,8.4,5191.2
21,22.0,2.0,21.0,12.0,0,1,Hyderabad,L&T Transmission & Distribution,845,8.4,7098.0
5,23.0,3.0,20.0,1.0,0,1,Hyderabad,Torrent Power Ltd.,486,8.4,4082.4
7,20.0,3.0,22.0,1.0,0,1,Hyderabad,TransRail Lighting,537,8.4,4510.8
21,23.0,2.0,17.0,1.0,0,1,Hyderabad,Toshiba Transmission & Distribution Systems (India) Pvt. Ltd.,626,8.4,5258.400000000000
13,23.0,0.0,15.0,1.0,0,1,Hyderabad,Guj Ind Power,535,8.4,4494.0
17,22.0,0.0,11.0,1.0,0,1,Hyderabad,Unitech Power Transmission Ltd.,341,8.4,2864.4
11,23.0,3.0,3.0,1.0,0,1,Hyderabad,JSW Energy Ltd.,404,8.4,3393.6000000000000
19,23.0,1.0,12.0,1.0,0,1,Hyderabad,Power Grid Corp,441,8.4,3704.4
14,22.0,1.0,18.0,1.0,0,1,Hyderabad,Reliance Power,644,8.4,5409.6
15,23.0,2.0,4.0,1.0,0,1,Hyderabad,KEC International,559,8.4,4695.6
15,22.0,3.0,8.0,1.0,0,1,Hyderabad,KEC International,468,8.4,3931.2000000000000
9,17.0,1.0,8.0,1.0,0,1,Hyderabad,NTPC Pvt. Ltd.,286,8.4,2402.4
18,22.0,2.0,13.0,12.0,0,1,Hyderabad,Torrent Power Ltd.,690,8.4,5796.0
23,22.0,1.0,3.0,1.0,0,1,Hyderabad,KEC International,395,8.4,3318.0
12,23.0,3.0,14.0,12.0,0,1,Nagpur,Orient Green,553,8.9,4921.7
21,23.0,2.0,3.0,1.0,0,1,Nagpur,NHPC,528,8.9,4699.2
13,23.0,2.0,6.0,1.0,0,1,Nagpur,NLC India,616,8.9,5482.400000000000
10,17.0,0.0,15.0,7.0,0,1,Nagpur,GE T&D India Limited,380,8.9,3382.0
18,23.0,2.0,3.0,1.0,0,1,Nagpur,Adani Power Ltd.,532,8.9,4734.8
5,22.0,3.0,18.0,1.0,0,1,Nagpur,Reliance Power,486,8.9,4325.400000000000
16,23.0,0.0,9.0,12.0,0,1,Nagpur,Unitech Power Transmission Ltd.,672,8.9,5980.8
12,23.0,2.0,11.0,1.0,0,1,Nagpur,Jaiprakash Power,588,8.9,5233.2
17,23.0,2.0,13.0,12.0,0,1,Nagpur,Reliance Energy,552,8.9,4912.8
15,23.0,2.0,7.0,1.0,0,1,Nagpur,NTPC Pvt. Ltd.,389,8.9,3462.1000000000000
21,22.0,0.0,3.0,1.0,0,1,Nagpur,SJVN Ltd.,389,8.9,3462.1000000000000
11,23.0,3.0,20.0,1.0,0,1,Nagpur,Unitech Power Transmission Ltd.,648,8.9,5767.2
21,22.0,2.0,12.0,1.0,0,1,Nagpur,Bonfiglioli Transmission Pvt. Ltd.,700,8.9,6230.0
13,23.0,0.0,6.0,12.0,0,1,Nagpur,NLC India,612,8.9,5446.8
15,23.0,3.0,8.0,12.0,0,1,Nagpur,Torrent Power Ltd.,554,8.9,4930.6
5,22.0,2.0,19.0,1.0,0,1,Nagpur,Power Grid Corp,651,8.9,5793.900000000000
13,22.0,0.0,10.0,12.0,0,1,Nagpur,SJVN Ltd.,449,8.9,3996.1000000000000
14,22.0,1.0,18.0,1.0,0,1,Nagpur,CESC,449,8.9,3996.1000000000000
11,22.0,0.0,4.0,12.0,0,1,Nagpur,NLC India,596,8.9,5304.400000000000
21,23.0,0.0,12.0,1.0,0,1,Nagpur,Toshiba Transmission & Distribution Systems (India) Pvt. Ltd.,463,8.9,4120.7
13,23.0,2.0,11.0,1.0,0,1,Nagpur,NLC India,396,8.9,3524.4
9,19.0,2.0,10.0,1.0,0,1,Nagpur,Neueon Towers / Sujana Towers Ltd.,431,8.9,3835.9
14,22.0,3.0,3.0,1.0,0,1,Nagpur,NTPC Pvt. Ltd.,577,8.9,5135.3
19,23.0,0.0,22.0,12.0,0,1,Nagpur,JSW Energy Ltd.,577,8.9,5135.3
14,23.0,0.0,10.0,1.0,0,1,Nagpur,Ringfeder Power Transmission India Pvt. Ltd.,506,8.9,4503.400000000000
15,23.0,2.0,3.0,1.0,0,1,Nagpur,L&T Transmission & Distribution,506,8.9,4503.400000000000
20,23.0,1.0,18.0,1.0,0,1,Nagpur,Neueon Towers / Sujana Towers Ltd.,506,8.9,4503.400000000000
19,22.0,1.0,20.0,1.0,0,1,Nagpur,NHPC,587,8.9,5224.3
5,18.0,0.0,4.0,1.0,0,1,Nagpur,Jaiprakash Power,144,8.9,1281.6000000000000
6,23.0,3.0,18.0,1.0,0,1,Nagpur,TransRail Lighting,631,8.9,5615.900000000000
22,22.0,1.0,7.0,12.0,0,1,Nagpur,JSW Energy Ltd.,631,8.9,5615.900000000000
18,23.0,1.0,9.0,1.0,0,1,Nagpur,Ringfeder Power Transmission India Pvt. Ltd.,411,8.9,3657.9
15,22.0,2.0,9.0,1.0,0,1,Nagpur,Neueon Towers / Sujana Towers Ltd.,411,8.9,3657.9
17,23.0,1.0,4.0,1.0,0,1,Nagpur,NTPC Pvt. Ltd.,411,8.9,3657.9
17,22.0,3.0,18.0,1.0,0,1,Nagpur,KEC International,691,8.9,6149.900000000000
21,22.0,3.0,13.0,1.0,0,1,Nagpur,Tata Power Company Ltd.,691,8.9,6149.900000000000
21,23.0,3.0,7.0,1.0,0,1,Nagpur,Reliance Power,598,8.9,5322.2
13,22.0,3.0,7.0,12.0,0,1,Nagpur,NHPC,598,8.9,5322.2
14,22.0,2.0,19.0,12.0,0,1,Nagpur,Neueon Towers / Sujana Towers Ltd.,743,8.9,6612.7
18,23.0,3.0,15.0,1.0,0,1,Nagpur,SJVN Ltd.,721,8.9,6416.900000000000
5,18.0,0.0,9.0,1.0,0,1,Nagpur,NLC India,247,8.9,2198.3
23,22.0,3.0,16.0,1.0,0,1,Nagpur,Toshiba Transmission & Distribution Systems (India) Pvt. Ltd.,605,8.9,5384.5
13,23.0,3.0,10.0,12.0,0,1,Nagpur,Neueon Towers / Sujana Towers Ltd.,605,8.9,5384.5
12,23.0,0.0,18.0,1.0,0,1,Nagpur,Neueon Towers / Sujana Towers Ltd.,633,8.9,5633.7
11,22.0,0.0,20.0,1.0,0,1,Nagpur,Adani Power Ltd.,461,8.9,4102.900000000000
20,23.0,0.0,17.0,1.0,0,1,Nagpur,SJVN Ltd.,608,8.9,5411.2
7,19.0,2.0,9.0,1.0,0,1,Nagpur,Tata Power Company Ltd.,526,8.9,4681.400000000000
9,23.0,1.0,17.0,1.0,0,1,Nagpur,KEC International,425,8.9,3782.5
16,23.0,2.0,9.0,1.0,0,1,Nagpur,NHPC,425,8.9,3782.5
14,22.0,0.0,16.0,1.0,0,1,Nagpur,Sunil Hitech Eng,611,8.9,5437.900000000000
15,23.0,0.0,7.0,12.0,0,1,Nagpur,TransRail Lighting,611,8.9,5437.900000000000
6,18.0,3.0,18.0,7.0,0,1,Nagpur,CESC,434,8.9,3862.6000000000000
19,22.0,3.0,10.0,1.0,0,1,Nagpur,Orient Green,454,8.9,4040.6000000000000
7,20.0,3.0,4.0,1.0,0,1,Nagpur,Ringfeder Power Transmission India Pvt. Ltd.,276,8.9,2456.4
16,22.0,3.0,8.0,1.0,0,1,Nagpur,Neueon Towers / Sujana Towers Ltd.,476,8.9,4236.400000000000
8,22.0,0.0,8.0,1.0,0,1,Nagpur,Adani Power Ltd.,299,8.9,2661.1
13,22.0,1.0,8.0,1.0,0,1,Nagpur,NHPC,323,8.9,2874.7000000000000
7,23.0,0.0,15.0,7.0,0,1,Nagpur,Sunil Hitech Eng,504,8.9,4485.6
16,22.0,0.0,8.0,12.0,0,1,Nagpur,TransRail Lighting,583,8.9,5188.7
11,22.0,2.0,5.0,1.0,0,1,Nagpur,Toshiba Transmission & Distribution Systems (India) Pvt. Ltd.,343,8.9,3052.7000000000000
11,23.0,3.0,14.0,1.0,0,1,Nagpur,Neueon Towers / Sujana Towers Ltd.,488,8.9,4343.2
17,22.0,3.0,17.0,1.0,0,1,Nagpur,Adani Power Ltd.,488,8.9,4343.2
14,23.0,1.0,19.0,1.0,0,1,Nagpur,Power Grid Corp,710,8.9,6319.0
22,23.0,0.0,18.0,1.0,0,1,Nagpur,Tata Power Company Ltd.,551,8.9,4903.900000000000
7,17.0,3.0,9.0,1.0,0,1,Nagpur,Ratnagiri Gas and Power Pvt. Ltd. (RGPPL),410,8.9,3649.0
7,22.0,3.0,19.0,1.0,0,1,Nagpur,Orient Green,664,8.9,5909.6
22,23.0,2.0,9.0,1.0,0,1,Nagpur,L&T Transmission & Distribution,664,8.9,5909.6
23,23.0,3.0,9.0,1.0,0,1,Nagpur,JSW Energy Ltd.,513,8.9,4565.7
17,23.0,2.0,22.0,1.0,0,1,Nagpur,TransRail Lighting,513,8.9,4565.7
18,22.0,3.0,3.0,12.0,0,1,Nagpur,Torrent Power Ltd.,513,8.9,4565.7
6,21.0,0.0,3.0,1.0,0,1,Nagpur,L&T Transmission & Distribution,307,8.9,2732.3
7,21.0,1.0,9.0,1.0,0,1,Nagpur,JSW Energy Ltd.,307,8.9,2732.3
17,23.0,1.0,19.0,1.0,0,1,Nagpur,Jyoti Structure,522,8.9,4645.8
11,23.0,0.0,22.0,1.0,0,1,Nagpur,Guj Ind Power,456,8.9,4058.4
11,22.0,0.0,6.0,12.0,0,1,Nagpur,"Maha Transco – Maharashtra State Electricity Transmission Co, Ltd.",385,8.9,3426.5
7,19.0,1.0,4.0,7.0,0,1,Nagpur,Optibelt Power Transmission India Private Limited,518,8.9,4610.2
19,23.0,1.0,9.0,1.0,0,1,Nagpur,Ratnagiri Gas and Power Pvt. Ltd. (RGPPL),593,8.9,5277.7
8,21.0,2.0,19.0,1.0,0,1,Nagpur,Tata Power Company Ltd.,542,8.9,4823.8
14,22.0,3.0,18.0,12.0,0,1,Nagpur,"Maha Transco – Maharashtra State Electricity Transmission Co, Ltd.",806,8.9,7173.400000000000
13,22.0,2.0,19.0,1.0,0,1,Nagpur,Unitech Power Transmission Ltd.,668,8.9,5945.2
19,23.0,2.0,19.0,1.0,0,1,Nagpur,NTPC Pvt. Ltd.,696,8.9,6194.400000000000
18,22.0,0.0,20.0,1.0,0,1,Nagpur,TransRail Lighting,696,8.9,6194.400000000000
12,23.0,3.0,21.0,1.0,0,1,Nagpur,TransRail Lighting,561,8.9,4992.900000000000
7,18.0,0.0,13.0,1.0,0,1,Nagpur,Sunil Hitech Eng,258,8.9,2296.2000000000000
6,19.0,0.0,10.0,7.0,0,1,Nagpur,SJVN Ltd.,277,8.9,2465.3
9,17.0,2.0,12.0,1.0,0,1,Nagpur,Toshiba Transmission & Distribution Systems (India) Pvt. Ltd.,423,8.9,3764.7000000000000
13,23.0,3.0,11.0,1.0,0,1,Nagpur,SJVN Ltd.,609,8.9,5420.1
8,18.0,2.0,14.0,1.0,0,1,Nagpur,Tata Power Company Ltd.,475,8.9,4227.5
14,23.0,3.0,4.0,1.0,0,1,Nagpur,Guj Ind Power,594,8.9,5286.6
20,23.0,2.0,10.0,1.0,0,1,Nagpur,Power Grid Corp,594,8.9,5286.6
10,23.0,1.0,4.0,7.0,0,1,Nagpur,KEC International,594,8.9,5286.6
5,18.0,1.0,22.0,1.0,0,1,Nagpur,Ringfeder Power Transmission India Pvt. Ltd.,350,8.9,3115.0
14,22.0,0.0,5.0,1.0,0,1,Nagpur,Power Grid Corp,441,8.9,3924.9
18,23.0,1.0,19.0,1.0,0,1,Nagpur,Jyoti Structure,625,8.9,5562.5
17,23.0,1.0,12.0,1.0,0,1,Nagpur,Sterlite Power Transmission Ltd,574,8.9,5108.6
20,23.0,0.0,18.0,12.0,0,1,Nagpur,Bonfiglioli Transmission Pvt. Ltd.,799,8.9,7111.1
12,23.0,0.0,3.0,1.0,0,1,Nagpur,CESC,494,8.9,4396.6
19,22.0,2.0,9.0,1.0,0,1,Nagpur,Toshiba Transmission & Distribution Systems (India) Pvt. Ltd.,464,8.9,4129.6
8,17.0,2.0,18.0,1.0,0,1,Nagpur,NHPC,448,8.9,3987.2000000000000
18,23.0,2.0,22.0,1.0,0,1,Nagpur,Kalpataru Power,676,8.9,6016.400000000000
21,22.0,3.0,15.0,1.0,0,1,Nagpur,SJVN Ltd.,558,8.9,4966.2
13,22.0,3.0,6.0,1.0,0,1,Nagpur,"Maha Transco – Maharashtra State Electricity Transmission Co, Ltd.",428,8.9,3809.2000000000000
6,21.0,1.0,5.0,1.0,0,1,Nagpur,Jyoti Structure,428,8.9,3809.2000000000000
10,19.0,2.0,11.0,1.0,0,1,Nagpur,NHPC,306,8.9,2723.4
7,21.0,1.0,6.0,1.0,0,1,Nagpur,Toshiba Transmission & Distribution Systems (India) Pvt. Ltd.,492,8.9,4378.8
15,22.0,0.0,4.0,1.0,0,1,Nagpur,Jaiprakash Power,383,8.9,3408.7000000000000
23,22.0,0.0,9.0,1.0,0,1,Nagpur,L&T Transmission & Distribution,383,8.9,3408.7000000000000
9,23.0,3.0,8.0,1.0,0,1,Nagpur,TransRail Lighting,443,8.9,3942.7000000000000
20,23.0,2.0,13.0,1.0,0,1,Nagpur,SJVN Ltd.,689,8.9,6132.1
7,18.0,1.0,5.0,7.0,0,1,Nagpur,Ratnagiri Gas and Power Pvt. Ltd. (RGPPL),265,8.9,2358.5
17,22.0,3.0,11.0,12.0,0,1,Nagpur,TransRail Lighting,695,8.9,6185.5
23,23.0,1.0,13.0,1.0,0,1,Nagpur,NHPC,695,8.9,6185.5
19,23.0,2.0,10.0,1.0,0,1,Nagpur,Sunil Hitech Eng,455,8.9,4049.5
14,23.0,1.0,14.0,1.0,0,1,Nagpur,Ringfeder Power Transmission India Pvt. Ltd.,481,8.9,4280.900000000000
20,23.0,3.0,7.0,1.0,0,1,Nagpur,Sterlite Power Transmission Ltd,481,8.9,4280.900000000000
23,22.0,2.0,9.0,1.0,0,1,Nagpur,TransRail Lighting,481,8.9,4280.900000000000
22,23.0,2.0,14.0,1.0,0,1,Nagpur,Guj Ind Power,571,8.9,5081.900000000000
14,23.0,2.0,7.0,1.0,0,1,Nagpur,Sunil Hitech Eng,607,8.9,5402.3
7,19.0,3.0,22.0,1.0,0,1,Nagpur,SJVN Ltd.,636,8.9,5660.400000000000
19,23.0,1.0,21.0,1.0,0,1,Nagpur,TransRail Lighting,540,8.9,4806.0
11,23.0,1.0,13.0,1.0,0,1,Nagpur,Sterlite Power Transmission Ltd,540,8.9,4806.0
8,20.0,1.0,6.0,7.0,0,1,Nagpur,CESC,459,8.9,4085.1000000000000
15,22.0,3.0,11.0,1.0,0,1,Nagpur,Sunil Hitech Eng,539,8.9,4797.1
21,22.0,1.0,19.0,1.0,0,1,Nagpur,GE T&D India Limited,536,8.9,4770.400000000000
22,23.0,0.0,21.0,1.0,0,1,Nagpur,NLC India,591,8.9,5259.900000000000
12,23.0,2.0,4.0,1.0,0,1,Nagpur,Unitech Power Transmission Ltd.,591,8.9,5259.900000000000
15,22.0,0.0,11.0,1.0,0,1,Nagpur,Power Grid Corp,591,8.9,5259.900000000000
23,23.0,1.0,4.0,1.0,0,1,Nagpur,Reliance Energy,439,8.9,3907.1000000000000
18,22.0,2.0,8.0,1.0,0,1,Nagpur,L&T Transmission & Distribution,439,8.9,3907.1000000000000
13,23.0,3.0,18.0,12.0,0,1,Nagpur,Sterlite Power Transmission Ltd,699,8.9,6221.1
19,23.0,0.0,6.0,1.0,0,1,Nagpur,Kalpataru Power,326,8.9,2901.4
5,18.0,1.0,6.0,1.0,0,1,Nagpur,Reliance Energy,326,8.9,2901.4
9,18.0,0.0,12.0,1.0,0,1,Nagpur,SJVN Ltd.,360,8.9,3204.0
23,22.0,1.0,4.0,1.0,0,1,Nagpur,CESC,360,8.9,3204.0
22,22.0,1.0,12.0,1.0,0,1,Nagpur,JSW Energy Ltd.,442,8.9,3933.8
18,22.0,1.0,19.0,1.0,0,1,Nagpur,Jyoti Structure,601,8.9,5348.900000000000
17,22.0,0.0,10.0,12.0,0,1,Nagpur,Sterlite Power Transmission Ltd,618,8.9,5500.2
18,22.0,2.0,13.0,12.0,0,1,Nagpur,Ringfeder Power Transmission India Pvt. Ltd.,725,8.9,6452.5
22,23.0,1.0,21.0,1.0,0,1,Nagpur,JSW Energy Ltd.,575,8.9,5117.5
15,23.0,0.0,20.0,1.0,0,1,Nagpur,Tata Power Company Ltd.,497,8.9,4423.3
19,22.0,2.0,13.0,1.0,0,1,Nagpur,Kalpataru Power,497,8.9,4423.3
21,23.0,1.0,22.0,1.0,0,1,Nagpur,Sterlite Power Transmission Ltd,702,8.9,6247.8
15,22.0,2.0,7.0,1.0,0,1,Nagpur,Power Grid Corp,424,8.9,3773.6000000000000
7,19.0,1.0,8.0,1.0,0,1,Nagpur,Tata Power Company Ltd.,293,8.9,2607.7000000000000
21,23.0,0.0,7.0,1.0,0,1,Nagpur,NTPC Pvt. Ltd.,527,8.9,4690.3
21,23.0,1.0,12.0,1.0,0,1,Nagpur,Unitech Power Transmission Ltd.,515,8.9,4583.5
13,22.0,1.0,16.0,1.0,0,1,Nagpur,"Maha Transco – Maharashtra State Electricity Transmission Co, Ltd.",413,8.9,3675.7000000000000
5,21.0,3.0,7.0,1.0,0,1,Nagpur,Sterlite Power Transmission Ltd,413,8.9,3675.7000000000000
19,23.0,1.0,11.0,1.0,0,1,Nagpur,Torrent Power Ltd.,413,8.9,3675.7000000000000
13,22.0,3.0,8.0,1.0,0,1,Nagpur,Orient Green,413,8.9,3675.7000000000000
22,22.0,2.0,19.0,1.0,0,1,Nagpur,Optibelt Power Transmission India Private Limited,680,8.9,6052.0
22,22.0,1.0,5.0,12.0,0,1,Nagpur,Unitech Power Transmission Ltd.,469,8.9,4174.1
19,22.0,3.0,18.0,12.0,0,1,Nagpur,Sterlite Power Transmission Ltd,794,8.9,7066.6
23,23.0,3.0,15.0,1.0,0,1,Nagpur,Sterlite Power Transmission Ltd,793,8.9,7057.700000000000
22,23.0,3.0,12.0,1.0,0,1,Nagpur,Optibelt Power Transmission India Private Limited,614,8.9,5464.6
19,22.0,0.0,11.0,1.0,0,1,Nagpur,Guj Ind Power,398,8.9,3542.2000000000000
7,19.0,0.0,8.0,1.0,0,1,Nagpur,Sunil Hitech Eng,358,8.9,3186.2000000000000
18,22.0,1.0,8.0,1.0,0,1,Nagpur,JSW Energy Ltd.,484,8.9,4307.6
16,22.0,1.0,17.0,1.0,0,1,Nagpur,Orient Green,629,8.9,5598.1
9,20.0,2.0,11.0,1.0,0,1,Nagpur,Sterlite Power Transmission Ltd,512,8.9,4556.8
16,23.0,1.0,3.0,1.0,0,1,Nagpur,NTPC Pvt. Ltd.,327,8.9,2910.3
15,23.0,0.0,4.0,1.0,0,1,Nagpur,Torrent Power Ltd.,386,8.9,3435.4
16,23.0,0.0,6.0,1.0,0,1,Nagpur,Unitech Power Transmission Ltd.,444,8.9,3951.6000000000000
23,23.0,3.0,16.0,1.0,0,1,Nagpur,Reliance Power,784,8.9,6977.6
21,23.0,0.0,8.0,12.0,0,1,Nagpur,GE T&D India Limited,530,8.9,4717.0
8,21.0,1.0,22.0,1.0,0,1,Nagpur,NLC India,530,8.9,4717.0
9,18.0,0.0,21.0,1.0,0,1,Nagpur,Tata Power Company Ltd.,345,8.9,3070.5
15,22.0,0.0,5.0,1.0,0,1,Nagpur,Neueon Towers / Sujana Towers Ltd.,338,8.9,3008.2000000000000
6,18.0,1.0,9.0,1.0,0,1,Nagpur,Jaiprakash Power,251,8.9,2233.9
6,22.0,2.0,6.0,1.0,0,1,Nagpur,L&T Transmission & Distribution,321,8.9,2856.9
13,22.0,0.0,15.0,12.0,0,1,Nagpur,SJVN Ltd.,493,8.9,4387.7
14,23.0,3.0,3.0,12.0,0,1,Nagpur,NTPC Pvt. Ltd.,708,8.9,6301.2
6,23.0,2.0,5.0,7.0,0,1,Nagpur,NLC India,550,8.9,4895.0
6,22.0,3.0,11.0,1.0,0,1,Nagpur,NTPC Pvt. Ltd.,592,8.9,5268.8
13,22.0,3.0,17.0,1.0,0,1,Nagpur,NTPC Pvt. Ltd.,592,8.9,5268.8
17,23.0,3.0,19.0,1.0,0,1,Nagpur,Reliance Power,592,8.9,5268.8
16,22.0,3.0,10.0,1.0,0,1,Nagpur,Neueon Towers / Sujana Towers Ltd.,654,8.9,5820.6
5,17.0,0.0,11.0,1.0,0,1,Nagpur,Indowind Energy,446,8.9,3969.4
20,22.0,1.0,17.0,1.0,0,1,Nagpur,GE T&D India Limited,445,8.9,3960.5
9,19.0,2.0,17.0,7.0,0,1,Nagpur,Guj Ind Power,503,8.9,4476.7
11,23.0,1.0,19.0,1.0,0,1,Nagpur,Ringfeder Power Transmission India Pvt. Ltd.,503,8.9,4476.7
17,23.0,2.0,21.0,1.0,0,1,Nagpur,"Maha Transco – Maharashtra State Electricity Transmission Co, Ltd.",720,8.9,6408.0
7,21.0,0.0,10.0,1.0,0,1,Nagpur,CESC,284,8.9,2527.6
12,22.0,1.0,20.0,12.0,0,1,Nagpur,KEC International,781,8.9,6950.900000000000
16,22.0,3.0,12.0,1.0,0,1,Nagpur,Guj Ind Power,622,8.9,5535.8
8,20.0,0.0,19.0,1.0,0,1,Nagpur,Ringfeder Power Transmission India Pvt. Ltd.,529,8.9,4708.1
10,17.0,3.0,4.0,1.0,0,1,Nagpur,Reliance Power,480,8.9,4272.0
22,22.0,0.0,13.0,1.0,0,1,Nagpur,Ratnagiri Gas and Power Pvt. Ltd. (RGPPL),623,8.9,5544.7
6,23.0,3.0,11.0,1.0,0,1,Nagpur,Optibelt Power Transmission India Private Limited,505,8.9,4494.5
8,18.0,1.0,16.0,1.0,0,1,Nagpur,TransRail Lighting,375,8.9,3337.5
6,18.0,1.0,5.0,1.0,0,1,Nagpur,Bonfiglioli Transmission Pvt. Ltd.,230,8.9,2047.0
9,22.0,3.0,3.0,7.0,0,1,Nagpur,KEC International,610,8.9,5429.0
16,23.0,1.0,21.0,1.0,0,1,Nagpur,Optibelt Power Transmission India Private Limited,502,8.9,4467.8
20,22.0,2.0,21.0,1.0,0,1,Nagpur,Unitech Power Transmission Ltd.,565,8.9,5028.5
23,22.0,2.0,13.0,1.0,0,1,Nagpur,Bonfiglioli Transmission Pvt. Ltd.,617,8.9,5491.3
22,23.0,2.0,9.0,1.0,0,1,Nagpur,Guj Ind Power,467,8.9,4156.3
7,21.0,1.0,10.0,7.0,0,1,Nagpur,Guj Ind Power,460,8.9,4094.0
15,23.0,0.0,14.0,1.0,0,1,Nagpur,Neueon Towers / Sujana Towers Ltd.,453,8.9,4031.7000000000000
17,22.0,3.0,20.0,1.0,0,1,Nagpur,Adani Power Ltd.,763,8.9,6790.7
8,22.0,3.0,3.0,1.0,0,1,Nagpur,TransRail Lighting,302,8.9,2687.8
23,22.0,1.0,7.0,1.0,0,1,Nagpur,Ringfeder Power Transmission India Pvt. Ltd.,635,8.9,5651.5
20,23.0,3.0,9.0,1.0,0,1,Nagpur,NHPC,509,8.9,4530.1
23,23.0,1.0,4.0,1.0,0,1,Nagpur,Adani Power Ltd.,355,8.9,3159.5
9,18.0,2.0,15.0,1.0,0,1,Nagpur,Power Grid Corp,465,8.9,4138.5
22,22.0,0.0,13.0,1.0,0,1,Nagpur,TransRail Lighting,429,8.9,3818.1000000000000
14,22.0,3.0,9.0,12.0,0,1,Nagpur,Ratnagiri Gas and Power Pvt. Ltd. (RGPPL),732,8.9,6514.8
23,22.0,1.0,11.0,1.0,0,1,Nagpur,Tata Power Company Ltd.,426,8.9,3791.4
20,22.0,3.0,6.0,1.0,0,1,Nagpur,"Maha Transco – Maharashtra State Electricity Transmission Co, Ltd.",416,8.9,3702.4
19,22.0,1.0,15.0,1.0,0,1,Nagpur,Ringfeder Power Transmission India Pvt. Ltd.,655,8.9,5829.5
20,23.0,0.0,21.0,1.0,0,1,Nagpur,JSW Energy Ltd.,473,8.9,4209.7
14,22.0,1.0,19.0,12.0,0,1,Nagpur,Ratnagiri Gas and Power Pvt. Ltd. (RGPPL),717,8.9,6381.3
8,17.0,3.0,6.0,1.0,0,1,Nagpur,Optibelt Power Transmission India Private Limited,377,8.9,3355.3
8,22.0,1.0,9.0,1.0,0,1,Nagpur,KEC International,399,8.9,3551.1000000000000
14,23.0,3.0,4.0,1.0,0,1,Nagpur,SJVN Ltd.,563,8.9,5010.7
11,23.0,1.0,14.0,1.0,0,1,Nagpur,Kalpataru Power,646,8.9,5749.400000000000
22,23.0,0.0,18.0,1.0,0,1,Nagpur,Kalpataru Power,641,8.9,5704.900000000000
6,23.0,2.0,15.0,7.0,0,1,Nagpur,CESC,590,8.9,5251.0
13,22.0,3.0,12.0,1.0,0,1,Nagpur,Ratnagiri Gas and Power Pvt. Ltd. (RGPPL),521,8.9,4636.900000000000
14,22.0,2.0,15.0,1.0,0,1,Nagpur,KEC International,521,8.9,4636.900000000000
22,23.0,3.0,10.0,1.0,0,1,Nagpur,Optibelt Power Transmission India Private Limited,501,8.9,4458.900000000000
21,23.0,1.0,21.0,1.0,0,1,Nagpur,Optibelt Power Transmission India Private Limited,660,8.9,5874.0
8,19.0,2.0,15.0,1.0,0,1,Nagpur,Kalpataru Power,407,8.9,3622.3
5,21.0,1.0,11.0,7.0,0,1,Nagpur,Unitech Power Transmission Ltd.,570,8.9,5073.0
19,22.0,0.0,8.0,1.0,0,1,Nagpur,Unitech Power Transmission Ltd.,485,8.9,4316.5
12,22.0,0.0,12.0,1.0,0,1,Nagpur,Ringfeder Power Transmission India Pvt. Ltd.,549,8.9,4886.1
22,23.0,3.0,7.0,12.0,0,1,Nagpur,Jyoti Structure,582,8.9,5179.8
18,23.0,2.0,7.0,1.0,0,1,Nagpur,Optibelt Power Transmission India Private Limited,630,8.9,5607.0
20,22.0,3.0,16.0,12.0,0,1,Nagpur,Kalpataru Power,694,8.9,6176.6
11,23.0,1.0,12.0,1.0,0,1,Nagpur,L&T Transmission & Distribution,514,8.9,4574.6
21,23.0,0.0,20.0,1.0,0,1,Nagpur,Kalpataru Power,642,8.9,5713.8
18,23.0,1.0,12.0,12.0,0,1,Mumbai,Sunil Hitech Eng,553,9.2,5087.600000000000
17,23.0,2.0,5.0,1.0,0,1,Mumbai,NHPC,553,9.2,5087.600000000000
16,22.0,1.0,7.0,1.0,0,1,Mumbai,NLC India,352,9.2,3238.4000000000000
23,22.0,0.0,9.0,1.0,0,1,Mumbai,L&T Transmission & Distribution,418,9.2,3845.6
16,22.0,2.0,8.0,1.0,0,1,Mumbai,TransRail Lighting,484,9.2,4452.800000000000
8,17.0,1.0,3.0,1.0,0,1,Mumbai,GE T&D India Limited,264,9.2,2428.8000000000000
15,22.0,1.0,19.0,12.0,0,1,Mumbai,L&T Transmission & Distribution,594,9.2,5464.800000000000
18,23.0,1.0,5.0,12.0,0,1,Mumbai,NLC India,594,9.2,5464.800000000000
13,23.0,2.0,19.0,1.0,0,1,Mumbai,KEC International,660,9.2,6072.000000000000
7,23.0,3.0,21.0,1.0,0,1,Mumbai,Tata Power Company Ltd.,513,9.2,4719.600000000000
9,17.0,2.0,12.0,1.0,0,1,Mumbai,Ringfeder Power Transmission India Pvt. Ltd.,361,9.2,3321.2
23,23.0,0.0,8.0,12.0,0,1,Mumbai,Toshiba Transmission & Distribution Systems (India) Pvt. Ltd.,672,9.2,6182.4
17,23.0,3.0,12.0,12.0,0,1,Mumbai,Indowind Energy,777,9.2,7148.4
12,23.0,1.0,9.0,1.0,0,1,Mumbai,JSW Energy Ltd.,441,9.2,4057.2
8,19.0,2.0,9.0,1.0,0,1,Mumbai,NHPC,441,9.2,4057.2
10,23.0,3.0,18.0,1.0,0,1,Mumbai,Neueon Towers / Sujana Towers Ltd.,483,9.2,4443.600000000000
5,23.0,3.0,15.0,7.0,0,1,Mumbai,Torrent Power Ltd.,483,9.2,4443.600000000000
5,19.0,2.0,7.0,1.0,0,1,Mumbai,Reliance Power,483,9.2,4443.600000000000
10,19.0,2.0,11.0,1.0,0,1,Mumbai,Ratnagiri Gas and Power Pvt. Ltd. (RGPPL),462,9.2,4250.4
12,23.0,0.0,15.0,1.0,0,1,Mumbai,Torrent Power Ltd.,462,9.2,4250.4
22,23.0,2.0,5.0,1.0,0,1,Mumbai,Ringfeder Power Transmission India Pvt. Ltd.,435,9.2,4002.0000000000000
6,22.0,3.0,10.0,1.0,0,1,Mumbai,"Maha Transco – Maharashtra State Electricity Transmission Co, Ltd.",437,9.2,4020.4000000000000
5,18.0,0.0,20.0,1.0,0,1,Mumbai,CESC,488,9.2,4489.600000000000
20,23.0,2.0,16.0,1.0,0,1,Mumbai,CESC,488,9.2,4489.600000000000
6,23.0,0.0,12.0,1.0,0,1,Mumbai,Ratnagiri Gas and Power Pvt. Ltd. (RGPPL),321,9.2,2953.2
17,23.0,1.0,17.0,1.0,0,1,Mumbai,KEC International,618,9.2,5685.600000000000
17,22.0,0.0,15.0,1.0,0,1,Mumbai,L&T Transmission & Distribution,618,9.2,5685.600000000000
8,20.0,0.0,22.0,7.0,0,1,Mumbai,Jyoti Structure,614,9.2,5648.800000000000
5,23.0,0.0,11.0,1.0,0,1,Mumbai,Bonfiglioli Transmission Pvt. Ltd.,481,9.2,4425.2
23,22.0,2.0,16.0,1.0,0,1,Mumbai,Neueon Towers / Sujana Towers Ltd.,621,9.2,5713.2
7,23.0,3.0,4.0,1.0,0,1,Mumbai,Reliance Energy,571,9.2,5253.2
7,22.0,2.0,10.0,1.0,0,1,Mumbai,L&T Transmission & Distribution,571,9.2,5253.2
8,20.0,3.0,19.0,1.0,0,1,Mumbai,SJVN Ltd.,571,9.2,5253.2
5,19.0,0.0,11.0,1.0,0,1,Mumbai,Reliance Energy,442,9.2,4066.4000000000000
20,23.0,0.0,22.0,1.0,0,1,Mumbai,Indowind Energy,689,9.2,6338.800000000000
5,21.0,2.0,16.0,1.0,0,1,Mumbai,Power Grid Corp,453,9.2,4167.600000000000
10,21.0,0.0,12.0,1.0,0,1,Mumbai,NTPC Pvt. Ltd.,453,9.2,4167.600000000000
13,22.0,3.0,21.0,1.0,0,1,Mumbai,Kalpataru Power,764,9.2,7028.800000000000
14,23.0,3.0,21.0,1.0,0,1,Mumbai,NLC India,764,9.2,7028.800000000000
16,23.0,2.0,12.0,1.0,0,1,Mumbai,Indowind Energy,415,9.2,3818.0000000000000
9,17.0,1.0,8.0,1.0,0,1,Mumbai,Ratnagiri Gas and Power Pvt. Ltd. (RGPPL),415,9.2,3818.0000000000000
16,23.0,1.0,14.0,1.0,0,1,Mumbai,NLC India,427,9.2,3928.4000000000000
12,23.0,0.0,9.0,1.0,0,1,Mumbai,NTPC Pvt. Ltd.,427,9.2,3928.4000000000000
5,19.0,0.0,22.0,1.0,0,1,Mumbai,Tata Power Company Ltd.,427,9.2,3928.4000000000000
21,23.0,3.0,10.0,12.0,0,1,Mumbai,Kalpataru Power,631,9.2,5805.2
12,23.0,3.0,13.0,1.0,0,1,Mumbai,Ringfeder Power Transmission India Pvt. Ltd.,641,9.2,5897.2
15,22.0,2.0,18.0,1.0,0,1,Mumbai,Ringfeder Power Transmission India Pvt. Ltd.,557,9.2,5124.4
21,23.0,3.0,8.0,1.0,0,1,Mumbai,"Maha Transco – Maharashtra State Electricity Transmission Co, Ltd.",556,9.2,5115.2
18,22.0,2.0,16.0,1.0,0,1,Mumbai,Reliance Energy,556,9.2,5115.2
18,23.0,0.0,13.0,12.0,0,1,Mumbai,Adani Power Ltd.,749,9.2,6890.800000000000
14,23.0,1.0,22.0,12.0,0,1,Mumbai,TransRail Lighting,583,9.2,5363.600000000000
13,22.0,3.0,21.0,1.0,0,1,Mumbai,Jaiprakash Power,583,9.2,5363.600000000000
22,23.0,1.0,17.0,12.0,0,1,Mumbai,NLC India,680,9.2,6256.000000000000
21,22.0,3.0,7.0,1.0,0,1,Mumbai,Unitech Power Transmission Ltd.,680,9.2,6256.000000000000
21,23.0,1.0,17.0,12.0,0,1,Mumbai,SJVN Ltd.,707,9.2,6504.4
22,23.0,2.0,8.0,1.0,0,1,Mumbai,Jaiprakash Power,610,9.2,5612.0
14,23.0,3.0,10.0,1.0,0,1,Mumbai,Torrent Power Ltd.,610,9.2,5612.0
12,23.0,2.0,12.0,1.0,0,1,Mumbai,Power Grid Corp,461,9.2,4241.2
7,19.0,1.0,18.0,7.0,0,1,Mumbai,Neueon Towers / Sujana Towers Ltd.,433,9.2,3983.6
9,17.0,1.0,9.0,7.0,0,1,Mumbai,Ringfeder Power Transmission India Pvt. Ltd.,433,9.2,3983.6
9,17.0,1.0,6.0,1.0,0,1,Mumbai,SJVN Ltd.,432,9.2,3974.4000000000000
15,22.0,3.0,3.0,12.0,0,1,Mumbai,Sunil Hitech Eng,636,9.2,5851.2
16,22.0,1.0,11.0,1.0,0,1,Mumbai,Optibelt Power Transmission India Private Limited,527,9.2,4848.4
23,23.0,0.0,22.0,1.0,0,1,Mumbai,Torrent Power Ltd.,527,9.2,4848.4
13,23.0,3.0,4.0,1.0,0,1,Mumbai,NTPC Pvt. Ltd.,381,9.2,3505.2
16,23.0,0.0,19.0,1.0,0,1,Mumbai,Ringfeder Power Transmission India Pvt. Ltd.,603,9.2,5547.600000000000
15,23.0,2.0,12.0,1.0,0,1,Mumbai,Toshiba Transmission & Distribution Systems (India) Pvt. Ltd.,603,9.2,5547.600000000000
19,22.0,2.0,8.0,1.0,0,1,Mumbai,Sunil Hitech Eng,575,9.2,5290.0
23,22.0,2.0,11.0,1.0,0,1,Mumbai,KEC International,515,9.2,4738.0
13,23.0,1.0,8.0,1.0,0,1,Mumbai,Ringfeder Power Transmission India Pvt. Ltd.,444,9.2,4084.8000000000000
20,22.0,3.0,19.0,1.0,0,1,Mumbai,Kalpataru Power,650,9.2,5980.000000000000
10,18.0,3.0,21.0,1.0,0,1,Mumbai,Torrent Power Ltd.,549,9.2,5050.800000000000
17,23.0,3.0,22.0,1.0,0,1,Mumbai,Neueon Towers / Sujana Towers Ltd.,549,9.2,5050.800000000000
13,22.0,3.0,9.0,1.0,0,1,Mumbai,Torrent Power Ltd.,601,9.2,5529.2
18,23.0,1.0,19.0,1.0,0,1,Mumbai,KEC International,558,9.2,5133.600000000000
15,23.0,1.0,7.0,1.0,0,1,Mumbai,TransRail Lighting,558,9.2,5133.600000000000
15,23.0,0.0,6.0,12.0,0,1,Mumbai,L&T Transmission & Distribution,558,9.2,5133.600000000000
8,21.0,3.0,17.0,1.0,0,1,Mumbai,GE T&D India Limited,490,9.2,4508.0
12,23.0,0.0,16.0,1.0,0,1,Mumbai,TransRail Lighting,422,9.2,3882.4000000000000
19,22.0,1.0,15.0,12.0,0,1,Mumbai,TransRail Lighting,520,9.2,4784.0
22,23.0,1.0,19.0,12.0,0,1,Mumbai,Kalpataru Power,721,9.2,6633.2
20,22.0,3.0,15.0,12.0,0,1,Mumbai,Optibelt Power Transmission India Private Limited,607,9.2,5584.4
6,19.0,1.0,9.0,1.0,0,1,Mumbai,KEC International,431,9.2,3965.2
14,22.0,3.0,9.0,1.0,0,1,Mumbai,Ringfeder Power Transmission India Pvt. Ltd.,431,9.2,3965.2
18,23.0,2.0,13.0,1.0,0,1,Mumbai,JSW Energy Ltd.,495,9.2,4554.0
10,22.0,1.0,17.0,1.0,0,1,Mumbai,TransRail Lighting,394,9.2,3624.8000000000000
12,22.0,3.0,6.0,1.0,0,1,Mumbai,NTPC Pvt. Ltd.,512,9.2,4710.4
10,19.0,0.0,20.0,1.0,0,1,Mumbai,Optibelt Power Transmission India Private Limited,338,9.2,3109.6
16,23.0,1.0,5.0,1.0,0,1,Mumbai,Torrent Power Ltd.,507,9.2,4664.4
10,21.0,0.0,19.0,7.0,0,1,Mumbai,NLC India,507,9.2,4664.4
22,22.0,1.0,12.0,1.0,0,1,Mumbai,Guj Ind Power,413,9.2,3799.6
10,23.0,2.0,10.0,1.0,0,1,Mumbai,GE T&D India Limited,413,9.2,3799.6
7,22.0,3.0,13.0,1.0,0,1,Mumbai,TransRail Lighting,471,9.2,4333.2
6,17.0,3.0,14.0,7.0,0,1,Mumbai,CESC,428,9.2,3937.6
12,23.0,0.0,11.0,1.0,0,1,Mumbai,Jaiprakash Power,443,9.2,4075.6
16,22.0,3.0,4.0,1.0,0,1,Mumbai,Kalpataru Power,577,9.2,5308.4
15,22.0,1.0,22.0,1.0,0,1,Mumbai,Bonfiglioli Transmission Pvt. Ltd.,669,9.2,6154.800000000000
8,20.0,0.0,16.0,7.0,0,1,Mumbai,Ratnagiri Gas and Power Pvt. Ltd. (RGPPL),456,9.2,4195.2
19,22.0,3.0,11.0,1.0,0,1,Mumbai,Toshiba Transmission & Distribution Systems (India) Pvt. Ltd.,609,9.2,5602.800000000000
18,23.0,2.0,11.0,12.0,0,1,Mumbai,Reliance Energy,609,9.2,5602.800000000000
19,22.0,3.0,20.0,1.0,0,1,Mumbai,Orient Green,726,9.2,6679.2
7,17.0,0.0,18.0,7.0,0,1,Mumbai,L&T Transmission & Distribution,388,9.2,3569.6
9,23.0,0.0,14.0,1.0,0,1,Mumbai,TransRail Lighting,388,9.2,3569.6
18,22.0,2.0,9.0,12.0,0,1,Mumbai,Jaiprakash Power,632,9.2,5814.4
19,22.0,2.0,18.0,1.0,0,1,Mumbai,Neueon Towers / Sujana Towers Ltd.,654,9.2,6016.800000000000
19,22.0,1.0,3.0,1.0,0,1,Mumbai,Toshiba Transmission & Distribution Systems (India) Pvt. Ltd.,448,9.2,4121.600000000000
13,23.0,0.0,19.0,12.0,0,1,Mumbai,"Maha Transco – Maharashtra State Electricity Transmission Co, Ltd.",509,9.2,4682.800000000000
17,22.0,1.0,14.0,1.0,0,1,Mumbai,Unitech Power Transmission Ltd.,546,9.2,5023.2
10,22.0,2.0,18.0,1.0,0,1,Mumbai,Sterlite Power Transmission Ltd,546,9.2,5023.2
8,18.0,0.0,22.0,1.0,0,1,Mumbai,Reliance Energy,546,9.2,5023.2
6,20.0,1.0,9.0,1.0,0,1,Mumbai,Jaiprakash Power,384,9.2,3532.8000000000000
8,17.0,1.0,15.0,1.0,0,1,Mumbai,Kalpataru Power,530,9.2,4876.0
17,22.0,2.0,8.0,12.0,0,1,Mumbai,TransRail Lighting,530,9.2,4876.0
21,23.0,2.0,10.0,1.0,0,1,Mumbai,NHPC,451,9.2,4149.2
8,20.0,1.0,13.0,7.0,0,1,Mumbai,Optibelt Power Transmission India Private Limited,408,9.2,3753.6
22,23.0,1.0,17.0,1.0,0,1,Mumbai,Indowind Energy,523,9.2,4811.600000000000
14,23.0,0.0,11.0,1.0,0,1,Mumbai,NTPC Pvt. Ltd.,523,9.2,4811.600000000000
12,22.0,2.0,9.0,1.0,0,1,Mumbai,NHPC,619,9.2,5694.800000000000
7,17.0,2.0,20.0,7.0,0,1,Mumbai,SJVN Ltd.,619,9.2,5694.800000000000
5,18.0,1.0,18.0,1.0,0,1,Mumbai,Adani Power Ltd.,347,9.2,3192.4000000000000
20,22.0,2.0,15.0,1.0,0,1,Mumbai,Sunil Hitech Eng,458,9.2,4213.600000000000
15,23.0,0.0,3.0,12.0,0,1,Mumbai,Torrent Power Ltd.,458,9.2,4213.600000000000
11,22.0,3.0,3.0,12.0,0,1,Mumbai,Unitech Power Transmission Ltd.,458,9.2,4213.600000000000
5,18.0,0.0,8.0,1.0,0,1,Mumbai,Optibelt Power Transmission India Private Limited,201,9.2,1849.2000000000000
20,23.0,1.0,11.0,12.0,0,1,Mumbai,Ratnagiri Gas and Power Pvt. Ltd. (RGPPL),600,9.2,5520.0
22,23.0,2.0,20.0,1.0,0,1,Mumbai,Reliance Energy,712,9.2,6550.4
16,22.0,1.0,15.0,1.0,0,1,Mumbai,SJVN Ltd.,598,9.2,5501.600000000000
20,22.0,3.0,9.0,1.0,0,1,Mumbai,NHPC,544,9.2,5004.800000000000
16,23.0,3.0,12.0,1.0,0,1,Mumbai,Sterlite Power Transmission Ltd,504,9.2,4636.800000000000
13,22.0,2.0,22.0,1.0,0,1,Mumbai,"Maha Transco – Maharashtra State Electricity Transmission Co, Ltd.",666,9.2,6127.2
12,22.0,0.0,9.0,1.0,0,1,Mumbai,"Maha Transco – Maharashtra State Electricity Transmission Co, Ltd.",345,9.2,3174.0000000000000
16,22.0,0.0,10.0,1.0,0,1,Mumbai,Adani Power Ltd.,345,9.2,3174.0000000000000
22,23.0,0.0,8.0,1.0,0,1,Mumbai,KEC International,375,9.2,3450.0000000000000
19,22.0,0.0,4.0,1.0,0,1,Mumbai,Unitech Power Transmission Ltd.,517,9.2,4756.4
6,18.0,0.0,13.0,1.0,0,1,Mumbai,Jyoti Structure,315,9.2,2898.0
10,23.0,0.0,11.0,1.0,0,1,Mumbai,Toshiba Transmission & Distribution Systems (India) Pvt. Ltd.,315,9.2,2898.0
18,23.0,2.0,19.0,1.0,0,1,Mumbai,Kalpataru Power,744,9.2,6844.800000000000
12,22.0,0.0,22.0,1.0,0,1,Mumbai,Jaiprakash Power,604,9.2,5556.800000000000
18,23.0,2.0,5.0,1.0,0,1,Mumbai,Sterlite Power Transmission Ltd,604,9.2,5556.800000000000
20,22.0,0.0,14.0,1.0,0,1,Mumbai,Jyoti Structure,534,9.2,4912.800000000000
12,22.0,0.0,10.0,1.0,0,1,Mumbai,Neueon Towers / Sujana Towers Ltd.,299,9.2,2750.8000000000000
14,23.0,2.0,20.0,1.0,0,1,Mumbai,Guj Ind Power,572,9.2,5262.4
8,22.0,1.0,8.0,7.0,0,1,Mumbai,TransRail Lighting,572,9.2,5262.4
13,23.0,2.0,10.0,1.0,0,1,Mumbai,NLC India,572,9.2,5262.4
21,23.0,0.0,16.0,12.0,0,1,Mumbai,Toshiba Transmission & Distribution Systems (India) Pvt. Ltd.,524,9.2,4820.800000000000
10,23.0,0.0,14.0,1.0,0,1,Mumbai,Bonfiglioli Transmission Pvt. Ltd.,390,9.2,3588.0000000000000
10,19.0,0.0,7.0,1.0,0,1,Mumbai,Neueon Towers / Sujana Towers Ltd.,390,9.2,3588.0000000000000
7,23.0,2.0,8.0,1.0,0,1,Mumbai,Indowind Energy,579,9.2,5326.800000000000
17,23.0,3.0,14.0,1.0,0,1,Mumbai,Adani Power Ltd.,579,9.2,5326.800000000000
12,22.0,3.0,14.0,1.0,0,1,Mumbai,Adani Power Ltd.,579,9.2,5326.800000000000
8,20.0,1.0,5.0,1.0,0,1,Mumbai,TransRail Lighting,426,9.2,3919.2
6,21.0,3.0,15.0,1.0,0,1,Mumbai,Unitech Power Transmission Ltd.,426,9.2,3919.2
7,19.0,2.0,6.0,1.0,0,1,Mumbai,GE T&D India Limited,263,9.2,2419.6
8,23.0,3.0,20.0,1.0,0,1,Mumbai,Ratnagiri Gas and Power Pvt. Ltd. (RGPPL),501,9.2,4609.2
14,23.0,0.0,11.0,1.0,0,1,Mumbai,TransRail Lighting,501,9.2,4609.2
9,18.0,2.0,22.0,1.0,0,1,Mumbai,NLC India,521,9.2,4793.2
21,22.0,2.0,20.0,1.0,0,1,Mumbai,Guj Ind Power,702,9.2,6458.4
14,23.0,0.0,12.0,1.0,0,1,Mumbai,Jyoti Structure,519,9.2,4774.800000000000
14,22.0,1.0,12.0,12.0,0,1,Mumbai,NTPC Pvt. Ltd.,688,9.2,6329.600000000000
5,19.0,0.0,16.0,1.0,0,1,Mumbai,Torrent Power Ltd.,454,9.2,4176.800000000000
10,21.0,0.0,9.0,7.0,0,1,Mumbai,L&T Transmission & Distribution,454,9.2,4176.800000000000
23,23.0,3.0,7.0,1.0,0,1,Mumbai,Indowind Energy,711,9.2,6541.2
16,22.0,3.0,22.0,1.0,0,1,Mumbai,Reliance Power,695,9.2,6394.000000000000
16,22.0,0.0,7.0,1.0,0,1,Mumbai,KEC International,326,9.2,2999.2
12,23.0,0.0,17.0,12.0,0,1,Mumbai,Toshiba Transmission & Distribution Systems (India) Pvt. Ltd.,640,9.2,5888.0
8,23.0,0.0,21.0,7.0,0,1,Mumbai,Orient Green,640,9.2,5888.0
13,23.0,0.0,11.0,1.0,0,1,Mumbai,L&T Transmission & Distribution,555,9.2,5106.0
13,23.0,2.0,8.0,1.0,0,1,Mumbai,Ringfeder Power Transmission India Pvt. Ltd.,529,9.2,4866.800000000000
17,23.0,1.0,15.0,1.0,0,1,Mumbai,CESC,584,9.2,5372.800000000000
14,23.0,2.0,20.0,1.0,0,1,Mumbai,NTPC Pvt. Ltd.,584,9.2,5372.800000000000
6,22.0,0.0,7.0,7.0,0,1,Mumbai,Orient Green,492,9.2,4526.4
14,22.0,0.0,20.0,1.0,0,1,Mumbai,SJVN Ltd.,652,9.2,5998.4
10,21.0,2.0,6.0,1.0,0,1,Mumbai,Reliance Energy,318,9.2,2925.6
13,23.0,2.0,3.0,1.0,0,1,Mumbai,NTPC Pvt. Ltd.,354,9.2,3256.8000000000000
8,20.0,0.0,22.0,7.0,0,1,Mumbai,Ratnagiri Gas and Power Pvt. Ltd. (RGPPL),469,9.2,4314.800000000000
20,23.0,0.0,21.0,1.0,0,1,Mumbai,Jyoti Structure,597,9.2,5492.4
6,18.0,0.0,14.0,7.0,0,1,Mumbai,Unitech Power Transmission Ltd.,470,9.2,4324.0
16,23.0,2.0,20.0,12.0,0,1,Mumbai,GE T&D India Limited,793,9.2,7295.600000000000
22,23.0,0.0,20.0,12.0,0,1,Mumbai,"Maha Transco – Maharashtra State Electricity Transmission Co, Ltd.",814,9.2,7488.800000000000
17,23.0,2.0,16.0,1.0,0,1,Mumbai,Ringfeder Power Transmission India Pvt. Ltd.,589,9.2,5418.800000000000
11,22.0,1.0,14.0,1.0,0,1,Mumbai,JSW Energy Ltd.,589,9.2,5418.800000000000
17,22.0,2.0,17.0,12.0,0,1,Mumbai,NHPC,700,9.2,6440.000000000000
13,23.0,2.0,16.0,1.0,0,1,Mumbai,Guj Ind Power,542,9.2,4986.4
10,20.0,3.0,13.0,1.0,0,1,Mumbai,CESC,542,9.2,4986.4
17,22.0,1.0,13.0,1.0,0,1,Mumbai,NHPC,656,9.2,6035.2
18,23.0,1.0,13.0,12.0,0,1,Mumbai,Torrent Power Ltd.,656,9.2,6035.2
16,22.0,3.0,19.0,1.0,0,1,Mumbai,Jaiprakash Power,570,9.2,5244.0
15,22.0,1.0,16.0,1.0,0,1,Mumbai,KEC International,620,9.2,5704.0
17,22.0,1.0,10.0,1.0,0,1,Mumbai,NTPC Pvt. Ltd.,473,9.2,4351.600000000000
18,23.0,2.0,22.0,1.0,0,1,Mumbai,L&T Transmission & Distribution,774,9.2,7120.800000000000
7,22.0,1.0,17.0,7.0,0,1,Mumbai,TransRail Lighting,526,9.2,4839.2
19,23.0,0.0,17.0,12.0,0,1,Mumbai,NTPC Pvt. Ltd.,785,9.2,7222.000000000000
10,21.0,3.0,6.0,1.0,0,1,Mumbai,Indowind Energy,561,9.2,5161.2
20,22.0,3.0,6.0,1.0,0,1,Mumbai,Unitech Power Transmission Ltd.,409,9.2,3762.8000000000000
14,22.0,3.0,14.0,12.0,0,1,Mumbai,Sterlite Power Transmission Ltd,578,9.2,5317.600000000000
11,23.0,0.0,21.0,1.0,0,1,Mumbai,Ringfeder Power Transmission India Pvt. Ltd.,498,9.2,4581.600000000000
20,22.0,2.0,21.0,1.0,0,1,Mumbai,KEC International,602,9.2,5538.4
12,22.0,3.0,8.0,1.0,0,1,Mumbai,KEC International,482,9.2,4434.4
18,22.0,1.0,12.0,1.0,0,1,Mumbai,"Maha Transco – Maharashtra State Electricity Transmission Co, Ltd.",404,9.2,3716.8000000000000
12,22.0,1.0,12.0,12.0,0,1,Mumbai,GE T&D India Limited,479,9.2,4406.800000000000
21,23.0,2.0,22.0,1.0,0,1,Mumbai,Indowind Energy,538,9.2,4949.600000000000
15,23.0,2.0,10.0,1.0,0,1,Mumbai,Sterlite Power Transmission Ltd,538,9.2,4949.600000000000
15,22.0,0.0,21.0,1.0,0,1,Mumbai,Sunil Hitech Eng,538,9.2,4949.600000000000
12,23.0,1.0,15.0,12.0,0,1,Mumbai,Ratnagiri Gas and Power Pvt. Ltd. (RGPPL),648,9.2,5961.600000000000
5,22.0,0.0,12.0,1.0,0,1,Mumbai,KEC International,464,9.2,4268.800000000000
6,17.0,0.0,13.0,1.0,0,1,Mumbai,Ratnagiri Gas and Power Pvt. Ltd. (RGPPL),464,9.2,4268.800000000000
19,22.0,1.0,20.0,1.0,0,1,Mumbai,SJVN Ltd.,628,9.2,5777.600000000000
6,17.0,2.0,5.0,1.0,0,1,Mumbai,Sterlite Power Transmission Ltd,307,9.2,2824.4000000000000
6,20.0,2.0,9.0,1.0,0,1,Mumbai,CESC,535,9.2,4922.0
12,23.0,0.0,14.0,1.0,0,1,Mumbai,Sterlite Power Transmission Ltd,616,9.2,5667.2
22,22.0,3.0,3.0,1.0,0,1,Mumbai,Bonfiglioli Transmission Pvt. Ltd.,402,9.2,3698.4000000000000
15,22.0,3.0,9.0,1.0,0,1,Mumbai,"Maha Transco – Maharashtra State Electricity Transmission Co, Ltd.",402,9.2,3698.4000000000000
14,22.0,3.0,20.0,1.0,0,1,Mumbai,L&T Transmission & Distribution,755,9.2,6946.000000000000
13,23.0,1.0,19.0,1.0,0,1,Mumbai,GE T&D India Limited,511,9.2,4701.2
9,20.0,0.0,18.0,1.0,0,1,Mumbai,Sunil Hitech Eng,511,9.2,4701.2
22,23.0,1.0,3.0,12.0,0,1,Mumbai,"Maha Transco – Maharashtra State Electricity Transmission Co, Ltd.",667,9.2,6136.4
23,22.0,3.0,19.0,12.0,0,1,Mumbai,TransRail Lighting,862,9.2,7930.4
6,22.0,2.0,22.0,1.0,0,1,Mumbai,Guj Ind Power,596,9.2,5483.2
20,22.0,1.0,9.0,1.0,0,1,Mumbai,JSW Energy Ltd.,564,9.2,5188.800000000000
19,23.0,3.0,13.0,1.0,0,1,Mumbai,SJVN Ltd.,493,9.2,4535.600000000000
6,21.0,2.0,7.0,1.0,0,1,Mumbai,Indowind Energy,493,9.2,4535.600000000000
13,22.0,3.0,11.0,1.0,0,1,Mumbai,Unitech Power Transmission Ltd.,645,9.2,5934.000000000000
23,22.0,1.0,8.0,1.0,0,1,Mumbai,SJVN Ltd.,407,9.2,3744.4000000000000
19,23.0,2.0,7.0,1.0,0,1,Mumbai,Power Grid Corp,573,9.2,5271.600000000000
14,23.0,2.0,6.0,1.0,0,1,Mumbai,Unitech Power Transmission Ltd.,573,9.2,5271.600000000000
11,22.0,0.0,6.0,1.0,0,1,Mumbai,Jaiprakash Power,294,9.2,2704.8000000000000
14,22.0,0.0,21.0,12.0,0,1,Mumbai,Orient Green,662,9.2,6090.4
23,22.0,1.0,14.0,1.0,0,1,Mumbai,Guj Ind Power,692,9.2,6366.4
14,23.0,3.0,17.0,1.0,0,1,Mumbai,Neueon Towers / Sujana Towers Ltd.,717,9.2,6596.4
16,22.0,1.0,20.0,1.0,0,1,Mumbai,Jyoti Structure,663,9.2,6099.600000000000
7,19.0,3.0,22.0,1.0,0,1,Mumbai,Optibelt Power Transmission India Private Limited,663,9.2,6099.600000000000
9,21.0,1.0,10.0,1.0,0,1,Mumbai,NLC India,505,9.2,4646.0
17,23.0,1.0,20.0,1.0,0,1,Mumbai,Sterlite Power Transmission Ltd,635,9.2,5842.0
23,22.0,3.0,3.0,12.0,0,1,Mumbai,L&T Transmission & Distribution,635,9.2,5842.0
9,23.0,2.0,10.0,1.0,0,1,Mumbai,NLC India,539,9.2,4958.800000000000
23,23.0,1.0,8.0,12.0,0,1,Mumbai,Indowind Energy,674,9.2,6200.800000000000
17,22.0,2.0,16.0,1.0,0,1,Mumbai,SJVN Ltd.,657,9.2,6044.4
9,19.0,3.0,10.0,1.0,0,1,Mumbai,"Maha Transco – Maharashtra State Electricity Transmission Co, Ltd.",373,9.2,3431.6
23,23.0,0.0,16.0,12.0,0,1,Mumbai,CESC,725,9.2,6670.000000000000
5,19.0,0.0,8.0,1.0,0,1,Mumbai,SJVN Ltd.,363,9.2,3339.6
7,17.0,3.0,6.0,1.0,0,1,Mumbai,JSW Energy Ltd.,246,9.2,2263.2
22,23.0,3.0,7.0,12.0,0,1,Mumbai,GE T&D India Limited,718,9.2,6605.600000000000
5,23.0,3.0,4.0,1.0,0,1,Mumbai,"Maha Transco – Maharashtra State Electricity Transmission Co, Ltd.",371,9.2,3413.2
16,23.0,3.0,11.0,12.0,0,1,Mumbai,Sunil Hitech Eng,591,9.2,5437.2
7,20.0,0.0,3.0,1.0,0,1,Mumbai,NHPC,360,9.2,3312.0000000000000
19,22.0,2.0,22.0,1.0,0,1,New Delhi,Jaiprakash Power,581,8.5,4938.5
18,22.0,1.0,3.0,1.0,0,1,New Delhi,Tata Power Company Ltd.,435,8.5,3697.5
10,17.0,2.0,11.0,1.0,0,1,New Delhi,Sunil Hitech Eng,435,8.5,3697.5
7,18.0,3.0,18.0,7.0,0,1,New Delhi,Jaiprakash Power,663,8.5,5635.5
22,22.0,3.0,7.0,1.0,0,1,New Delhi,Jaiprakash Power,663,8.5,5635.5
20,23.0,1.0,6.0,1.0,0,1,New Delhi,GE T&D India Limited,422,8.5,3587.0
19,23.0,2.0,22.0,1.0,0,1,New Delhi,CESC,577,8.5,4904.5
8,18.0,1.0,4.0,1.0,0,1,New Delhi,Jyoti Structure,413,8.5,3510.5
21,22.0,0.0,7.0,1.0,0,1,New Delhi,Optibelt Power Transmission India Private Limited,363,8.5,3085.5
8,17.0,3.0,21.0,1.0,0,1,New Delhi,Adani Power Ltd.,386,8.5,3281.0
21,23.0,1.0,4.0,1.0,0,1,New Delhi,Toshiba Transmission & Distribution Systems (India) Pvt. Ltd.,453,8.5,3850.5
14,22.0,1.0,20.0,1.0,0,1,New Delhi,Unitech Power Transmission Ltd.,561,8.5,4768.5
20,23.0,1.0,22.0,1.0,0,1,New Delhi,Torrent Power Ltd.,561,8.5,4768.5
7,21.0,0.0,5.0,1.0,0,1,New Delhi,Sterlite Power Transmission Ltd,417,8.5,3544.5
16,22.0,3.0,19.0,1.0,0,1,New Delhi,Unitech Power Transmission Ltd.,660,8.5,5610.0
6,21.0,3.0,14.0,1.0,0,1,New Delhi,SJVN Ltd.,408,8.5,3468.0
19,22.0,3.0,16.0,1.0,0,1,New Delhi,Jyoti Structure,659,8.5,5601.5
19,22.0,3.0,20.0,1.0,0,1,New Delhi,JSW Energy Ltd.,697,8.5,5924.5
5,18.0,3.0,13.0,1.0,0,1,New Delhi,Ringfeder Power Transmission India Pvt. Ltd.,541,8.5,4598.5
22,23.0,0.0,4.0,1.0,0,1,New Delhi,Ringfeder Power Transmission India Pvt. Ltd.,541,8.5,4598.5
11,23.0,3.0,12.0,1.0,0,1,New Delhi,JSW Energy Ltd.,541,8.5,4598.5
10,20.0,1.0,13.0,7.0,0,1,New Delhi,KEC International,450,8.5,3825.0
5,22.0,1.0,9.0,7.0,0,1,New Delhi,NLC India,450,8.5,3825.0
20,22.0,1.0,22.0,1.0,0,1,New Delhi,Indowind Energy,527,8.5,4479.5
19,23.0,1.0,8.0,1.0,0,1,New Delhi,Sterlite Power Transmission Ltd,527,8.5,4479.5
12,22.0,2.0,12.0,1.0,0,1,New Delhi,Ringfeder Power Transmission India Pvt. Ltd.,436,8.5,3706.0
17,23.0,0.0,17.0,1.0,0,1,New Delhi,NLC India,436,8.5,3706.0
22,22.0,0.0,16.0,12.0,0,1,New Delhi,Guj Ind Power,673,8.5,5720.5
12,22.0,0.0,4.0,1.0,0,1,New Delhi,Adani Power Ltd.,248,8.5,2108.0
19,22.0,2.0,14.0,1.0,0,1,New Delhi,JSW Energy Ltd.,545,8.5,4632.5
6,18.0,2.0,22.0,7.0,0,1,New Delhi,Power Grid Corp,569,8.5,4836.5
19,22.0,0.0,4.0,12.0,0,1,New Delhi,Ringfeder Power Transmission India Pvt. Ltd.,569,8.5,4836.5
15,22.0,3.0,11.0,1.0,0,1,New Delhi,Reliance Power,569,8.5,4836.5
14,23.0,1.0,18.0,1.0,0,1,New Delhi,L&T Transmission & Distribution,569,8.5,4836.5
20,23.0,2.0,5.0,12.0,0,1,New Delhi,Guj Ind Power,733,8.5,6230.5
6,22.0,0.0,7.0,7.0,0,1,New Delhi,Unitech Power Transmission Ltd.,549,8.5,4666.5
8,17.0,0.0,6.0,7.0,0,1,New Delhi,L&T Transmission & Distribution,432,8.5,3672.0
19,22.0,2.0,17.0,12.0,0,1,New Delhi,Bonfiglioli Transmission Pvt. Ltd.,615,8.5,5227.5
22,23.0,2.0,6.0,1.0,0,1,New Delhi,Bonfiglioli Transmission Pvt. Ltd.,615,8.5,5227.5
20,23.0,0.0,9.0,1.0,0,1,New Delhi,Tata Power Company Ltd.,615,8.5,5227.5
16,22.0,2.0,5.0,1.0,0,1,New Delhi,Sunil Hitech Eng,587,8.5,4989.5
6,22.0,0.0,17.0,1.0,0,1,New Delhi,Power Grid Corp,367,8.5,3119.5
19,22.0,3.0,20.0,12.0,0,1,New Delhi,Sunil Hitech Eng,688,8.5,5848.0
21,22.0,2.0,13.0,12.0,0,1,New Delhi,Reliance Energy,688,8.5,5848.0
8,19.0,0.0,11.0,1.0,0,1,New Delhi,Orient Green,463,8.5,3935.5
7,21.0,3.0,8.0,1.0,0,1,New Delhi,NTPC Pvt. Ltd.,452,8.5,3842.0
7,20.0,0.0,19.0,1.0,0,1,New Delhi,JSW Energy Ltd.,452,8.5,3842.0
21,22.0,2.0,10.0,1.0,0,1,New Delhi,SJVN Ltd.,460,8.5,3910.0
18,23.0,3.0,7.0,1.0,0,1,New Delhi,SJVN Ltd.,429,8.5,3646.5
9,22.0,1.0,6.0,1.0,0,1,New Delhi,SJVN Ltd.,393,8.5,3340.5
20,22.0,3.0,5.0,1.0,0,1,New Delhi,"Maha Transco – Maharashtra State Electricity Transmission Co, Ltd.",393,8.5,3340.5
23,22.0,2.0,10.0,1.0,0,1,New Delhi,Reliance Power,476,8.5,4046.0
9,17.0,1.0,10.0,7.0,0,1,New Delhi,NTPC Pvt. Ltd.,476,8.5,4046.0
22,23.0,2.0,3.0,1.0,0,1,New Delhi,Sunil Hitech Eng,428,8.5,3638.0
6,23.0,0.0,16.0,1.0,0,1,New Delhi,Optibelt Power Transmission India Private Limited,604,8.5,5134.0
5,19.0,3.0,8.0,1.0,0,1,New Delhi,NLC India,399,8.5,3391.5
9,23.0,1.0,17.0,1.0,0,1,New Delhi,SJVN Ltd.,399,8.5,3391.5
9,22.0,2.0,18.0,1.0,0,1,New Delhi,Unitech Power Transmission Ltd.,533,8.5,4530.5
17,23.0,3.0,6.0,1.0,0,1,New Delhi,Sunil Hitech Eng,519,8.5,4411.5
16,22.0,3.0,17.0,1.0,0,1,New Delhi,Orient Green,519,8.5,4411.5
11,23.0,0.0,16.0,1.0,0,1,New Delhi,Unitech Power Transmission Ltd.,419,8.5,3561.5
14,23.0,0.0,8.0,1.0,0,1,New Delhi,Optibelt Power Transmission India Private Limited,419,8.5,3561.5
7,19.0,1.0,10.0,1.0,0,1,New Delhi,Jaiprakash Power,479,8.5,4071.5
7,21.0,0.0,8.0,1.0,0,1,New Delhi,Jyoti Structure,479,8.5,4071.5
9,20.0,1.0,9.0,1.0,0,1,New Delhi,NLC India,307,8.5,2609.5
6,23.0,2.0,20.0,7.0,0,1,New Delhi,Unitech Power Transmission Ltd.,573,8.5,4870.5
21,23.0,1.0,3.0,1.0,0,1,New Delhi,Sunil Hitech Eng,573,8.5,4870.5
12,22.0,0.0,19.0,1.0,0,1,New Delhi,Optibelt Power Transmission India Private Limited,487,8.5,4139.5
13,23.0,3.0,7.0,1.0,0,1,New Delhi,SJVN Ltd.,487,8.5,4139.5
7,20.0,0.0,4.0,1.0,0,1,New Delhi,Tata Power Company Ltd.,185,8.5,1572.5
13,23.0,0.0,19.0,12.0,0,1,New Delhi,Bonfiglioli Transmission Pvt. Ltd.,635,8.5,5397.5
13,23.0,3.0,18.0,1.0,0,1,New Delhi,NHPC,635,8.5,5397.5
22,22.0,1.0,22.0,1.0,0,1,New Delhi,Optibelt Power Transmission India Private Limited,752,8.5,6392.0
13,23.0,0.0,11.0,1.0,0,1,New Delhi,"Maha Transco – Maharashtra State Electricity Transmission Co, Ltd.",383,8.5,3255.5
9,17.0,2.0,7.0,1.0,0,1,New Delhi,Bonfiglioli Transmission Pvt. Ltd.,383,8.5,3255.5
9,18.0,0.0,21.0,1.0,0,1,New Delhi,Jyoti Structure,503,8.5,4275.5
13,22.0,0.0,10.0,12.0,0,1,New Delhi,NHPC,503,8.5,4275.5
9,21.0,2.0,8.0,1.0,0,1,New Delhi,Kalpataru Power,371,8.5,3153.5
16,22.0,1.0,12.0,1.0,0,1,New Delhi,CESC,439,8.5,3731.5
16,23.0,1.0,4.0,1.0,0,1,New Delhi,Reliance Energy,439,8.5,3731.5
9,19.0,3.0,13.0,1.0,0,1,New Delhi,Bonfiglioli Transmission Pvt. Ltd.,439,8.5,3731.5
21,22.0,0.0,8.0,1.0,0,1,New Delhi,Sunil Hitech Eng,439,8.5,3731.5
20,22.0,3.0,6.0,1.0,0,1,New Delhi,Ratnagiri Gas and Power Pvt. Ltd. (RGPPL),629,8.5,5346.5
8,22.0,3.0,11.0,1.0,0,1,New Delhi,Sterlite Power Transmission Ltd,381,8.5,3238.5
19,23.0,0.0,4.0,1.0,0,1,New Delhi,CESC,381,8.5,3238.5
15,23.0,2.0,3.0,12.0,0,1,New Delhi,L&T Transmission & Distribution,552,8.5,4692.0
23,23.0,3.0,8.0,1.0,0,1,New Delhi,Adani Power Ltd.,552,8.5,4692.0
20,23.0,2.0,7.0,1.0,0,1,New Delhi,Reliance Power,469,8.5,3986.5
21,23.0,1.0,16.0,1.0,0,1,New Delhi,Optibelt Power Transmission India Private Limited,713,8.5,6060.5
23,22.0,0.0,21.0,12.0,0,1,New Delhi,Tata Power Company Ltd.,713,8.5,6060.5
19,23.0,3.0,10.0,1.0,0,1,New Delhi,Reliance Energy,713,8.5,6060.5
13,23.0,0.0,15.0,1.0,0,1,New Delhi,Kalpataru Power,631,8.5,5363.5
11,22.0,0.0,15.0,12.0,0,1,New Delhi,Sunil Hitech Eng,538,8.5,4573.0
21,23.0,2.0,18.0,1.0,0,1,New Delhi,Jyoti Structure,538,8.5,4573.0
9,18.0,1.0,22.0,7.0,0,1,New Delhi,Ringfeder Power Transmission India Pvt. Ltd.,418,8.5,3553.0
10,21.0,2.0,12.0,7.0,0,1,New Delhi,L&T Transmission & Distribution,543,8.5,4615.5
15,23.0,3.0,22.0,1.0,0,1,New Delhi,GE T&D India Limited,595,8.5,5057.5
14,22.0,0.0,7.0,1.0,0,1,New Delhi,Orient Green,311,8.5,2643.5
10,22.0,0.0,6.0,1.0,0,1,New Delhi,Tata Power Company Ltd.,311,8.5,2643.5
18,22.0,2.0,15.0,12.0,0,1,New Delhi,Neueon Towers / Sujana Towers Ltd.,683,8.5,5805.5
6,17.0,2.0,15.0,1.0,0,1,New Delhi,KEC International,387,8.5,3289.5
18,23.0,1.0,5.0,1.0,0,1,New Delhi,Toshiba Transmission & Distribution Systems (India) Pvt. Ltd.,512,8.5,4352.0
14,22.0,0.0,14.0,12.0,0,1,New Delhi,Jaiprakash Power,592,8.5,5032.0
16,22.0,2.0,21.0,1.0,0,1,New Delhi,Orient Green,654,8.5,5559.0
18,23.0,0.0,16.0,1.0,0,1,New Delhi,Orient Green,414,8.5,3519.0
11,23.0,3.0,3.0,1.0,0,1,New Delhi,NHPC,593,8.5,5040.5
20,23.0,3.0,7.0,12.0,0,1,New Delhi,Jaiprakash Power,610,8.5,5185.0
9,17.0,3.0,5.0,1.0,0,1,New Delhi,Sterlite Power Transmission Ltd,510,8.5,4335.0
14,23.0,2.0,19.0,1.0,0,1,New Delhi,Neueon Towers / Sujana Towers Ltd.,714,8.5,6069.0
20,23.0,0.0,5.0,1.0,0,1,New Delhi,Reliance Power,481,8.5,4088.5
19,23.0,1.0,3.0,1.0,0,1,New Delhi,Sunil Hitech Eng,499,8.5,4241.5
14,22.0,3.0,18.0,1.0,0,1,New Delhi,NHPC,499,8.5,4241.5
9,23.0,2.0,16.0,1.0,0,1,New Delhi,Sterlite Power Transmission Ltd,598,8.5,5083.0
8,22.0,3.0,16.0,7.0,0,1,New Delhi,Unitech Power Transmission Ltd.,670,8.5,5695.0
10,18.0,0.0,21.0,1.0,0,1,New Delhi,Optibelt Power Transmission India Private Limited,562,8.5,4777.0
12,22.0,3.0,12.0,1.0,0,1,New Delhi,Power Grid Corp,562,8.5,4777.0
21,23.0,3.0,13.0,1.0,0,1,New Delhi,NTPC Pvt. Ltd.,756,8.5,6426.0
19,22.0,1.0,13.0,1.0,0,1,New Delhi,NLC India,602,8.5,5117.0
18,23.0,0.0,16.0,1.0,0,1,New Delhi,Torrent Power Ltd.,602,8.5,5117.0
21,22.0,3.0,22.0,1.0,0,1,New Delhi,Indowind Energy,769,8.5,6536.5
14,23.0,2.0,11.0,1.0,0,1,New Delhi,Sterlite Power Transmission Ltd,425,8.5,3612.5
22,22.0,0.0,4.0,1.0,0,1,New Delhi,Jaiprakash Power,457,8.5,3884.5
12,22.0,0.0,6.0,1.0,0,1,New Delhi,Indowind Energy,457,8.5,3884.5
10,22.0,3.0,3.0,7.0,0,1,New Delhi,"Maha Transco – Maharashtra State Electricity Transmission Co, Ltd.",620,8.5,5270.0
12,23.0,3.0,21.0,1.0,0,1,New Delhi,Sunil Hitech Eng,620,8.5,5270.0
20,23.0,0.0,13.0,1.0,0,1,New Delhi,Power Grid Corp,589,8.5,5006.5
10,22.0,2.0,6.0,1.0,0,1,New Delhi,Orient Green,395,8.5,3357.5
11,23.0,3.0,3.0,1.0,0,1,New Delhi,Reliance Power,548,8.5,4658.0
10,21.0,3.0,17.0,1.0,0,1,New Delhi,NHPC,548,8.5,4658.0
16,23.0,1.0,6.0,12.0,0,1,New Delhi,Guj Ind Power,672,8.5,5712.0
11,23.0,3.0,8.0,1.0,0,1,New Delhi,Neueon Towers / Sujana Towers Ltd.,500,8.5,4250.0
19,22.0,3.0,8.0,1.0,0,1,New Delhi,Indowind Energy,500,8.5,4250.0
19,23.0,1.0,8.0,1.0,0,1,New Delhi,Adani Power Ltd.,576,8.5,4896.0
5,19.0,2.0,8.0,1.0,0,1,New Delhi,"Maha Transco – Maharashtra State Electricity Transmission Co, Ltd.",492,8.5,4182.0
16,23.0,1.0,17.0,12.0,0,1,New Delhi,SJVN Ltd.,778,8.5,6613.0
18,22.0,0.0,18.0,12.0,0,1,New Delhi,Reliance Energy,778,8.5,6613.0
10,18.0,2.0,5.0,1.0,0,1,New Delhi,Reliance Power,441,8.5,3748.5
15,23.0,2.0,12.0,1.0,0,1,New Delhi,Ringfeder Power Transmission India Pvt. Ltd.,441,8.5,3748.5
5,22.0,0.0,21.0,7.0,0,1,New Delhi,Reliance Power,664,8.5,5644.0
7,20.0,3.0,11.0,7.0,0,1,New Delhi,Ringfeder Power Transmission India Pvt. Ltd.,464,8.5,3944.0
21,22.0,2.0,6.0,1.0,0,1,New Delhi,Unitech Power Transmission Ltd.,464,8.5,3944.0
18,23.0,0.0,10.0,1.0,0,1,New Delhi,Sunil Hitech Eng,547,8.5,4649.5
8,23.0,1.0,9.0,1.0,0,1,New Delhi,Unitech Power Transmission Ltd.,566,8.5,4811.0
23,23.0,3.0,18.0,12.0,0,1,New Delhi,Toshiba Transmission & Distribution Systems (India) Pvt. Ltd.,745,8.5,6332.5
18,22.0,2.0,19.0,1.0,0,1,New Delhi,Reliance Power,490,8.5,4165.0
6,18.0,1.0,11.0,7.0,0,1,New Delhi,Guj Ind Power,490,8.5,4165.0
6,20.0,1.0,4.0,1.0,0,1,New Delhi,Neueon Towers / Sujana Towers Ltd.,254,8.5,2159.0
16,22.0,0.0,7.0,12.0,0,1,New Delhi,NHPC,609,8.5,5176.5
22,22.0,2.0,20.0,1.0,0,1,New Delhi,GE T&D India Limited,609,8.5,5176.5
12,23.0,0.0,18.0,1.0,0,1,New Delhi,Kalpataru Power,537,8.5,4564.5
19,22.0,1.0,11.0,12.0,0,1,New Delhi,Ringfeder Power Transmission India Pvt. Ltd.,738,8.5,6273.0
11,22.0,2.0,4.0,1.0,0,1,New Delhi,Ratnagiri Gas and Power Pvt. Ltd. (RGPPL),330,8.5,2805.0
22,23.0,1.0,10.0,1.0,0,1,New Delhi,Ratnagiri Gas and Power Pvt. Ltd. (RGPPL),643,8.5,5465.5
16,22.0,3.0,5.0,1.0,0,1,New Delhi,TransRail Lighting,431,8.5,3663.5
10,20.0,3.0,4.0,1.0,0,1,New Delhi,Bonfiglioli Transmission Pvt. Ltd.,331,8.5,2813.5
6,22.0,3.0,18.0,1.0,0,1,New Delhi,NLC India,689,8.5,5856.5
23,23.0,1.0,19.0,12.0,0,1,New Delhi,TransRail Lighting,757,8.5,6434.5
23,22.0,3.0,5.0,1.0,0,1,New Delhi,JSW Energy Ltd.,424,8.5,3604.0
18,22.0,0.0,19.0,1.0,0,1,New Delhi,Jaiprakash Power,536,8.5,4556.0
17,22.0,1.0,4.0,1.0,0,1,New Delhi,Ringfeder Power Transmission India Pvt. Ltd.,536,8.5,4556.0
22,23.0,2.0,14.0,1.0,0,1,New Delhi,Neueon Towers / Sujana Towers Ltd.,701,8.5,5958.5
22,23.0,2.0,7.0,1.0,0,1,New Delhi,Bonfiglioli Transmission Pvt. Ltd.,443,8.5,3765.5
16,23.0,3.0,8.0,1.0,0,1,New Delhi,L&T Transmission & Distribution,443,8.5,3765.5
21,23.0,3.0,15.0,1.0,0,1,New Delhi,Jaiprakash Power,644,8.5,5474.0
14,23.0,2.0,19.0,12.0,0,1,New Delhi,Reliance Energy,644,8.5,5474.0
11,22.0,2.0,6.0,1.0,0,1,New Delhi,Reliance Power,461,8.5,3918.5
20,23.0,1.0,16.0,1.0,0,1,New Delhi,Unitech Power Transmission Ltd.,680,8.5,5780.0
13,22.0,3.0,15.0,1.0,0,1,New Delhi,Toshiba Transmission & Distribution Systems (India) Pvt. Ltd.,485,8.5,4122.5
18,23.0,1.0,3.0,1.0,0,1,New Delhi,Sterlite Power Transmission Ltd,403,8.5,3425.5
22,22.0,3.0,13.0,12.0,0,1,New Delhi,Torrent Power Ltd.,796,8.5,6766.0
21,23.0,2.0,12.0,12.0,0,1,New Delhi,KEC International,796,8.5,6766.0
19,23.0,0.0,11.0,12.0,0,1,New Delhi,CESC,523,8.5,4445.5
21,22.0,1.0,15.0,1.0,0,1,New Delhi,SJVN Ltd.,617,8.5,5244.5
16,23.0,2.0,8.0,1.0,0,1,New Delhi,Bonfiglioli Transmission Pvt. Ltd.,409,8.5,3476.5
13,22.0,0.0,8.0,1.0,0,1,New Delhi,Jyoti Structure,529,8.5,4496.5
19,22.0,0.0,9.0,12.0,0,1,New Delhi,Indowind Energy,586,8.5,4981.0
7,22.0,0.0,13.0,1.0,0,1,New Delhi,L&T Transmission & Distribution,388,8.5,3298.0
17,22.0,0.0,3.0,1.0,0,1,New Delhi,JSW Energy Ltd.,378,8.5,3213.0
9,22.0,0.0,17.0,7.0,0,1,New Delhi,Orient Green,522,8.5,4437.0
19,22.0,2.0,16.0,1.0,0,1,New Delhi,Tata Power Company Ltd.,531,8.5,4513.5
13,23.0,1.0,5.0,12.0,0,1,New Delhi,Unitech Power Transmission Ltd.,454,8.5,3859.0
20,23.0,2.0,13.0,1.0,0,1,New Delhi,Bonfiglioli Transmission Pvt. Ltd.,454,8.5,3859.0
22,22.0,1.0,21.0,1.0,0,1,New Delhi,KEC International,496,8.5,4216.0
11,22.0,2.0,6.0,1.0,0,1,New Delhi,NHPC,351,8.5,2983.5
11,22.0,1.0,8.0,1.0,0,1,New Delhi,Neueon Towers / Sujana Towers Ltd.,375,8.5,3187.5
23,23.0,2.0,3.0,12.0,0,1,New Delhi,NTPC Pvt. Ltd.,480,8.5,4080.0
15,22.0,0.0,4.0,1.0,0,1,New Delhi,Adani Power Ltd.,458,8.5,3893.0
20,22.0,2.0,16.0,1.0,0,1,New Delhi,L&T Transmission & Distribution,624,8.5,5304.0
13,22.0,3.0,13.0,1.0,0,1,New Delhi,"Maha Transco – Maharashtra State Electricity Transmission Co, Ltd.",678,8.5,5763.0
5,23.0,0.0,16.0,1.0,0,1,New Delhi,SJVN Ltd.,370,8.5,3145.0
23,23.0,3.0,21.0,1.0,0,1,New Delhi,Ringfeder Power Transmission India Pvt. Ltd.,691,8.5,5873.5
11,22.0,2.0,7.0,1.0,0,1,New Delhi,KEC International,535,8.5,4547.5
12,22.0,0.0,7.0,1.0,0,1,New Delhi,TransRail Lighting,535,8.5,4547.5
5,19.0,3.0,22.0,1.0,0,1,New Delhi,"Maha Transco – Maharashtra State Electricity Transmission Co, Ltd.",616,8.5,5236.0
11,23.0,1.0,9.0,1.0,0,1,New Delhi,NLC India,342,8.5,2907.0
12,22.0,2.0,18.0,1.0,0,1,New Delhi,Optibelt Power Transmission India Private Limited,494,8.5,4199.0
18,22.0,1.0,12.0,12.0,0,1,New Delhi,Toshiba Transmission & Distribution Systems (India) Pvt. Ltd.,693,8.5,5890.5
22,22.0,2.0,11.0,1.0,0,1,New Delhi,SJVN Ltd.,647,8.5,5499.5
7,19.0,0.0,10.0,7.0,0,1,New Delhi,Sterlite Power Transmission Ltd,433,8.5,3680.5
13,23.0,3.0,8.0,12.0,0,1,New Delhi,Guj Ind Power,742,8.5,6307.0
6,19.0,2.0,8.0,1.0,0,1,New Delhi,Kalpataru Power,415,8.5,3527.5
20,22.0,2.0,22.0,1.0,0,1,New Delhi,Kalpataru Power,750,8.5,6375.0
5,18.0,0.0,17.0,1.0,0,1,New Delhi,Kalpataru Power,301,8.5,2558.5
19,22.0,1.0,19.0,1.0,0,1,New Delhi,KEC International,591,8.5,5023.5
11,23.0,1.0,16.0,1.0,0,1,New Delhi,Power Grid Corp,606,8.5,5151.0
22,23.0,2.0,11.0,1.0,0,1,New Delhi,Reliance Energy,694,8.5,5899.0
17,23.0,1.0,9.0,12.0,0,1,New Delhi,NHPC,671,8.5,5703.5
7,17.0,1.0,11.0,1.0,0,1,New Delhi,Torrent Power Ltd.,397,8.5,3374.5
15,23.0,0.0,20.0,1.0,0,1,New Delhi,Power Grid Corp,447,8.5,3799.5
10,18.0,2.0,10.0,1.0,0,1,New Delhi,Adani Power Ltd.,340,8.5,2890.0
6,21.0,0.0,22.0,1.0,0,1,New Delhi,GE T&D India Limited,369,8.5,3136.5
5,23.0,1.0,5.0,7.0,0,1,New Delhi,NTPC Pvt. Ltd.,528,8.5,4488.0
21,23.0,1.0,12.0,12.0,0,1,New Delhi,Guj Ind Power,706,8.5,6001.0
14,23.0,2.0,9.0,1.0,0,1,New Delhi,KEC International,605,8.5,5142.5
5,22.0,2.0,22.0,1.0,0,1,New Delhi,Ratnagiri Gas and Power Pvt. Ltd. (RGPPL),526,8.5,4471.0
17,22.0,0.0,10.0,1.0,0,1,New Delhi,Jaiprakash Power,449,8.5,3816.5
14,23.0,2.0,11.0,1.0,0,1,New Delhi,GE T&D India Limited,648,8.5,5508.0
10,18.0,3.0,11.0,1.0,0,1,New Delhi,Reliance Power,555,8.5,4717.5
11,23.0,2.0,19.0,1.0,0,1,New Delhi,Bonfiglioli Transmission Pvt. Ltd.,720,8.5,6120.0
12,22.0,0.0,19.0,12.0,0,1,New Delhi,Toshiba Transmission & Distribution Systems (India) Pvt. Ltd.,686,8.5,5831.0
9,18.0,3.0,13.0,1.0,0,1,New Delhi,TransRail Lighting,444,8.5,3774.0
20,22.0,0.0,22.0,1.0,0,2,Hyderabad,Sunil Hitech Eng,474,8.4,3981.6000000000000
15,23.0,2.0,13.0,1.0,0,2,Hyderabad,Indowind Energy,553,8.4,4645.2
7,23.0,3.0,21.0,1.0,0,2,Hyderabad,TransRail Lighting,632,8.4,5308.8
18,23.0,0.0,14.0,1.0,0,2,Hyderabad,Reliance Energy,484,8.4,4065.6000000000000
23,22.0,3.0,16.0,1.0,0,2,Hyderabad,NLC India,550,8.4,4620.0
10,23.0,0.0,9.0,7.0,0,2,Hyderabad,JSW Energy Ltd.,550,8.4,4620.0
21,23.0,3.0,21.0,1.0,0,2,Hyderabad,Sunil Hitech Eng,682,8.4,5728.8
20,23.0,2.0,9.0,1.0,0,2,Hyderabad,NLC India,594,8.4,4989.6
20,22.0,1.0,5.0,12.0,0,2,Hyderabad,"Maha Transco – Maharashtra State Electricity Transmission Co, Ltd.",528,8.4,4435.2
10,22.0,3.0,10.0,1.0,0,2,Hyderabad,Ratnagiri Gas and Power Pvt. Ltd. (RGPPL),528,8.4,4435.2
13,22.0,2.0,6.0,1.0,0,2,Hyderabad,Kalpataru Power,374,8.4,3141.6
7,20.0,1.0,22.0,1.0,0,2,Hyderabad,GE T&D India Limited,475,8.4,3990.0
22,23.0,3.0,22.0,1.0,0,2,Hyderabad,NLC India,627,8.4,5266.8
12,23.0,2.0,12.0,1.0,0,2,Hyderabad,Ringfeder Power Transmission India Pvt. Ltd.,380,8.4,3192.0
6,23.0,0.0,6.0,1.0,0,2,Hyderabad,Ringfeder Power Transmission India Pvt. Ltd.,432,8.4,3628.8
23,22.0,3.0,17.0,1.0,0,2,Hyderabad,Jaiprakash Power,540,8.4,4536.0
14,23.0,0.0,14.0,1.0,0,2,Hyderabad,Bonfiglioli Transmission Pvt. Ltd.,540,8.4,4536.0
9,20.0,3.0,8.0,1.0,0,2,Hyderabad,Bonfiglioli Transmission Pvt. Ltd.,540,8.4,4536.0
9,21.0,2.0,10.0,7.0,0,2,Hyderabad,"Maha Transco – Maharashtra State Electricity Transmission Co, Ltd.",540,8.4,4536.0
6,18.0,0.0,18.0,7.0,0,2,Hyderabad,CESC,540,8.4,4536.0
8,23.0,3.0,11.0,1.0,0,2,Hyderabad,Kalpataru Power,415,8.4,3486.0
21,22.0,2.0,14.0,12.0,0,2,Hyderabad,Adani Power Ltd.,508,8.4,4267.2
9,19.0,2.0,20.0,1.0,0,2,Hyderabad,GE T&D India Limited,599,8.4,5031.6
10,18.0,0.0,15.0,1.0,0,2,Hyderabad,"Maha Transco – Maharashtra State Electricity Transmission Co, Ltd.",288,8.4,2419.2000000000000
23,22.0,2.0,7.0,1.0,0,2,Hyderabad,Torrent Power Ltd.,576,8.4,4838.400000000000
18,22.0,0.0,4.0,1.0,0,2,Hyderabad,SJVN Ltd.,329,8.4,2763.6
22,23.0,1.0,3.0,1.0,0,2,Hyderabad,Ringfeder Power Transmission India Pvt. Ltd.,434,8.4,3645.6000000000000
11,22.0,1.0,3.0,1.0,0,2,Hyderabad,"Maha Transco – Maharashtra State Electricity Transmission Co, Ltd.",434,8.4,3645.6000000000000
7,22.0,3.0,12.0,1.0,0,2,Hyderabad,Adani Power Ltd.,531,8.4,4460.400000000000
7,20.0,1.0,5.0,1.0,0,2,Hyderabad,SJVN Ltd.,256,8.4,2150.4
13,22.0,2.0,4.0,12.0,0,2,Hyderabad,Power Grid Corp,523,8.4,4393.2
18,22.0,3.0,4.0,1.0,0,2,Hyderabad,Reliance Energy,568,8.4,4771.2
5,21.0,1.0,19.0,1.0,0,2,Hyderabad,Sterlite Power Transmission Ltd,372,8.4,3124.8
8,20.0,2.0,21.0,1.0,0,2,Hyderabad,Bonfiglioli Transmission Pvt. Ltd.,452,8.4,3796.8
20,23.0,1.0,9.0,12.0,0,2,Hyderabad,Neueon Towers / Sujana Towers Ltd.,633,8.4,5317.2
19,22.0,1.0,10.0,1.0,0,2,Hyderabad,Sterlite Power Transmission Ltd,409,8.4,3435.6000000000000
18,22.0,2.0,12.0,1.0,0,2,Hyderabad,Jyoti Structure,409,8.4,3435.6000000000000
11,23.0,2.0,9.0,1.0,0,2,Hyderabad,Orient Green,397,8.4,3334.8
13,23.0,2.0,17.0,1.0,0,2,Hyderabad,NHPC,397,8.4,3334.8
7,20.0,2.0,14.0,7.0,0,2,Hyderabad,GE T&D India Limited,519,8.4,4359.6
20,22.0,0.0,19.0,12.0,0,2,Hyderabad,Unitech Power Transmission Ltd.,519,8.4,4359.6
9,23.0,3.0,22.0,1.0,0,2,Hyderabad,Guj Ind Power,519,8.4,4359.6
16,22.0,1.0,16.0,1.0,0,2,Hyderabad,Guj Ind Power,355,8.4,2982.0
20,23.0,0.0,10.0,1.0,0,2,Hyderabad,NTPC Pvt. Ltd.,551,8.4,4628.400000000000
17,23.0,2.0,17.0,1.0,0,2,Hyderabad,Kalpataru Power,502,8.4,4216.8
5,20.0,3.0,13.0,7.0,0,2,Hyderabad,Kalpataru Power,573,8.4,4813.2
12,22.0,0.0,12.0,12.0,0,2,Hyderabad,SJVN Ltd.,449,8.4,3771.6000000000000
21,23.0,0.0,21.0,1.0,0,2,Hyderabad,Adani Power Ltd.,653,8.4,5485.2
22,23.0,0.0,7.0,12.0,0,2,Hyderabad,Kalpataru Power,485,8.4,4074.0
7,21.0,0.0,7.0,1.0,0,2,Hyderabad,Reliance Power,411,8.4,3452.4
5,17.0,1.0,3.0,1.0,0,2,Hyderabad,"Maha Transco – Maharashtra State Electricity Transmission Co, Ltd.",275,8.4,2310.0
5,23.0,0.0,15.0,1.0,0,2,Hyderabad,Guj Ind Power,275,8.4,2310.0
20,22.0,1.0,14.0,12.0,0,2,Hyderabad,Orient Green,645,8.4,5418.0
21,22.0,1.0,10.0,1.0,0,2,Hyderabad,L&T Transmission & Distribution,454,8.4,3813.6000000000000
10,23.0,0.0,20.0,1.0,0,2,Hyderabad,JSW Energy Ltd.,454,8.4,3813.6000000000000
6,19.0,1.0,15.0,1.0,0,2,Hyderabad,CESC,464,8.4,3897.6000000000000
23,22.0,3.0,17.0,1.0,0,2,Hyderabad,SJVN Ltd.,464,8.4,3897.6000000000000
7,22.0,1.0,5.0,1.0,0,2,Hyderabad,L&T Transmission & Distribution,464,8.4,3897.6000000000000
8,19.0,3.0,7.0,1.0,0,2,Hyderabad,Reliance Power,464,8.4,3897.6000000000000
6,22.0,2.0,4.0,1.0,0,2,Hyderabad,Ratnagiri Gas and Power Pvt. Ltd. (RGPPL),438,8.4,3679.2000000000000
16,23.0,2.0,9.0,12.0,0,2,Hyderabad,Tata Power Company Ltd.,426,8.4,3578.4
10,19.0,3.0,13.0,1.0,0,2,Hyderabad,Optibelt Power Transmission India Private Limited,497,8.4,4174.8
5,18.0,2.0,13.0,7.0,0,2,Hyderabad,L&T Transmission & Distribution,497,8.4,4174.8
22,22.0,1.0,22.0,1.0,0,2,Hyderabad,NLC India,597,8.4,5014.8
10,23.0,1.0,15.0,1.0,0,2,Hyderabad,KEC International,451,8.4,3788.4
19,22.0,1.0,7.0,1.0,0,2,Hyderabad,"Maha Transco – Maharashtra State Electricity Transmission Co, Ltd.",335,8.4,2814.0
6,19.0,3.0,10.0,1.0,0,2,Hyderabad,Torrent Power Ltd.,445,8.4,3738.0
12,23.0,2.0,18.0,1.0,0,2,Hyderabad,CESC,557,8.4,4678.8
5,22.0,0.0,14.0,1.0,0,2,Hyderabad,Adani Power Ltd.,489,8.4,4107.6
19,23.0,1.0,11.0,1.0,0,2,Hyderabad,NTPC Pvt. Ltd.,603,8.4,5065.2
11,23.0,2.0,5.0,12.0,0,2,Hyderabad,Toshiba Transmission & Distribution Systems (India) Pvt. Ltd.,390,8.4,3276.0
23,22.0,3.0,11.0,1.0,0,2,Hyderabad,Power Grid Corp,399,8.4,3351.6000000000000
12,22.0,1.0,18.0,1.0,0,2,Hyderabad,Unitech Power Transmission Ltd.,601,8.4,5048.400000000000
13,23.0,0.0,19.0,1.0,0,2,Hyderabad,NLC India,524,8.4,4401.6
19,22.0,2.0,6.0,1.0,0,2,Hyderabad,Toshiba Transmission & Distribution Systems (India) Pvt. Ltd.,524,8.4,4401.6
7,19.0,1.0,7.0,7.0,0,2,Hyderabad,NLC India,481,8.4,4040.4
6,23.0,2.0,13.0,1.0,0,2,Hyderabad,Sunil Hitech Eng,506,8.4,4250.400000000000
16,22.0,1.0,17.0,1.0,0,2,Hyderabad,GE T&D India Limited,419,8.4,3519.6000000000000
11,23.0,3.0,16.0,1.0,0,2,Hyderabad,TransRail Lighting,639,8.4,5367.6
5,20.0,1.0,17.0,1.0,0,2,Hyderabad,Adani Power Ltd.,297,8.4,2494.8
8,22.0,1.0,11.0,7.0,0,2,Hyderabad,Sterlite Power Transmission Ltd,458,8.4,3847.2000000000000
17,23.0,1.0,21.0,1.0,0,2,Hyderabad,Adani Power Ltd.,555,8.4,4662.0
10,22.0,1.0,9.0,1.0,0,2,Hyderabad,Ratnagiri Gas and Power Pvt. Ltd. (RGPPL),446,8.4,3746.4
9,18.0,3.0,7.0,1.0,0,2,Hyderabad,Sterlite Power Transmission Ltd,446,8.4,3746.4
5,20.0,3.0,10.0,1.0,0,2,Hyderabad,Adani Power Ltd.,446,8.4,3746.4
23,22.0,3.0,10.0,1.0,0,2,Hyderabad,GE T&D India Limited,618,8.4,5191.2
16,22.0,3.0,14.0,1.0,0,2,Hyderabad,TransRail Lighting,535,8.4,4494.0
19,23.0,2.0,20.0,12.0,0,2,Hyderabad,CESC,535,8.4,4494.0
5,19.0,1.0,15.0,1.0,0,2,Hyderabad,Guj Ind Power,341,8.4,2864.4
11,22.0,2.0,14.0,1.0,0,2,Hyderabad,SJVN Ltd.,404,8.4,3393.6000000000000
19,22.0,3.0,4.0,1.0,0,2,Hyderabad,Orient Green,441,8.4,3704.4
20,23.0,0.0,22.0,1.0,0,2,Hyderabad,Ratnagiri Gas and Power Pvt. Ltd. (RGPPL),441,8.4,3704.4
6,23.0,1.0,14.0,1.0,0,2,Hyderabad,TransRail Lighting,395,8.4,3318.0
15,23.0,2.0,8.0,12.0,0,2,Hyderabad,Sterlite Power Transmission Ltd,609,8.4,5115.6
20,23.0,0.0,14.0,12.0,0,2,Hyderabad,Ratnagiri Gas and Power Pvt. Ltd. (RGPPL),598,8.4,5023.2
9,18.0,2.0,17.0,1.0,0,2,Hyderabad,L&T Transmission & Distribution,552,8.4,4636.8
19,22.0,2.0,6.0,12.0,0,2,Hyderabad,NLC India,527,8.4,4426.8
18,23.0,0.0,12.0,1.0,0,2,Hyderabad,Jaiprakash Power,527,8.4,4426.8
18,22.0,3.0,20.0,12.0,0,2,Hyderabad,Bonfiglioli Transmission Pvt. Ltd.,680,8.4,5712.0
6,22.0,0.0,9.0,1.0,0,2,Hyderabad,Reliance Power,369,8.4,3099.6
19,22.0,0.0,16.0,1.0,0,2,Hyderabad,Sunil Hitech Eng,492,8.4,4132.8
21,23.0,1.0,11.0,12.0,0,2,Hyderabad,Power Grid Corp,624,8.4,5241.6
19,23.0,1.0,13.0,1.0,0,2,Hyderabad,Tata Power Company Ltd.,455,8.4,3822.0
8,21.0,2.0,21.0,1.0,0,2,Hyderabad,Guj Ind Power,494,8.4,4149.6
9,20.0,1.0,9.0,1.0,0,2,Hyderabad,Toshiba Transmission & Distribution Systems (India) Pvt. Ltd.,247,8.4,2074.8
7,20.0,1.0,5.0,1.0,0,2,Hyderabad,Unitech Power Transmission Ltd.,247,8.4,2074.8
14,23.0,3.0,12.0,1.0,0,2,Hyderabad,Sunil Hitech Eng,611,8.4,5132.400000000000
14,22.0,0.0,21.0,1.0,0,2,Hyderabad,GE T&D India Limited,611,8.4,5132.400000000000
6,22.0,0.0,8.0,1.0,0,2,Hyderabad,Optibelt Power Transmission India Private Limited,407,8.4,3418.8
9,22.0,2.0,12.0,1.0,0,2,Hyderabad,Power Grid Corp,440,8.4,3696.0
14,22.0,0.0,21.0,1.0,0,2,Hyderabad,Ratnagiri Gas and Power Pvt. Ltd. (RGPPL),561,8.4,4712.400000000000
20,22.0,3.0,4.0,1.0,0,2,Hyderabad,Ratnagiri Gas and Power Pvt. Ltd. (RGPPL),539,8.4,4527.6
19,23.0,3.0,20.0,1.0,0,2,Hyderabad,KEC International,517,8.4,4342.8
17,23.0,1.0,4.0,1.0,0,2,Hyderabad,Adani Power Ltd.,416,8.4,3494.4
12,22.0,2.0,5.0,1.0,0,2,Hyderabad,TransRail Lighting,462,8.4,3880.8
21,23.0,2.0,5.0,1.0,0,2,Hyderabad,JSW Energy Ltd.,417,8.4,3502.8
5,21.0,3.0,3.0,1.0,0,2,Hyderabad,Indowind Energy,417,8.4,3502.8
9,19.0,2.0,20.0,1.0,0,2,Hyderabad,TransRail Lighting,488,8.4,4099.2
21,23.0,3.0,12.0,1.0,0,2,Hyderabad,Ringfeder Power Transmission India Pvt. Ltd.,478,8.4,4015.2000000000000
10,19.0,1.0,22.0,7.0,0,2,Hyderabad,Indowind Energy,478,8.4,4015.2000000000000
13,22.0,3.0,19.0,1.0,0,2,Hyderabad,TransRail Lighting,478,8.4,4015.2000000000000
13,22.0,0.0,8.0,1.0,0,2,Hyderabad,Jyoti Structure,478,8.4,4015.2000000000000
7,19.0,2.0,17.0,1.0,0,2,Hyderabad,Unitech Power Transmission Ltd.,480,8.4,4032.0
19,22.0,2.0,5.0,1.0,0,2,Hyderabad,JSW Energy Ltd.,564,8.4,4737.6
12,23.0,3.0,19.0,1.0,0,2,Hyderabad,Bonfiglioli Transmission Pvt. Ltd.,564,8.4,4737.6
17,22.0,1.0,9.0,1.0,0,2,Hyderabad,Jyoti Structure,314,8.4,2637.6
5,21.0,2.0,17.0,1.0,0,2,Hyderabad,Guj Ind Power,447,8.4,3754.8
21,22.0,0.0,16.0,1.0,0,2,Hyderabad,Reliance Power,447,8.4,3754.8
19,23.0,0.0,12.0,1.0,0,2,Hyderabad,L&T Transmission & Distribution,428,8.4,3595.2000000000000
16,23.0,1.0,7.0,12.0,0,2,Hyderabad,Optibelt Power Transmission India Private Limited,652,8.4,5476.8
9,23.0,3.0,7.0,1.0,0,2,Hyderabad,Jyoti Structure,384,8.4,3225.6000000000000
17,23.0,3.0,5.0,1.0,0,2,Hyderabad,Tata Power Company Ltd.,384,8.4,3225.6000000000000
8,17.0,3.0,15.0,1.0,0,2,Hyderabad,NLC India,385,8.4,3234.0
12,23.0,2.0,14.0,1.0,0,2,Hyderabad,Ratnagiri Gas and Power Pvt. Ltd. (RGPPL),514,8.4,4317.6
17,23.0,0.0,18.0,1.0,0,2,Hyderabad,NTPC Pvt. Ltd.,514,8.4,4317.6
11,23.0,1.0,7.0,1.0,0,2,Hyderabad,Jaiprakash Power,514,8.4,4317.6
14,23.0,3.0,22.0,1.0,0,2,Hyderabad,Guj Ind Power,514,8.4,4317.6
20,22.0,0.0,4.0,1.0,0,2,Hyderabad,Sunil Hitech Eng,315,8.4,2646.0
15,23.0,2.0,3.0,1.0,0,2,Hyderabad,TransRail Lighting,315,8.4,2646.0
21,23.0,2.0,10.0,1.0,0,2,Hyderabad,Jyoti Structure,619,8.4,5199.6
21,23.0,1.0,13.0,12.0,0,2,Hyderabad,Sunil Hitech Eng,602,8.4,5056.8
20,23.0,0.0,15.0,1.0,0,2,Hyderabad,Kalpataru Power,482,8.4,4048.8
19,22.0,3.0,15.0,12.0,0,2,Hyderabad,Torrent Power Ltd.,525,8.4,4410.0
20,23.0,1.0,11.0,1.0,0,2,Hyderabad,Bonfiglioli Transmission Pvt. Ltd.,586,8.4,4922.400000000000
19,22.0,2.0,5.0,12.0,0,2,Hyderabad,NLC India,635,8.4,5334.0
23,22.0,3.0,7.0,1.0,0,2,Hyderabad,Bonfiglioli Transmission Pvt. Ltd.,635,8.4,5334.0
15,23.0,3.0,5.0,12.0,0,2,Hyderabad,SJVN Ltd.,685,8.4,5754.0
18,22.0,3.0,16.0,12.0,0,2,Hyderabad,Orient Green,547,8.4,4594.8
8,20.0,3.0,22.0,1.0,0,2,Hyderabad,Toshiba Transmission & Distribution Systems (India) Pvt. Ltd.,547,8.4,4594.8
12,23.0,2.0,8.0,1.0,0,2,Hyderabad,NHPC,547,8.4,4594.8
12,23.0,2.0,16.0,1.0,0,2,Hyderabad,Ratnagiri Gas and Power Pvt. Ltd. (RGPPL),430,8.4,3612.0
19,23.0,0.0,12.0,1.0,0,2,Hyderabad,Reliance Energy,430,8.4,3612.0
19,22.0,1.0,15.0,1.0,0,2,Hyderabad,Neueon Towers / Sujana Towers Ltd.,457,8.4,3838.8
13,23.0,2.0,20.0,1.0,0,2,Hyderabad,Bonfiglioli Transmission Pvt. Ltd.,461,8.4,3872.4
10,20.0,0.0,20.0,1.0,0,2,Hyderabad,Guj Ind Power,328,8.4,2755.2000000000000
7,22.0,1.0,7.0,1.0,0,2,Hyderabad,NHPC,246,8.4,2066.4
20,23.0,3.0,8.0,1.0,0,2,Hyderabad,Power Grid Corp,590,8.4,4956.0
17,23.0,3.0,15.0,1.0,0,2,Hyderabad,Neueon Towers / Sujana Towers Ltd.,607,8.4,5098.8
23,22.0,1.0,17.0,1.0,0,2,Hyderabad,Power Grid Corp,607,8.4,5098.8
21,23.0,3.0,13.0,12.0,0,2,Hyderabad,SJVN Ltd.,692,8.4,5812.8
18,23.0,1.0,12.0,1.0,0,2,Hyderabad,Sterlite Power Transmission Ltd,600,8.4,5040.0
22,23.0,2.0,18.0,1.0,0,2,Hyderabad,Indowind Energy,608,8.4,5107.2
8,17.0,0.0,14.0,7.0,0,2,Hyderabad,NLC India,476,8.4,3998.4
21,23.0,3.0,4.0,1.0,0,2,Hyderabad,Jyoti Structure,433,8.4,3637.2000000000000
17,23.0,2.0,20.0,1.0,0,2,Hyderabad,NLC India,665,8.4,5586.0
5,19.0,0.0,10.0,1.0,0,2,Hyderabad,Jaiprakash Power,197,8.4,1654.8000000000000
9,23.0,3.0,20.0,1.0,0,2,Hyderabad,KEC International,571,8.4,4796.400000000000
11,23.0,3.0,14.0,1.0,0,2,Hyderabad,Ringfeder Power Transmission India Pvt. Ltd.,571,8.4,4796.400000000000
7,19.0,3.0,21.0,1.0,0,2,Hyderabad,Reliance Power,571,8.4,4796.400000000000
19,22.0,2.0,4.0,1.0,0,2,Hyderabad,Unitech Power Transmission Ltd.,382,8.4,3208.8
6,17.0,1.0,11.0,1.0,0,2,Hyderabad,Sunil Hitech Eng,251,8.4,2108.4
7,20.0,0.0,21.0,1.0,0,2,Hyderabad,Indowind Energy,287,8.4,2410.8
19,23.0,0.0,19.0,1.0,0,2,Hyderabad,Sunil Hitech Eng,439,8.4,3687.6000000000000
17,22.0,3.0,14.0,1.0,0,2,Hyderabad,"Maha Transco – Maharashtra State Electricity Transmission Co, Ltd.",439,8.4,3687.6000000000000
23,22.0,3.0,5.0,1.0,0,2,Hyderabad,Reliance Power,412,8.4,3460.8
16,22.0,3.0,15.0,1.0,0,2,Hyderabad,Kalpataru Power,469,8.4,3939.6000000000000
13,22.0,3.0,11.0,12.0,0,2,Hyderabad,Bonfiglioli Transmission Pvt. Ltd.,579,8.4,4863.6
16,23.0,0.0,15.0,1.0,0,2,Hyderabad,TransRail Lighting,350,8.4,2940.0
9,18.0,2.0,21.0,1.0,0,2,Hyderabad,NLC India,350,8.4,2940.0
19,23.0,3.0,15.0,12.0,0,2,Hyderabad,TransRail Lighting,784,8.4,6585.6
17,22.0,0.0,20.0,1.0,0,2,Hyderabad,JSW Energy Ltd.,408,8.4,3427.2000000000000
11,23.0,0.0,9.0,1.0,0,2,Hyderabad,Indowind Energy,408,8.4,3427.2000000000000
9,19.0,2.0,6.0,7.0,0,2,Hyderabad,SJVN Ltd.,312,8.4,2620.8
23,22.0,3.0,9.0,1.0,0,2,Hyderabad,Unitech Power Transmission Ltd.,532,8.4,4468.8
5,21.0,2.0,16.0,1.0,0,2,Hyderabad,TransRail Lighting,378,8.4,3175.2000000000000
5,20.0,1.0,7.0,1.0,0,2,Hyderabad,Guj Ind Power,378,8.4,3175.2000000000000
5,20.0,2.0,6.0,1.0,0,2,Hyderabad,Orient Green,465,8.4,3906.0
17,23.0,2.0,16.0,1.0,0,2,Hyderabad,Sterlite Power Transmission Ltd,398,8.4,3343.2000000000000
17,23.0,3.0,22.0,1.0,0,2,Hyderabad,Sterlite Power Transmission Ltd,560,8.4,4704.0
11,23.0,3.0,16.0,1.0,0,2,Hyderabad,NTPC Pvt. Ltd.,560,8.4,4704.0
13,22.0,1.0,5.0,1.0,0,2,Hyderabad,Toshiba Transmission & Distribution Systems (India) Pvt. Ltd.,347,8.4,2914.8
10,18.0,2.0,8.0,1.0,0,2,Hyderabad,NLC India,402,8.4,3376.8
5,22.0,3.0,6.0,1.0,0,2,Hyderabad,Guj Ind Power,294,8.4,2469.6
18,22.0,3.0,20.0,12.0,0,2,Hyderabad,Torrent Power Ltd.,658,8.4,5527.2
12,23.0,3.0,19.0,1.0,0,2,Hyderabad,Bonfiglioli Transmission Pvt. Ltd.,658,8.4,5527.2
19,22.0,3.0,13.0,1.0,0,2,Hyderabad,CESC,658,8.4,5527.2
15,23.0,3.0,17.0,1.0,0,2,Hyderabad,JSW Energy Ltd.,689,8.4,5787.6
23,23.0,0.0,11.0,1.0,0,2,Hyderabad,Toshiba Transmission & Distribution Systems (India) Pvt. Ltd.,334,8.4,2805.6
18,23.0,3.0,20.0,1.0,0,2,Hyderabad,Jyoti Structure,661,8.4,5552.400000000000
8,23.0,3.0,21.0,1.0,0,2,Hyderabad,Jyoti Structure,479,8.4,4023.6000000000000
8,17.0,3.0,10.0,1.0,0,2,Hyderabad,Orient Green,244,8.4,2049.6
12,23.0,0.0,12.0,1.0,0,2,Hyderabad,GE T&D India Limited,530,8.4,4452.0
13,22.0,1.0,12.0,1.0,0,2,Hyderabad,Ratnagiri Gas and Power Pvt. Ltd. (RGPPL),471,8.4,3956.4
17,22.0,0.0,5.0,1.0,0,2,Hyderabad,"Maha Transco – Maharashtra State Electricity Transmission Co, Ltd.",477,8.4,4006.8
12,22.0,0.0,14.0,1.0,0,2,Hyderabad,JSW Energy Ltd.,477,8.4,4006.8
15,23.0,2.0,8.0,1.0,0,2,Hyderabad,JSW Energy Ltd.,357,8.4,2998.8
10,17.0,1.0,13.0,7.0,0,2,Hyderabad,GE T&D India Limited,305,8.4,2562.0
22,22.0,2.0,5.0,1.0,0,2,Hyderabad,NTPC Pvt. Ltd.,367,8.4,3082.8
10,17.0,0.0,13.0,1.0,0,2,Hyderabad,Jaiprakash Power,300,8.4,2520.0
14,22.0,1.0,13.0,1.0,0,2,Hyderabad,"Maha Transco – Maharashtra State Electricity Transmission Co, Ltd.",541,8.4,4544.400000000000
19,22.0,1.0,18.0,12.0,0,2,Hyderabad,Sunil Hitech Eng,647,8.4,5434.8
9,20.0,3.0,20.0,1.0,0,2,Hyderabad,Adani Power Ltd.,628,8.4,5275.2
11,22.0,0.0,22.0,12.0,0,2,Hyderabad,Kalpataru Power,654,8.4,5493.6
8,22.0,0.0,17.0,1.0,0,2,Hyderabad,Unitech Power Transmission Ltd.,386,8.4,3242.4
18,22.0,2.0,13.0,1.0,0,2,Hyderabad,Neueon Towers / Sujana Towers Ltd.,505,8.4,4242.0
5,21.0,1.0,4.0,1.0,0,2,Hyderabad,SJVN Ltd.,413,8.4,3469.2000000000000
19,22.0,2.0,22.0,1.0,0,2,Hyderabad,Adani Power Ltd.,700,8.4,5880.0
10,23.0,0.0,8.0,1.0,0,2,Hyderabad,KEC International,307,8.4,2578.8
5,20.0,2.0,16.0,1.0,0,2,Hyderabad,Orient Green,307,8.4,2578.8
6,20.0,3.0,4.0,1.0,0,2,Hyderabad,Sunil Hitech Eng,252,8.4,2116.8
8,18.0,3.0,17.0,1.0,0,2,Hyderabad,Adani Power Ltd.,339,8.4,2847.6
9,17.0,1.0,13.0,1.0,0,2,Hyderabad,Jaiprakash Power,241,8.4,2024.4
10,18.0,2.0,7.0,1.0,0,2,Hyderabad,Toshiba Transmission & Distribution Systems (India) Pvt. Ltd.,331,8.4,2780.4
6,20.0,1.0,7.0,7.0,0,2,Hyderabad,JSW Energy Ltd.,388,8.4,3259.2000000000000
13,22.0,3.0,11.0,12.0,0,2,Hyderabad,Indowind Energy,630,8.4,5292.0
5,17.0,3.0,5.0,1.0,0,2,Hyderabad,SJVN Ltd.,448,8.4,3763.2000000000000
21,23.0,0.0,10.0,1.0,0,2,Hyderabad,Sterlite Power Transmission Ltd,473,8.4,3973.2000000000000
11,23.0,3.0,16.0,12.0,0,2,Hyderabad,JSW Energy Ltd.,491,8.4,4124.400000000000
13,22.0,3.0,6.0,1.0,0,2,Hyderabad,Jyoti Structure,317,8.4,2662.8
14,22.0,2.0,9.0,12.0,0,2,Hyderabad,TransRail Lighting,640,8.4,5376.0
6,22.0,0.0,4.0,1.0,0,2,Hyderabad,Guj Ind Power,436,8.4,3662.4
11,23.0,0.0,7.0,1.0,0,2,Hyderabad,Optibelt Power Transmission India Private Limited,466,8.4,3914.4
20,23.0,0.0,12.0,1.0,0,2,Hyderabad,Guj Ind Power,538,8.4,4519.2
21,22.0,3.0,8.0,1.0,0,2,Hyderabad,GE T&D India Limited,554,8.4,4653.6
18,23.0,0.0,3.0,1.0,0,2,Hyderabad,L&T Transmission & Distribution,453,8.4,3805.2000000000000
22,23.0,3.0,20.0,1.0,0,2,Hyderabad,Reliance Energy,684,8.4,5745.6
11,23.0,0.0,11.0,1.0,0,2,Hyderabad,Neueon Towers / Sujana Towers Ltd.,298,8.4,2503.2000000000000
23,23.0,3.0,18.0,12.0,0,2,Hyderabad,Reliance Power,793,8.4,6661.200000000000
11,22.0,0.0,5.0,1.0,0,2,Hyderabad,Jyoti Structure,235,8.4,1974.0
16,22.0,1.0,5.0,1.0,0,2,Hyderabad,L&T Transmission & Distribution,393,8.4,3301.2000000000000
5,21.0,2.0,5.0,1.0,0,2,Hyderabad,SJVN Ltd.,427,8.4,3586.8
8,20.0,0.0,13.0,7.0,0,2,Hyderabad,NLC India,352,8.4,2956.8
14,22.0,2.0,6.0,1.0,0,2,Nagpur,Tata Power Company Ltd.,553,8.9,4921.7
20,23.0,0.0,5.0,12.0,0,2,Nagpur,Reliance Power,440,8.9,3916.0
15,23.0,2.0,7.0,1.0,0,2,Nagpur,"Maha Transco – Maharashtra State Electricity Transmission Co, Ltd.",352,8.9,3132.8
15,23.0,2.0,13.0,1.0,0,2,Nagpur,Orient Green,581,8.9,5170.900000000000
7,17.0,0.0,12.0,1.0,0,2,Nagpur,Reliance Energy,389,8.9,3462.1000000000000
7,22.0,3.0,8.0,1.0,0,2,Nagpur,L&T Transmission & Distribution,389,8.9,3462.1000000000000
12,23.0,1.0,22.0,1.0,0,2,Nagpur,Ringfeder Power Transmission India Pvt. Ltd.,389,8.9,3462.1000000000000
17,22.0,3.0,11.0,1.0,0,2,Nagpur,Indowind Energy,612,8.9,5446.8
13,23.0,2.0,6.0,1.0,0,2,Nagpur,Reliance Power,554,8.9,4930.6
13,22.0,1.0,4.0,1.0,0,2,Nagpur,Sunil Hitech Eng,463,8.9,4120.7
22,22.0,1.0,22.0,1.0,0,2,Nagpur,Reliance Energy,431,8.9,3835.9
7,22.0,3.0,13.0,1.0,0,2,Nagpur,Ratnagiri Gas and Power Pvt. Ltd. (RGPPL),506,8.9,4503.400000000000
18,22.0,1.0,9.0,1.0,0,2,Nagpur,Sunil Hitech Eng,411,8.9,3657.9
14,23.0,0.0,6.0,1.0,0,2,Nagpur,Bonfiglioli Transmission Pvt. Ltd.,247,8.9,2198.3
23,23.0,0.0,12.0,12.0,0,2,Nagpur,Jyoti Structure,608,8.9,5411.2
13,22.0,0.0,12.0,12.0,0,2,Nagpur,Reliance Energy,434,8.9,3862.6000000000000
19,23.0,1.0,9.0,1.0,0,2,Nagpur,NHPC,454,8.9,4040.6000000000000
16,22.0,1.0,8.0,12.0,0,2,Nagpur,"Maha Transco – Maharashtra State Electricity Transmission Co, Ltd.",504,8.9,4485.6
17,22.0,1.0,10.0,12.0,0,2,Nagpur,"Maha Transco – Maharashtra State Electricity Transmission Co, Ltd.",504,8.9,4485.6
10,21.0,1.0,3.0,1.0,0,2,Nagpur,KEC International,343,8.9,3052.7000000000000
19,22.0,3.0,8.0,1.0,0,2,Nagpur,NTPC Pvt. Ltd.,488,8.9,4343.2
13,22.0,2.0,10.0,1.0,0,2,Nagpur,Guj Ind Power,488,8.9,4343.2
22,23.0,1.0,13.0,1.0,0,2,Nagpur,NHPC,488,8.9,4343.2
19,22.0,0.0,17.0,1.0,0,2,Nagpur,Power Grid Corp,410,8.9,3649.0
18,23.0,3.0,14.0,1.0,0,2,Nagpur,KEC International,664,8.9,5909.6
22,23.0,2.0,20.0,1.0,0,2,Nagpur,Reliance Power,522,8.9,4645.8
11,23.0,3.0,15.0,12.0,0,2,Nagpur,KEC International,668,8.9,5945.2
15,23.0,0.0,16.0,1.0,0,2,Nagpur,"Maha Transco – Maharashtra State Electricity Transmission Co, Ltd.",594,8.9,5286.6
5,22.0,1.0,18.0,1.0,0,2,Nagpur,Jyoti Structure,350,8.9,3115.0
8,20.0,0.0,18.0,1.0,0,2,Nagpur,Adani Power Ltd.,441,8.9,3924.9
12,23.0,2.0,16.0,1.0,0,2,Nagpur,Power Grid Corp,625,8.9,5562.5
18,22.0,1.0,11.0,1.0,0,2,Nagpur,SJVN Ltd.,494,8.9,4396.6
7,20.0,0.0,22.0,1.0,0,2,Nagpur,NLC India,558,8.9,4966.2
18,22.0,1.0,6.0,1.0,0,2,Nagpur,Ratnagiri Gas and Power Pvt. Ltd. (RGPPL),428,8.9,3809.2000000000000
16,23.0,0.0,20.0,1.0,0,2,Nagpur,Adani Power Ltd.,492,8.9,4378.8
11,23.0,1.0,12.0,12.0,0,2,Nagpur,Sunil Hitech Eng,455,8.9,4049.5
21,23.0,1.0,21.0,1.0,0,2,Nagpur,Toshiba Transmission & Distribution Systems (India) Pvt. Ltd.,455,8.9,4049.5
21,22.0,0.0,18.0,1.0,0,2,Nagpur,Bonfiglioli Transmission Pvt. Ltd.,636,8.9,5660.400000000000
5,22.0,2.0,7.0,7.0,0,2,Nagpur,Toshiba Transmission & Distribution Systems (India) Pvt. Ltd.,539,8.9,4797.1
16,23.0,0.0,12.0,1.0,0,2,Nagpur,Power Grid Corp,360,8.9,3204.0
16,23.0,2.0,17.0,1.0,0,2,Nagpur,Optibelt Power Transmission India Private Limited,601,8.9,5348.900000000000
23,22.0,2.0,21.0,1.0,0,2,Nagpur,Kalpataru Power,702,8.9,6247.8
12,23.0,2.0,3.0,12.0,0,2,Nagpur,Adani Power Ltd.,424,8.9,3773.6000000000000
23,23.0,1.0,7.0,1.0,0,2,Nagpur,NHPC,424,8.9,3773.6000000000000
21,22.0,0.0,6.0,1.0,0,2,Nagpur,NTPC Pvt. Ltd.,358,8.9,3186.2000000000000
10,21.0,0.0,3.0,7.0,0,2,Nagpur,Kalpataru Power,484,8.9,4307.6
11,23.0,3.0,16.0,1.0,0,2,Nagpur,Toshiba Transmission & Distribution Systems (India) Pvt. Ltd.,629,8.9,5598.1
11,22.0,0.0,17.0,1.0,0,2,Nagpur,NHPC,386,8.9,3435.4
6,23.0,1.0,17.0,1.0,0,2,Nagpur,TransRail Lighting,530,8.9,4717.0
20,22.0,2.0,16.0,1.0,0,2,Nagpur,Sunil Hitech Eng,530,8.9,4717.0
5,23.0,2.0,4.0,1.0,0,2,Nagpur,Sterlite Power Transmission Ltd,251,8.9,2233.9
21,22.0,2.0,7.0,1.0,0,2,Nagpur,Guj Ind Power,493,8.9,4387.7
22,23.0,1.0,21.0,1.0,0,2,Nagpur,Orient Green,550,8.9,4895.0
18,23.0,3.0,16.0,1.0,0,2,Nagpur,Kalpataru Power,592,8.9,5268.8
17,23.0,2.0,3.0,1.0,0,2,Nagpur,Toshiba Transmission & Distribution Systems (India) Pvt. Ltd.,446,8.9,3969.4
13,22.0,1.0,15.0,1.0,0,2,Nagpur,Power Grid Corp,445,8.9,3960.5
7,18.0,0.0,21.0,1.0,0,2,Nagpur,Optibelt Power Transmission India Private Limited,503,8.9,4476.7
20,22.0,1.0,12.0,1.0,0,2,Nagpur,CESC,529,8.9,4708.1
8,22.0,3.0,3.0,7.0,0,2,Nagpur,Sunil Hitech Eng,480,8.9,4272.0
11,22.0,1.0,17.0,1.0,0,2,Nagpur,NHPC,480,8.9,4272.0
13,22.0,3.0,13.0,1.0,0,2,Nagpur,Sterlite Power Transmission Ltd,623,8.9,5544.7
10,18.0,0.0,19.0,1.0,0,2,Nagpur,SJVN Ltd.,505,8.9,4494.5
11,23.0,3.0,11.0,1.0,0,2,Nagpur,Torrent Power Ltd.,375,8.9,3337.5
9,18.0,3.0,18.0,7.0,0,2,Nagpur,Jaiprakash Power,617,8.9,5491.3
7,21.0,3.0,12.0,1.0,0,2,Nagpur,Indowind Energy,467,8.9,4156.3
5,21.0,2.0,6.0,1.0,0,2,Nagpur,Reliance Energy,453,8.9,4031.7000000000000
10,22.0,1.0,15.0,1.0,0,2,Nagpur,Sterlite Power Transmission Ltd,465,8.9,4138.5
5,19.0,2.0,20.0,1.0,0,2,Nagpur,Neueon Towers / Sujana Towers Ltd.,465,8.9,4138.5
14,23.0,3.0,21.0,1.0,0,2,Nagpur,GE T&D India Limited,473,8.9,4209.7
20,23.0,2.0,3.0,12.0,0,2,Nagpur,NHPC,563,8.9,5010.7
19,22.0,3.0,11.0,1.0,0,2,Nagpur,KEC International,563,8.9,5010.7
18,23.0,3.0,22.0,1.0,0,2,Nagpur,Power Grid Corp,646,8.9,5749.400000000000
6,21.0,1.0,22.0,1.0,0,2,Nagpur,Unitech Power Transmission Ltd.,590,8.9,5251.0
13,22.0,2.0,22.0,12.0,0,2,Nagpur,Orient Green,521,8.9,4636.900000000000
20,22.0,0.0,9.0,12.0,0,2,Nagpur,Bonfiglioli Transmission Pvt. Ltd.,501,8.9,4458.900000000000
11,22.0,0.0,17.0,1.0,0,2,Nagpur,Ringfeder Power Transmission India Pvt. Ltd.,570,8.9,5073.0
20,23.0,3.0,5.0,1.0,0,2,Nagpur,Indowind Energy,570,8.9,5073.0
21,23.0,1.0,14.0,1.0,0,2,Nagpur,Kalpataru Power,485,8.9,4316.5
18,22.0,2.0,10.0,12.0,0,2,Nagpur,Adani Power Ltd.,485,8.9,4316.5
17,23.0,0.0,9.0,1.0,0,2,Nagpur,"Maha Transco – Maharashtra State Electricity Transmission Co, Ltd.",549,8.9,4886.1
21,23.0,3.0,22.0,1.0,0,2,Nagpur,Reliance Energy,514,8.9,4574.6
16,23.0,3.0,15.0,1.0,0,2,Nagpur,KEC International,514,8.9,4574.6
11,23.0,3.0,17.0,1.0,0,2,Nagpur,Jaiprakash Power,514,8.9,4574.6
19,23.0,0.0,21.0,12.0,0,2,Nagpur,Reliance Power,642,8.9,5713.8
22,22.0,3.0,9.0,12.0,0,2,Nagpur,"Maha Transco – Maharashtra State Electricity Transmission Co, Ltd.",656,8.9,5838.400000000000
18,22.0,0.0,4.0,1.0,0,2,Nagpur,Sunil Hitech Eng,246,8.9,2189.4
20,23.0,0.0,10.0,1.0,0,2,Nagpur,Neueon Towers / Sujana Towers Ltd.,546,8.9,4859.400000000000
15,23.0,1.0,13.0,1.0,0,2,Nagpur,"Maha Transco – Maharashtra State Electricity Transmission Co, Ltd.",462,8.9,4111.8
17,22.0,2.0,7.0,1.0,0,2,Nagpur,Tata Power Company Ltd.,462,8.9,4111.8
10,19.0,3.0,5.0,7.0,0,2,Nagpur,Sterlite Power Transmission Ltd,390,8.9,3471.0
10,20.0,2.0,17.0,1.0,0,2,Nagpur,Adani Power Ltd.,324,8.9,2883.6
8,17.0,0.0,15.0,1.0,0,2,Nagpur,Orient Green,415,8.9,3693.5
12,23.0,2.0,8.0,1.0,0,2,Nagpur,Reliance Power,348,8.9,3097.2000000000000
6,21.0,3.0,19.0,1.0,0,2,Nagpur,CESC,576,8.9,5126.400000000000
19,22.0,0.0,14.0,1.0,0,2,Nagpur,SJVN Ltd.,576,8.9,5126.400000000000
19,23.0,2.0,4.0,1.0,0,2,Nagpur,Neueon Towers / Sujana Towers Ltd.,564,8.9,5019.6
19,23.0,0.0,10.0,1.0,0,2,Nagpur,Orient Green,564,8.9,5019.6
5,22.0,2.0,11.0,1.0,0,2,Nagpur,SJVN Ltd.,525,8.9,4672.5
8,20.0,1.0,9.0,7.0,0,2,Nagpur,"Maha Transco – Maharashtra State Electricity Transmission Co, Ltd.",525,8.9,4672.5
18,23.0,1.0,17.0,1.0,0,2,Nagpur,Jaiprakash Power,653,8.9,5811.7
15,23.0,3.0,16.0,1.0,0,2,Nagpur,Bonfiglioli Transmission Pvt. Ltd.,653,8.9,5811.7
6,20.0,0.0,18.0,1.0,0,2,Nagpur,Reliance Energy,335,8.9,2981.5
22,22.0,2.0,10.0,1.0,0,2,Nagpur,Bonfiglioli Transmission Pvt. Ltd.,578,8.9,5144.2
16,23.0,3.0,14.0,12.0,0,2,Nagpur,Bonfiglioli Transmission Pvt. Ltd.,578,8.9,5144.2
19,22.0,1.0,13.0,1.0,0,2,Nagpur,KEC International,578,8.9,5144.2
14,22.0,2.0,9.0,1.0,0,2,Nagpur,KEC International,531,8.9,4725.900000000000
21,22.0,0.0,21.0,1.0,0,2,Nagpur,TransRail Lighting,557,8.9,4957.3
17,23.0,2.0,21.0,1.0,0,2,Nagpur,NTPC Pvt. Ltd.,584,8.9,5197.6
22,22.0,2.0,13.0,1.0,0,2,Nagpur,Neueon Towers / Sujana Towers Ltd.,584,8.9,5197.6
6,19.0,3.0,10.0,1.0,0,2,Nagpur,Torrent Power Ltd.,392,8.9,3488.8
15,23.0,3.0,5.0,1.0,0,2,Nagpur,L&T Transmission & Distribution,392,8.9,3488.8
20,23.0,3.0,3.0,1.0,0,2,Nagpur,Ringfeder Power Transmission India Pvt. Ltd.,354,8.9,3150.6
17,23.0,3.0,15.0,1.0,0,2,Nagpur,Ringfeder Power Transmission India Pvt. Ltd.,643,8.9,5722.7
20,22.0,0.0,17.0,1.0,0,2,Nagpur,CESC,624,8.9,5553.6
11,22.0,1.0,7.0,1.0,0,2,Nagpur,SJVN Ltd.,250,8.9,2225.0
6,22.0,1.0,6.0,1.0,0,2,Nagpur,TransRail Lighting,451,8.9,4013.9
12,22.0,0.0,6.0,1.0,0,2,Nagpur,Optibelt Power Transmission India Private Limited,433,8.9,3853.7000000000000
6,18.0,2.0,5.0,7.0,0,2,Nagpur,Sterlite Power Transmission Ltd,315,8.9,2803.5
8,20.0,2.0,9.0,1.0,0,2,Nagpur,Ratnagiri Gas and Power Pvt. Ltd. (RGPPL),315,8.9,2803.5
7,21.0,1.0,5.0,1.0,0,2,Nagpur,Reliance Energy,357,8.9,3177.3
7,17.0,2.0,7.0,1.0,0,2,Nagpur,Jaiprakash Power,279,8.9,2483.1
6,23.0,2.0,6.0,1.0,0,2,Nagpur,Torrent Power Ltd.,279,8.9,2483.1
5,18.0,3.0,4.0,1.0,0,2,Nagpur,CESC,190,8.9,1691.0
9,23.0,3.0,5.0,1.0,0,2,Nagpur,NTPC Pvt. Ltd.,471,8.9,4191.900000000000
5,19.0,2.0,12.0,7.0,0,2,Nagpur,Jaiprakash Power,471,8.9,4191.900000000000
6,21.0,0.0,16.0,1.0,0,2,Nagpur,Optibelt Power Transmission India Private Limited,252,8.9,2242.8
6,23.0,0.0,15.0,1.0,0,2,Nagpur,Guj Ind Power,331,8.9,2945.9
11,22.0,0.0,14.0,1.0,0,2,Nagpur,Kalpataru Power,331,8.9,2945.9
9,19.0,3.0,3.0,1.0,0,2,Nagpur,GE T&D India Limited,262,8.9,2331.8
8,18.0,3.0,13.0,1.0,0,2,Nagpur,Indowind Energy,458,8.9,4076.2000000000000
21,23.0,3.0,15.0,1.0,0,2,Nagpur,Reliance Power,458,8.9,4076.2000000000000
15,22.0,3.0,5.0,1.0,0,2,Nagpur,Neueon Towers / Sujana Towers Ltd.,474,8.9,4218.6
18,22.0,3.0,16.0,1.0,0,2,Nagpur,KEC International,474,8.9,4218.6
18,22.0,1.0,19.0,1.0,0,2,Nagpur,Sterlite Power Transmission Ltd,491,8.9,4369.900000000000
5,19.0,0.0,17.0,1.0,0,2,Nagpur,Reliance Power,303,8.9,2696.7000000000000
10,20.0,3.0,4.0,1.0,0,2,Nagpur,Sterlite Power Transmission Ltd,400,8.9,3560.0
23,22.0,3.0,14.0,1.0,0,2,Nagpur,Orient Green,511,8.9,4547.900000000000
15,22.0,1.0,19.0,1.0,0,2,Nagpur,Sunil Hitech Eng,559,8.9,4975.1
20,22.0,2.0,8.0,1.0,0,2,Nagpur,Indowind Energy,559,8.9,4975.1
20,23.0,0.0,21.0,1.0,0,2,Nagpur,Optibelt Power Transmission India Private Limited,559,8.9,4975.1
9,19.0,0.0,5.0,1.0,0,2,Nagpur,Neueon Towers / Sujana Towers Ltd.,414,8.9,3684.6000000000000
10,23.0,3.0,19.0,1.0,0,2,Nagpur,JSW Energy Ltd.,414,8.9,3684.6000000000000
23,23.0,1.0,7.0,12.0,0,2,Nagpur,Jaiprakash Power,432,8.9,3844.8
14,23.0,1.0,13.0,1.0,0,2,Nagpur,Orient Green,450,8.9,4005.0
14,22.0,2.0,17.0,1.0,0,2,Nagpur,NLC India,409,8.9,3640.1000000000000
21,23.0,3.0,17.0,1.0,0,2,Nagpur,Ratnagiri Gas and Power Pvt. Ltd. (RGPPL),519,8.9,4619.1
23,23.0,2.0,16.0,12.0,0,2,Nagpur,JSW Energy Ltd.,707,8.9,6292.3
14,22.0,3.0,4.0,1.0,0,2,Nagpur,KEC International,418,8.9,3720.2000000000000
7,20.0,1.0,7.0,1.0,0,2,Nagpur,NLC India,418,8.9,3720.2000000000000
15,23.0,1.0,15.0,1.0,0,2,Nagpur,"Maha Transco – Maharashtra State Electricity Transmission Co, Ltd.",344,8.9,3061.6
5,21.0,0.0,5.0,1.0,0,2,Nagpur,GE T&D India Limited,237,8.9,2109.3
14,23.0,3.0,22.0,1.0,0,2,Nagpur,TransRail Lighting,673,8.9,5989.7
18,23.0,2.0,19.0,1.0,0,2,Nagpur,Torrent Power Ltd.,560,8.9,4984.0
5,22.0,3.0,14.0,1.0,0,2,Nagpur,Ringfeder Power Transmission India Pvt. Ltd.,560,8.9,4984.0
21,22.0,1.0,16.0,1.0,0,2,Nagpur,SJVN Ltd.,516,8.9,4592.400000000000
15,23.0,0.0,6.0,1.0,0,2,Nagpur,Adani Power Ltd.,367,8.9,3266.3
10,18.0,3.0,19.0,1.0,0,2,Nagpur,Jaiprakash Power,367,8.9,3266.3
9,17.0,2.0,11.0,1.0,0,2,Nagpur,NLC India,422,8.9,3755.8
19,22.0,1.0,7.0,12.0,0,2,Nagpur,NTPC Pvt. Ltd.,640,8.9,5696.0
14,22.0,0.0,6.0,1.0,0,2,Nagpur,Toshiba Transmission & Distribution Systems (India) Pvt. Ltd.,248,8.9,2207.2000000000000
10,23.0,0.0,5.0,1.0,0,2,Nagpur,Unitech Power Transmission Ltd.,301,8.9,2678.9
12,23.0,2.0,5.0,1.0,0,2,Nagpur,Sterlite Power Transmission Ltd,430,8.9,3827.0
11,23.0,2.0,11.0,1.0,0,2,Nagpur,Jyoti Structure,470,8.9,4183.0
20,23.0,2.0,6.0,1.0,0,2,Nagpur,Ratnagiri Gas and Power Pvt. Ltd. (RGPPL),468,8.9,4165.2
12,23.0,0.0,16.0,1.0,0,2,Nagpur,JSW Energy Ltd.,319,8.9,2839.1
11,23.0,1.0,8.0,1.0,0,2,Nagpur,Jaiprakash Power,310,8.9,2759.0
5,21.0,1.0,4.0,1.0,0,2,Nagpur,Reliance Power,310,8.9,2759.0
7,21.0,0.0,4.0,1.0,0,2,Nagpur,Jaiprakash Power,245,8.9,2180.5
11,22.0,1.0,17.0,1.0,0,2,Nagpur,Adani Power Ltd.,472,8.9,4200.8
5,20.0,2.0,18.0,7.0,0,2,Nagpur,Reliance Power,567,8.9,5046.3
12,23.0,3.0,18.0,1.0,0,2,Nagpur,Ringfeder Power Transmission India Pvt. Ltd.,567,8.9,5046.3
14,23.0,2.0,5.0,12.0,0,2,Nagpur,NLC India,507,8.9,4512.3
11,23.0,0.0,7.0,12.0,0,2,Nagpur,Ratnagiri Gas and Power Pvt. Ltd. (RGPPL),507,8.9,4512.3
15,23.0,2.0,21.0,1.0,0,2,Nagpur,Neueon Towers / Sujana Towers Ltd.,507,8.9,4512.3
22,22.0,0.0,4.0,1.0,0,2,Nagpur,Reliance Power,361,8.9,3212.9
20,22.0,2.0,13.0,1.0,0,2,Nagpur,Reliance Energy,628,8.9,5589.2
23,22.0,2.0,17.0,12.0,0,2,Nagpur,NLC India,628,8.9,5589.2
22,23.0,2.0,10.0,1.0,0,2,Nagpur,Adani Power Ltd.,538,8.9,4788.2
11,22.0,1.0,15.0,1.0,0,2,Nagpur,JSW Energy Ltd.,417,8.9,3711.3
8,22.0,0.0,3.0,1.0,0,2,Nagpur,NHPC,313,8.9,2785.7000000000000
5,22.0,2.0,8.0,1.0,0,2,Nagpur,Jyoti Structure,313,8.9,2785.7000000000000
6,19.0,1.0,17.0,1.0,0,2,Nagpur,Sunil Hitech Eng,333,8.9,2963.7000000000000
8,22.0,0.0,22.0,1.0,0,2,Nagpur,"Maha Transco – Maharashtra State Electricity Transmission Co, Ltd.",498,8.9,4432.2
9,19.0,1.0,17.0,1.0,0,2,Nagpur,L&T Transmission & Distribution,498,8.9,4432.2
17,23.0,3.0,19.0,12.0,0,2,Nagpur,Jaiprakash Power,740,8.9,6586.0
21,23.0,3.0,18.0,1.0,0,2,Nagpur,Orient Green,606,8.9,5393.400000000000
17,22.0,0.0,5.0,1.0,0,2,Nagpur,CESC,394,8.9,3506.6000000000000
21,23.0,1.0,15.0,12.0,0,2,Nagpur,NHPC,698,8.9,6212.2
23,23.0,1.0,20.0,1.0,0,2,Nagpur,Sterlite Power Transmission Ltd,698,8.9,6212.2
14,22.0,2.0,4.0,1.0,0,2,Nagpur,CESC,274,8.9,2438.6
10,19.0,0.0,8.0,1.0,0,2,Nagpur,Adani Power Ltd.,436,8.9,3880.4
12,22.0,2.0,22.0,1.0,0,2,Nagpur,Orient Green,421,8.9,3746.9
22,23.0,2.0,7.0,1.0,0,2,Nagpur,L&T Transmission & Distribution,585,8.9,5206.5
8,22.0,3.0,7.0,7.0,0,2,Nagpur,NLC India,330,8.9,2937.0
16,22.0,0.0,15.0,1.0,0,2,Nagpur,Ratnagiri Gas and Power Pvt. Ltd. (RGPPL),496,8.9,4414.400000000000
16,22.0,1.0,7.0,1.0,0,2,Nagpur,Reliance Energy,496,8.9,4414.400000000000
21,23.0,3.0,15.0,12.0,0,2,Nagpur,Reliance Energy,733,8.9,6523.7
21,23.0,0.0,15.0,12.0,0,2,Nagpur,Jaiprakash Power,666,8.9,5927.400000000000
6,18.0,0.0,21.0,1.0,0,2,Nagpur,Sterlite Power Transmission Ltd,289,8.9,2572.1
22,22.0,2.0,6.0,12.0,0,2,Nagpur,NLC India,595,8.9,5295.5
15,22.0,3.0,10.0,1.0,0,2,Nagpur,Orient Green,613,8.9,5455.7
20,23.0,3.0,18.0,1.0,0,2,Nagpur,Reliance Power,483,8.9,4298.7
22,22.0,1.0,4.0,1.0,0,2,Nagpur,NLC India,483,8.9,4298.7
10,20.0,1.0,7.0,1.0,0,2,Nagpur,JSW Energy Ltd.,339,8.9,3017.1
23,22.0,1.0,6.0,12.0,0,2,Nagpur,TransRail Lighting,457,8.9,4067.3
15,23.0,3.0,15.0,12.0,0,2,Nagpur,Jaiprakash Power,632,8.9,5624.8
17,23.0,0.0,3.0,1.0,0,2,Nagpur,Torrent Power Ltd.,257,8.9,2287.3
12,22.0,1.0,16.0,1.0,0,2,Nagpur,CESC,342,8.9,3043.8
5,23.0,3.0,4.0,1.0,0,2,Nagpur,Bonfiglioli Transmission Pvt. Ltd.,520,8.9,4628.0
23,22.0,2.0,5.0,1.0,0,2,Nagpur,Sunil Hitech Eng,369,8.9,3284.1
23,23.0,1.0,10.0,1.0,0,2,Nagpur,Kalpataru Power,489,8.9,4352.1
14,23.0,2.0,14.0,1.0,0,2,Nagpur,JSW Energy Ltd.,572,8.9,5090.8
16,23.0,0.0,16.0,12.0,0,2,Nagpur,Indowind Energy,523,8.9,4654.7
10,22.0,3.0,17.0,7.0,0,2,Nagpur,Ringfeder Power Transmission India Pvt. Ltd.,671,8.9,5971.900000000000
11,22.0,2.0,11.0,1.0,0,2,Nagpur,Orient Green,363,8.9,3230.7000000000000
7,22.0,1.0,18.0,7.0,0,2,Nagpur,JSW Energy Ltd.,393,8.9,3497.7000000000000
19,22.0,1.0,7.0,1.0,0,2,Nagpur,Orient Green,547,8.9,4868.3
14,23.0,0.0,9.0,1.0,0,2,Nagpur,JSW Energy Ltd.,287,8.9,2554.3
19,22.0,2.0,12.0,1.0,0,2,Nagpur,GE T&D India Limited,438,8.9,3898.2000000000000
16,22.0,0.0,11.0,12.0,0,2,Mumbai,Toshiba Transmission & Distribution Systems (India) Pvt. Ltd.,474,9.2,4360.800000000000
21,22.0,3.0,6.0,1.0,0,2,Mumbai,L&T Transmission & Distribution,352,9.2,3238.4000000000000
14,23.0,1.0,13.0,1.0,0,2,Mumbai,NHPC,352,9.2,3238.4000000000000
7,23.0,3.0,7.0,1.0,0,2,Mumbai,NHPC,418,9.2,3845.6
10,21.0,2.0,5.0,1.0,0,2,Mumbai,KEC International,330,9.2,3036.0000000000000
17,22.0,0.0,20.0,1.0,0,2,Mumbai,Adani Power Ltd.,594,9.2,5464.800000000000
10,20.0,0.0,20.0,7.0,0,2,Mumbai,NTPC Pvt. Ltd.,513,9.2,4719.600000000000
5,23.0,2.0,21.0,1.0,0,2,Mumbai,Optibelt Power Transmission India Private Limited,532,9.2,4894.4
20,22.0,1.0,3.0,12.0,0,2,Mumbai,CESC,399,9.2,3670.8000000000000
18,22.0,2.0,10.0,1.0,0,2,Mumbai,Reliance Power,405,9.2,3726.0000000000000
22,22.0,3.0,9.0,1.0,0,2,Mumbai,NHPC,405,9.2,3726.0000000000000
23,23.0,2.0,6.0,1.0,0,2,Mumbai,Tata Power Company Ltd.,378,9.2,3477.6
8,19.0,2.0,13.0,1.0,0,2,Mumbai,Orient Green,483,9.2,4443.600000000000
14,23.0,1.0,4.0,1.0,0,2,Mumbai,Jaiprakash Power,483,9.2,4443.600000000000
22,23.0,2.0,13.0,1.0,0,2,Mumbai,Tata Power Company Ltd.,462,9.2,4250.4
9,23.0,0.0,11.0,1.0,0,2,Mumbai,Indowind Energy,435,9.2,4002.0000000000000
23,22.0,3.0,4.0,1.0,0,2,Mumbai,Sterlite Power Transmission Ltd,488,9.2,4489.600000000000
7,20.0,3.0,8.0,1.0,0,2,Mumbai,SJVN Ltd.,488,9.2,4489.600000000000
6,21.0,0.0,10.0,1.0,0,2,Mumbai,SJVN Ltd.,321,9.2,2953.2
13,23.0,2.0,7.0,12.0,0,2,Mumbai,Adani Power Ltd.,618,9.2,5685.600000000000
22,22.0,0.0,19.0,1.0,0,2,Mumbai,Jyoti Structure,481,9.2,4425.2
5,21.0,2.0,16.0,7.0,0,2,Mumbai,Neueon Towers / Sujana Towers Ltd.,571,9.2,5253.2
17,23.0,0.0,7.0,1.0,0,2,Mumbai,CESC,442,9.2,4066.4000000000000
19,23.0,3.0,19.0,1.0,0,2,Mumbai,CESC,689,9.2,6338.800000000000
5,23.0,2.0,6.0,7.0,0,2,Mumbai,JSW Energy Ltd.,415,9.2,3818.0000000000000
14,22.0,1.0,19.0,1.0,0,2,Mumbai,Sunil Hitech Eng,415,9.2,3818.0000000000000
18,22.0,3.0,6.0,12.0,0,2,Mumbai,Reliance Energy,461,9.2,4241.2
9,23.0,1.0,17.0,1.0,0,2,Mumbai,Power Grid Corp,461,9.2,4241.2
21,23.0,2.0,3.0,1.0,0,2,Mumbai,Indowind Energy,433,9.2,3983.6
12,22.0,0.0,3.0,12.0,0,2,Mumbai,L&T Transmission & Distribution,432,9.2,3974.4000000000000
20,23.0,0.0,7.0,1.0,0,2,Mumbai,Torrent Power Ltd.,527,9.2,4848.4
18,23.0,2.0,9.0,1.0,0,2,Mumbai,Indowind Energy,575,9.2,5290.0
13,22.0,3.0,22.0,1.0,0,2,Mumbai,Sunil Hitech Eng,444,9.2,4084.8000000000000
9,18.0,3.0,9.0,7.0,0,2,Mumbai,Adani Power Ltd.,549,9.2,5050.800000000000
7,17.0,2.0,8.0,1.0,0,2,Mumbai,Sunil Hitech Eng,422,9.2,3882.4000000000000
21,22.0,1.0,10.0,1.0,0,2,Mumbai,Jaiprakash Power,520,9.2,4784.0
12,23.0,2.0,19.0,12.0,0,2,Mumbai,Power Grid Corp,721,9.2,6633.2
21,23.0,2.0,13.0,1.0,0,2,Mumbai,L&T Transmission & Distribution,495,9.2,4554.0
18,22.0,3.0,17.0,1.0,0,2,Mumbai,Jyoti Structure,495,9.2,4554.0
14,22.0,0.0,13.0,1.0,0,2,Mumbai,Torrent Power Ltd.,338,9.2,3109.6
8,17.0,3.0,18.0,1.0,0,2,Mumbai,L&T Transmission & Distribution,413,9.2,3799.6
9,20.0,1.0,10.0,1.0,0,2,Mumbai,NTPC Pvt. Ltd.,413,9.2,3799.6
15,23.0,3.0,6.0,12.0,0,2,Mumbai,GE T&D India Limited,577,9.2,5308.4
12,22.0,0.0,18.0,12.0,0,2,Mumbai,NHPC,632,9.2,5814.4
5,21.0,2.0,18.0,1.0,0,2,Mumbai,Jaiprakash Power,509,9.2,4682.800000000000
21,22.0,2.0,22.0,1.0,0,2,Mumbai,Guj Ind Power,509,9.2,4682.800000000000
18,22.0,0.0,5.0,1.0,0,2,Mumbai,Ratnagiri Gas and Power Pvt. Ltd. (RGPPL),509,9.2,4682.800000000000
19,23.0,3.0,6.0,12.0,0,2,Mumbai,Unitech Power Transmission Ltd.,546,9.2,5023.2
10,20.0,3.0,19.0,1.0,0,2,Mumbai,SJVN Ltd.,530,9.2,4876.0
17,22.0,0.0,8.0,12.0,0,2,Mumbai,Neueon Towers / Sujana Towers Ltd.,408,9.2,3753.6
10,18.0,1.0,17.0,1.0,0,2,Mumbai,Sterlite Power Transmission Ltd,523,9.2,4811.600000000000
16,22.0,2.0,14.0,1.0,0,2,Mumbai,Sterlite Power Transmission Ltd,523,9.2,4811.600000000000
8,21.0,2.0,18.0,1.0,0,2,Mumbai,GE T&D India Limited,347,9.2,3192.4000000000000
7,23.0,0.0,17.0,1.0,0,2,Mumbai,Bonfiglioli Transmission Pvt. Ltd.,347,9.2,3192.4000000000000
20,22.0,2.0,3.0,12.0,0,2,Mumbai,NTPC Pvt. Ltd.,600,9.2,5520.0
23,22.0,3.0,21.0,1.0,0,2,Mumbai,L&T Transmission & Distribution,598,9.2,5501.600000000000
5,17.0,0.0,22.0,1.0,0,2,Mumbai,KEC International,504,9.2,4636.800000000000
12,23.0,0.0,9.0,1.0,0,2,Mumbai,JSW Energy Ltd.,375,9.2,3450.0000000000000
12,22.0,2.0,6.0,1.0,0,2,Mumbai,TransRail Lighting,375,9.2,3450.0000000000000
16,23.0,0.0,14.0,1.0,0,2,Mumbai,Jaiprakash Power,534,9.2,4912.800000000000
5,19.0,2.0,21.0,1.0,0,2,Mumbai,Sterlite Power Transmission Ltd,426,9.2,3919.2
9,21.0,3.0,19.0,1.0,0,2,Mumbai,KEC International,501,9.2,4609.2
13,22.0,3.0,6.0,1.0,0,2,Mumbai,GE T&D India Limited,521,9.2,4793.2
14,22.0,0.0,15.0,1.0,0,2,Mumbai,Sunil Hitech Eng,521,9.2,4793.2
21,23.0,2.0,21.0,1.0,0,2,Mumbai,Adani Power Ltd.,688,9.2,6329.600000000000
20,23.0,1.0,13.0,1.0,0,2,Mumbai,L&T Transmission & Distribution,454,9.2,4176.800000000000
15,22.0,0.0,17.0,1.0,0,2,Mumbai,Jyoti Structure,555,9.2,5106.0
18,22.0,3.0,7.0,1.0,0,2,Mumbai,SJVN Ltd.,584,9.2,5372.800000000000
9,17.0,3.0,6.0,7.0,0,2,Mumbai,Bonfiglioli Transmission Pvt. Ltd.,318,9.2,2925.6
9,20.0,1.0,17.0,1.0,0,2,Mumbai,Ratnagiri Gas and Power Pvt. Ltd. (RGPPL),470,9.2,4324.0
14,23.0,2.0,8.0,1.0,0,2,Mumbai,Indowind Energy,470,9.2,4324.0
22,22.0,3.0,17.0,1.0,0,2,Mumbai,Sterlite Power Transmission Ltd,589,9.2,5418.800000000000
20,22.0,2.0,5.0,12.0,0,2,Mumbai,Power Grid Corp,570,9.2,5244.0
15,23.0,0.0,8.0,1.0,0,2,Mumbai,Reliance Energy,526,9.2,4839.2
18,23.0,1.0,11.0,1.0,0,2,Mumbai,Optibelt Power Transmission India Private Limited,526,9.2,4839.2
9,21.0,3.0,16.0,1.0,0,2,Mumbai,L&T Transmission & Distribution,409,9.2,3762.8000000000000
7,20.0,1.0,18.0,1.0,0,2,Mumbai,NHPC,409,9.2,3762.8000000000000
16,22.0,1.0,7.0,1.0,0,2,Mumbai,"Maha Transco – Maharashtra State Electricity Transmission Co, Ltd.",498,9.2,4581.600000000000
13,23.0,3.0,7.0,1.0,0,2,Mumbai,NHPC,535,9.2,4922.0
15,22.0,0.0,7.0,1.0,0,2,Mumbai,Guj Ind Power,511,9.2,4701.2
20,23.0,3.0,14.0,12.0,0,2,Mumbai,Guj Ind Power,596,9.2,5483.2
21,22.0,3.0,8.0,12.0,0,2,Mumbai,Reliance Power,564,9.2,5188.800000000000
18,22.0,0.0,20.0,1.0,0,2,Mumbai,Guj Ind Power,407,9.2,3744.4000000000000
18,22.0,2.0,10.0,1.0,0,2,Mumbai,Ratnagiri Gas and Power Pvt. Ltd. (RGPPL),407,9.2,3744.4000000000000
18,23.0,2.0,17.0,1.0,0,2,Mumbai,Tata Power Company Ltd.,573,9.2,5271.600000000000
8,22.0,1.0,9.0,1.0,0,2,Mumbai,Guj Ind Power,294,9.2,2704.8000000000000
8,23.0,3.0,21.0,1.0,0,2,Mumbai,Bonfiglioli Transmission Pvt. Ltd.,635,9.2,5842.0
21,22.0,0.0,14.0,1.0,0,2,Mumbai,Optibelt Power Transmission India Private Limited,373,9.2,3431.6
13,23.0,0.0,3.0,1.0,0,2,Mumbai,Sunil Hitech Eng,246,9.2,2263.2
23,22.0,1.0,14.0,1.0,0,2,Mumbai,CESC,371,9.2,3413.2
12,22.0,1.0,18.0,1.0,0,2,Mumbai,Unitech Power Transmission Ltd.,591,9.2,5437.2
12,23.0,0.0,22.0,1.0,0,2,Mumbai,Kalpataru Power,445,9.2,4094.0000000000000
13,23.0,0.0,5.0,12.0,0,2,Mumbai,CESC,372,9.2,3422.4000000000000
11,23.0,3.0,6.0,12.0,0,2,Mumbai,NLC India,595,9.2,5474.0
20,22.0,3.0,7.0,1.0,0,2,Mumbai,Power Grid Corp,455,9.2,4186.0
7,23.0,2.0,8.0,1.0,0,2,Mumbai,Torrent Power Ltd.,323,9.2,2971.6
19,23.0,1.0,10.0,1.0,0,2,Mumbai,Sterlite Power Transmission Ltd,342,9.2,3146.4000000000000
19,23.0,2.0,21.0,1.0,0,2,Mumbai,Jaiprakash Power,486,9.2,4471.2
9,20.0,2.0,14.0,1.0,0,2,Mumbai,Adani Power Ltd.,486,9.2,4471.2
11,23.0,2.0,11.0,1.0,0,2,Mumbai,Ratnagiri Gas and Power Pvt. Ltd. (RGPPL),457,9.2,4204.4
7,19.0,0.0,21.0,1.0,0,2,Mumbai,Ratnagiri Gas and Power Pvt. Ltd. (RGPPL),287,9.2,2640.4000000000000
11,22.0,3.0,19.0,1.0,0,2,Mumbai,Neueon Towers / Sujana Towers Ltd.,536,9.2,4931.2
23,22.0,1.0,15.0,1.0,0,2,Mumbai,Adani Power Ltd.,536,9.2,4931.2
18,22.0,3.0,12.0,1.0,0,2,Mumbai,Unitech Power Transmission Ltd.,536,9.2,4931.2
23,23.0,1.0,20.0,1.0,0,2,Mumbai,Jyoti Structure,590,9.2,5428.0
10,18.0,0.0,12.0,1.0,0,2,Mumbai,Orient Green,211,9.2,1941.2000000000000
15,22.0,1.0,5.0,1.0,0,2,Mumbai,"Maha Transco – Maharashtra State Electricity Transmission Co, Ltd.",416,9.2,3827.2
16,22.0,0.0,12.0,1.0,0,2,Mumbai,Jyoti Structure,392,9.2,3606.4000000000000
19,22.0,0.0,11.0,12.0,0,2,Mumbai,NLC India,516,9.2,4747.2
13,22.0,0.0,4.0,1.0,0,2,Mumbai,Neueon Towers / Sujana Towers Ltd.,421,9.2,3873.2
9,20.0,0.0,5.0,1.0,0,2,Mumbai,Sunil Hitech Eng,237,9.2,2180.4000000000000
18,22.0,3.0,6.0,12.0,0,2,Mumbai,Jaiprakash Power,500,9.2,4600.0
13,22.0,1.0,3.0,12.0,0,2,Mumbai,Reliance Power,414,9.2,3808.8000000000000
5,17.0,2.0,22.0,1.0,0,2,Mumbai,NHPC,414,9.2,3808.8000000000000
14,22.0,0.0,4.0,1.0,0,2,Mumbai,Torrent Power Ltd.,274,9.2,2520.8000000000000
9,23.0,2.0,11.0,1.0,0,2,Mumbai,Unitech Power Transmission Ltd.,460,9.2,4232.0
20,23.0,0.0,7.0,1.0,0,2,Mumbai,Jyoti Structure,341,9.2,3137.2
13,23.0,3.0,7.0,1.0,0,2,Mumbai,TransRail Lighting,401,9.2,3689.2
18,22.0,1.0,14.0,1.0,0,2,Mumbai,Guj Ind Power,391,9.2,3597.2
11,23.0,2.0,14.0,1.0,0,2,Mumbai,Unitech Power Transmission Ltd.,391,9.2,3597.2
23,22.0,1.0,16.0,12.0,0,2,Mumbai,Tata Power Company Ltd.,541,9.2,4977.2
17,22.0,1.0,10.0,1.0,0,2,Mumbai,KEC International,541,9.2,4977.2
18,22.0,2.0,7.0,1.0,0,2,Mumbai,Orient Green,541,9.2,4977.2
9,21.0,0.0,15.0,1.0,0,2,Mumbai,NTPC Pvt. Ltd.,295,9.2,2714.0
22,23.0,2.0,3.0,1.0,0,2,Mumbai,Optibelt Power Transmission India Private Limited,439,9.2,4038.8000000000000
18,23.0,1.0,6.0,1.0,0,2,Mumbai,Power Grid Corp,439,9.2,4038.8000000000000
20,23.0,3.0,16.0,1.0,0,2,Mumbai,Reliance Power,480,9.2,4416.0
10,18.0,3.0,3.0,7.0,0,2,Mumbai,Ratnagiri Gas and Power Pvt. Ltd. (RGPPL),259,9.2,2382.8000000000000
20,22.0,2.0,16.0,1.0,0,2,Mumbai,TransRail Lighting,668,9.2,6145.600000000000
12,23.0,1.0,8.0,1.0,0,2,Mumbai,SJVN Ltd.,533,9.2,4903.600000000000
12,23.0,1.0,17.0,12.0,0,2,Mumbai,Guj Ind Power,683,9.2,6283.600000000000
17,22.0,0.0,20.0,12.0,0,2,Mumbai,NTPC Pvt. Ltd.,568,9.2,5225.600000000000
16,23.0,1.0,3.0,1.0,0,2,Mumbai,Reliance Power,434,9.2,3992.8000000000000
18,22.0,3.0,16.0,1.0,0,2,Mumbai,NHPC,540,9.2,4968.0
8,22.0,2.0,9.0,1.0,0,2,Mumbai,Optibelt Power Transmission India Private Limited,376,9.2,3459.2
6,17.0,3.0,20.0,1.0,0,2,Mumbai,TransRail Lighting,366,9.2,3367.2
19,22.0,1.0,17.0,1.0,0,2,Mumbai,JSW Energy Ltd.,514,9.2,4728.800000000000
20,22.0,2.0,6.0,1.0,0,2,Mumbai,Bonfiglioli Transmission Pvt. Ltd.,514,9.2,4728.800000000000
19,22.0,2.0,10.0,1.0,0,2,Mumbai,Power Grid Corp,370,9.2,3404.0000000000000
16,23.0,0.0,14.0,1.0,0,2,Mumbai,L&T Transmission & Distribution,383,9.2,3523.6
10,17.0,3.0,13.0,1.0,0,2,Mumbai,Bonfiglioli Transmission Pvt. Ltd.,303,9.2,2787.6
5,17.0,0.0,7.0,1.0,0,2,Mumbai,Reliance Energy,303,9.2,2787.6
19,23.0,2.0,18.0,1.0,0,2,Mumbai,Jaiprakash Power,468,9.2,4305.600000000000
6,23.0,0.0,18.0,1.0,0,2,Mumbai,NTPC Pvt. Ltd.,382,9.2,3514.4000000000000
6,22.0,2.0,17.0,1.0,0,2,Mumbai,Sunil Hitech Eng,499,9.2,4590.800000000000
14,23.0,2.0,8.0,1.0,0,2,Mumbai,Jyoti Structure,476,9.2,4379.2
10,22.0,1.0,11.0,1.0,0,2,Mumbai,Torrent Power Ltd.,400,9.2,3680.0000000000000
18,22.0,1.0,4.0,1.0,0,2,Mumbai,Unitech Power Transmission Ltd.,265,9.2,2438.0
20,23.0,0.0,10.0,1.0,0,2,Mumbai,Guj Ind Power,339,9.2,3118.8000000000000
5,20.0,0.0,19.0,7.0,0,2,Mumbai,Tata Power Company Ltd.,339,9.2,3118.8000000000000
20,22.0,2.0,19.0,1.0,0,2,Mumbai,Toshiba Transmission & Distribution Systems (India) Pvt. Ltd.,685,9.2,6302.000000000000
19,23.0,0.0,4.0,12.0,0,2,Mumbai,Torrent Power Ltd.,359,9.2,3302.8000000000000
21,23.0,1.0,3.0,1.0,0,2,Mumbai,Guj Ind Power,355,9.2,3266.0000000000000
16,23.0,0.0,8.0,12.0,0,2,Mumbai,Kalpataru Power,355,9.2,3266.0000000000000
14,23.0,0.0,8.0,12.0,0,2,Mumbai,Power Grid Corp,406,9.2,3735.2
8,20.0,3.0,18.0,1.0,0,2,Mumbai,SJVN Ltd.,368,9.2,3385.6
18,22.0,0.0,3.0,1.0,0,2,Mumbai,Sunil Hitech Eng,308,9.2,2833.6
6,21.0,3.0,11.0,1.0,0,2,Mumbai,JSW Energy Ltd.,324,9.2,2980.8000000000000
7,23.0,0.0,19.0,1.0,0,2,Mumbai,TransRail Lighting,333,9.2,3063.6
9,22.0,1.0,17.0,1.0,0,2,Mumbai,Unitech Power Transmission Ltd.,569,9.2,5234.800000000000
7,19.0,3.0,8.0,7.0,0,2,Mumbai,Ratnagiri Gas and Power Pvt. Ltd. (RGPPL),419,9.2,3854.8000000000000
18,23.0,2.0,14.0,1.0,0,2,Mumbai,Ringfeder Power Transmission India Pvt. Ltd.,419,9.2,3854.8000000000000
8,22.0,1.0,16.0,1.0,0,2,Mumbai,TransRail Lighting,306,9.2,2815.2
19,23.0,2.0,20.0,1.0,0,2,Mumbai,Jyoti Structure,502,9.2,4618.4
16,22.0,3.0,14.0,1.0,0,2,Mumbai,"Maha Transco – Maharashtra State Electricity Transmission Co, Ltd.",508,9.2,4673.600000000000
6,17.0,2.0,6.0,1.0,0,2,Mumbai,Sunil Hitech Eng,357,9.2,3284.4000000000000
14,23.0,1.0,17.0,1.0,0,2,Mumbai,Reliance Energy,587,9.2,5400.4
17,22.0,1.0,22.0,1.0,0,2,Mumbai,Reliance Energy,587,9.2,5400.4
14,23.0,3.0,20.0,1.0,0,2,Mumbai,Bonfiglioli Transmission Pvt. Ltd.,449,9.2,4130.800000000000
15,23.0,1.0,4.0,1.0,0,2,Mumbai,Tata Power Company Ltd.,485,9.2,4462.0
21,22.0,1.0,5.0,1.0,0,2,Mumbai,Ringfeder Power Transmission India Pvt. Ltd.,477,9.2,4388.4
18,22.0,1.0,13.0,12.0,0,2,Mumbai,Tata Power Company Ltd.,580,9.2,5336.0
17,22.0,1.0,21.0,1.0,0,2,Mumbai,Indowind Energy,506,9.2,4655.2
23,23.0,2.0,9.0,1.0,0,2,Mumbai,Kalpataru Power,623,9.2,5731.600000000000
20,22.0,1.0,15.0,1.0,0,2,Mumbai,Indowind Energy,585,9.2,5382.0
20,23.0,1.0,9.0,1.0,0,2,Mumbai,Torrent Power Ltd.,356,9.2,3275.2
15,23.0,2.0,5.0,1.0,0,2,Mumbai,Jyoti Structure,356,9.2,3275.2
16,22.0,2.0,3.0,1.0,0,2,Mumbai,GE T&D India Limited,489,9.2,4498.800000000000
10,18.0,2.0,16.0,1.0,0,2,Mumbai,Ringfeder Power Transmission India Pvt. Ltd.,424,9.2,3900.8000000000000
15,22.0,0.0,4.0,1.0,0,2,Mumbai,Reliance Energy,424,9.2,3900.8000000000000
6,17.0,0.0,5.0,1.0,0,2,Mumbai,Orient Green,114,9.2,1048.8
6,17.0,3.0,12.0,1.0,0,2,Mumbai,Adani Power Ltd.,403,9.2,3707.6
20,22.0,0.0,5.0,1.0,0,2,Mumbai,Torrent Power Ltd.,447,9.2,4112.4
14,22.0,2.0,3.0,1.0,0,2,Mumbai,Power Grid Corp,447,9.2,4112.4
14,22.0,2.0,4.0,1.0,0,2,Mumbai,Power Grid Corp,447,9.2,4112.4
6,20.0,3.0,16.0,1.0,0,2,Mumbai,Sunil Hitech Eng,410,9.2,3772.0000000000000
21,22.0,2.0,16.0,1.0,0,2,Mumbai,Ratnagiri Gas and Power Pvt. Ltd. (RGPPL),410,9.2,3772.0000000000000
19,23.0,3.0,18.0,1.0,0,2,Mumbai,Torrent Power Ltd.,677,9.2,6228.4
7,17.0,1.0,7.0,7.0,0,2,Mumbai,Unitech Power Transmission Ltd.,412,9.2,3790.4000000000000
5,17.0,1.0,4.0,1.0,0,2,Mumbai,GE T&D India Limited,296,9.2,2723.2
23,23.0,3.0,12.0,1.0,0,2,Mumbai,GE T&D India Limited,497,9.2,4572.4
10,20.0,1.0,4.0,1.0,0,2,Mumbai,Kalpataru Power,223,9.2,2051.6
18,22.0,0.0,21.0,1.0,0,2,Mumbai,L&T Transmission & Distribution,552,9.2,5078.4
17,22.0,1.0,11.0,1.0,0,2,Mumbai,Jaiprakash Power,562,9.2,5170.4
15,22.0,1.0,10.0,12.0,0,2,Mumbai,Kalpataru Power,647,9.2,5952.4
23,22.0,3.0,14.0,1.0,0,2,Mumbai,JSW Energy Ltd.,548,9.2,5041.600000000000
12,23.0,1.0,16.0,12.0,0,2,Mumbai,KEC International,613,9.2,5639.600000000000
6,23.0,0.0,13.0,1.0,0,2,Mumbai,Sterlite Power Transmission Ltd,337,9.2,3100.4000000000000
17,23.0,3.0,7.0,1.0,0,2,Mumbai,Toshiba Transmission & Distribution Systems (India) Pvt. Ltd.,608,9.2,5593.600000000000
10,21.0,3.0,5.0,7.0,0,2,Mumbai,Sunil Hitech Eng,496,9.2,4563.2
20,22.0,1.0,4.0,1.0,0,2,Mumbai,Reliance Power,364,9.2,3348.8000000000000
10,19.0,2.0,21.0,7.0,0,2,Mumbai,Reliance Power,665,9.2,6118.000000000000
11,22.0,1.0,17.0,1.0,0,2,Mumbai,TransRail Lighting,423,9.2,3891.6
14,23.0,2.0,7.0,12.0,0,2,Mumbai,TransRail Lighting,617,9.2,5676.4
22,22.0,0.0,20.0,12.0,0,2,Mumbai,NHPC,694,9.2,6384.800000000000
9,21.0,0.0,22.0,1.0,0,2,Mumbai,Reliance Power,386,9.2,3551.2
21,23.0,1.0,20.0,12.0,0,2,New Delhi,JSW Energy Ltd.,704,8.5,5984.0
8,19.0,1.0,15.0,1.0,0,2,New Delhi,Ratnagiri Gas and Power Pvt. Ltd. (RGPPL),440,8.5,3740.0
20,22.0,2.0,8.0,1.0,0,2,New Delhi,L&T Transmission & Distribution,456,8.5,3876.0
14,23.0,1.0,21.0,12.0,0,2,New Delhi,Guj Ind Power,581,8.5,4938.5
6,20.0,3.0,20.0,1.0,0,2,New Delhi,L&T Transmission & Distribution,588,8.5,4998.0
5,17.0,3.0,3.0,1.0,0,2,New Delhi,Optibelt Power Transmission India Private Limited,435,8.5,3697.5
20,22.0,2.0,20.0,12.0,0,2,New Delhi,Unitech Power Transmission Ltd.,651,8.5,5533.5
13,23.0,0.0,17.0,12.0,0,2,New Delhi,Ratnagiri Gas and Power Pvt. Ltd. (RGPPL),422,8.5,3587.0
9,22.0,2.0,20.0,7.0,0,2,New Delhi,Jaiprakash Power,577,8.5,4904.5
5,23.0,3.0,22.0,1.0,0,2,New Delhi,Ratnagiri Gas and Power Pvt. Ltd. (RGPPL),413,8.5,3510.5
11,23.0,2.0,15.0,1.0,0,2,New Delhi,Ratnagiri Gas and Power Pvt. Ltd. (RGPPL),413,8.5,3510.5
8,20.0,2.0,8.0,1.0,0,2,New Delhi,"Maha Transco – Maharashtra State Electricity Transmission Co, Ltd.",453,8.5,3850.5
10,21.0,0.0,8.0,1.0,0,2,New Delhi,CESC,417,8.5,3544.5
8,19.0,3.0,16.0,7.0,0,2,New Delhi,Jyoti Structure,417,8.5,3544.5
22,22.0,2.0,16.0,1.0,0,2,New Delhi,NLC India,408,8.5,3468.0
10,22.0,2.0,6.0,1.0,0,2,New Delhi,Indowind Energy,408,8.5,3468.0
15,23.0,2.0,6.0,1.0,0,2,New Delhi,Orient Green,541,8.5,4598.5
12,23.0,0.0,18.0,12.0,0,2,New Delhi,"Maha Transco – Maharashtra State Electricity Transmission Co, Ltd.",436,8.5,3706.0
13,23.0,1.0,14.0,1.0,0,2,New Delhi,Kalpataru Power,436,8.5,3706.0
19,22.0,2.0,19.0,12.0,0,2,New Delhi,Neueon Towers / Sujana Towers Ltd.,673,8.5,5720.5
8,19.0,2.0,17.0,1.0,0,2,New Delhi,GE T&D India Limited,545,8.5,4632.5
17,22.0,2.0,15.0,1.0,0,2,New Delhi,Torrent Power Ltd.,569,8.5,4836.5
23,22.0,2.0,11.0,1.0,0,2,New Delhi,Bonfiglioli Transmission Pvt. Ltd.,432,8.5,3672.0
11,23.0,3.0,13.0,1.0,0,2,New Delhi,NLC India,429,8.5,3646.5
7,23.0,3.0,6.0,7.0,0,2,New Delhi,Indowind Energy,393,8.5,3340.5
20,22.0,1.0,18.0,1.0,0,2,New Delhi,Reliance Energy,393,8.5,3340.5
20,23.0,2.0,8.0,1.0,0,2,New Delhi,Kalpataru Power,476,8.5,4046.0
5,17.0,3.0,7.0,7.0,0,2,New Delhi,Sunil Hitech Eng,428,8.5,3638.0
7,22.0,3.0,14.0,1.0,0,2,New Delhi,Jaiprakash Power,604,8.5,5134.0
17,23.0,1.0,10.0,1.0,0,2,New Delhi,Neueon Towers / Sujana Towers Ltd.,399,8.5,3391.5
11,23.0,0.0,21.0,1.0,0,2,New Delhi,Ratnagiri Gas and Power Pvt. Ltd. (RGPPL),399,8.5,3391.5
21,22.0,2.0,8.0,1.0,0,2,New Delhi,Reliance Power,533,8.5,4530.5
14,22.0,0.0,12.0,1.0,0,2,New Delhi,Guj Ind Power,533,8.5,4530.5
17,22.0,3.0,17.0,1.0,0,2,New Delhi,Jaiprakash Power,533,8.5,4530.5
17,22.0,1.0,16.0,1.0,0,2,New Delhi,Sunil Hitech Eng,573,8.5,4870.5
16,23.0,1.0,19.0,1.0,0,2,New Delhi,Ratnagiri Gas and Power Pvt. Ltd. (RGPPL),635,8.5,5397.5
8,23.0,2.0,21.0,1.0,0,2,New Delhi,Reliance Energy,635,8.5,5397.5
17,23.0,3.0,22.0,1.0,0,2,New Delhi,Ringfeder Power Transmission India Pvt. Ltd.,635,8.5,5397.5
13,23.0,3.0,11.0,1.0,0,2,New Delhi,Optibelt Power Transmission India Private Limited,503,8.5,4275.5
7,19.0,2.0,16.0,1.0,0,2,New Delhi,SJVN Ltd.,371,8.5,3153.5
15,22.0,2.0,5.0,1.0,0,2,New Delhi,L&T Transmission & Distribution,439,8.5,3731.5
8,19.0,1.0,13.0,1.0,0,2,New Delhi,"Maha Transco – Maharashtra State Electricity Transmission Co, Ltd.",439,8.5,3731.5
11,22.0,2.0,8.0,1.0,0,2,New Delhi,GE T&D India Limited,381,8.5,3238.5
18,23.0,2.0,7.0,1.0,0,2,New Delhi,Tata Power Company Ltd.,469,8.5,3986.5
12,23.0,3.0,11.0,1.0,0,2,New Delhi,Kalpataru Power,538,8.5,4573.0
16,23.0,0.0,21.0,1.0,0,2,New Delhi,Tata Power Company Ltd.,538,8.5,4573.0
11,23.0,3.0,22.0,1.0,0,2,New Delhi,NHPC,543,8.5,4615.5
15,23.0,1.0,10.0,1.0,0,2,New Delhi,Optibelt Power Transmission India Private Limited,311,8.5,2643.5
8,23.0,1.0,11.0,7.0,0,2,New Delhi,Unitech Power Transmission Ltd.,592,8.5,5032.0
5,19.0,2.0,7.0,7.0,0,2,New Delhi,Orient Green,481,8.5,4088.5
22,22.0,1.0,21.0,1.0,0,2,New Delhi,Torrent Power Ltd.,499,8.5,4241.5
17,23.0,1.0,9.0,1.0,0,2,New Delhi,Unitech Power Transmission Ltd.,499,8.5,4241.5
15,23.0,2.0,18.0,1.0,0,2,New Delhi,Jaiprakash Power,602,8.5,5117.0
19,22.0,0.0,20.0,1.0,0,2,New Delhi,Optibelt Power Transmission India Private Limited,425,8.5,3612.5
15,22.0,2.0,7.0,1.0,0,2,New Delhi,L&T Transmission & Distribution,457,8.5,3884.5
22,22.0,3.0,9.0,1.0,0,2,New Delhi,Kalpataru Power,620,8.5,5270.0
23,22.0,3.0,15.0,1.0,0,2,New Delhi,NTPC Pvt. Ltd.,620,8.5,5270.0
23,22.0,2.0,6.0,12.0,0,2,New Delhi,KEC International,589,8.5,5006.5
11,22.0,3.0,14.0,1.0,0,2,New Delhi,JSW Energy Ltd.,548,8.5,4658.0
19,23.0,0.0,20.0,1.0,0,2,New Delhi,Reliance Power,548,8.5,4658.0
15,22.0,3.0,13.0,1.0,0,2,New Delhi,Ringfeder Power Transmission India Pvt. Ltd.,500,8.5,4250.0
14,22.0,1.0,7.0,1.0,0,2,New Delhi,GE T&D India Limited,492,8.5,4182.0
7,19.0,3.0,10.0,1.0,0,2,New Delhi,Jaiprakash Power,492,8.5,4182.0
15,23.0,2.0,21.0,1.0,0,2,New Delhi,Indowind Energy,441,8.5,3748.5
23,23.0,2.0,20.0,12.0,0,2,New Delhi,Bonfiglioli Transmission Pvt. Ltd.,664,8.5,5644.0
21,23.0,1.0,7.0,1.0,0,2,New Delhi,Power Grid Corp,464,8.5,3944.0
9,17.0,3.0,6.0,1.0,0,2,New Delhi,Tata Power Company Ltd.,464,8.5,3944.0
13,22.0,0.0,6.0,12.0,0,2,New Delhi,Sunil Hitech Eng,566,8.5,4811.0
9,23.0,2.0,8.0,7.0,0,2,New Delhi,JSW Energy Ltd.,566,8.5,4811.0
8,17.0,1.0,21.0,7.0,0,2,New Delhi,NTPC Pvt. Ltd.,490,8.5,4165.0
17,22.0,1.0,15.0,1.0,0,2,New Delhi,Neueon Towers / Sujana Towers Ltd.,537,8.5,4564.5
6,20.0,1.0,7.0,1.0,0,2,New Delhi,Neueon Towers / Sujana Towers Ltd.,330,8.5,2805.0
18,22.0,3.0,12.0,1.0,0,2,New Delhi,Jaiprakash Power,431,8.5,3663.5
14,23.0,2.0,21.0,1.0,0,2,New Delhi,JSW Energy Ltd.,431,8.5,3663.5
5,18.0,2.0,7.0,7.0,0,2,New Delhi,Orient Green,431,8.5,3663.5
9,18.0,2.0,21.0,7.0,0,2,New Delhi,Kalpataru Power,424,8.5,3604.0
11,23.0,1.0,12.0,12.0,0,2,New Delhi,NHPC,461,8.5,3918.5
23,22.0,2.0,8.0,1.0,0,2,New Delhi,TransRail Lighting,586,8.5,4981.0
13,22.0,3.0,13.0,1.0,0,2,New Delhi,Neueon Towers / Sujana Towers Ltd.,378,8.5,3213.0
21,23.0,2.0,3.0,1.0,0,2,New Delhi,Torrent Power Ltd.,522,8.5,4437.0
21,22.0,1.0,20.0,1.0,0,2,New Delhi,"Maha Transco – Maharashtra State Electricity Transmission Co, Ltd.",531,8.5,4513.5
15,23.0,3.0,15.0,1.0,0,2,New Delhi,Sunil Hitech Eng,531,8.5,4513.5
15,23.0,1.0,4.0,12.0,0,2,New Delhi,CESC,531,8.5,4513.5
17,23.0,1.0,5.0,1.0,0,2,New Delhi,JSW Energy Ltd.,531,8.5,4513.5
17,23.0,3.0,4.0,1.0,0,2,New Delhi,Torrent Power Ltd.,454,8.5,3859.0
15,22.0,1.0,7.0,1.0,0,2,New Delhi,Ringfeder Power Transmission India Pvt. Ltd.,351,8.5,2983.5
10,22.0,1.0,14.0,1.0,0,2,New Delhi,Orient Green,351,8.5,2983.5
8,22.0,0.0,13.0,1.0,0,2,New Delhi,Orient Green,351,8.5,2983.5
7,18.0,3.0,18.0,1.0,0,2,New Delhi,Orient Green,480,8.5,4080.0
13,22.0,3.0,4.0,1.0,0,2,New Delhi,NHPC,458,8.5,3893.0
5,23.0,0.0,20.0,1.0,0,2,New Delhi,Neueon Towers / Sujana Towers Ltd.,370,8.5,3145.0
15,23.0,2.0,13.0,1.0,0,2,New Delhi,TransRail Lighting,616,8.5,5236.0
15,22.0,1.0,13.0,1.0,0,2,New Delhi,Jaiprakash Power,342,8.5,2907.0
12,23.0,0.0,19.0,1.0,0,2,New Delhi,Orient Green,591,8.5,5023.5
16,23.0,1.0,17.0,1.0,0,2,New Delhi,Power Grid Corp,397,8.5,3374.5
10,20.0,1.0,15.0,1.0,0,2,New Delhi,Ratnagiri Gas and Power Pvt. Ltd. (RGPPL),447,8.5,3799.5
8,18.0,2.0,16.0,1.0,0,2,New Delhi,Ringfeder Power Transmission India Pvt. Ltd.,340,8.5,2890.0
17,22.0,3.0,7.0,1.0,0,2,New Delhi,TransRail Lighting,369,8.5,3136.5
12,22.0,1.0,21.0,1.0,0,2,New Delhi,Toshiba Transmission & Distribution Systems (India) Pvt. Ltd.,528,8.5,4488.0
22,23.0,1.0,13.0,1.0,0,2,New Delhi,KEC International,526,8.5,4471.0
14,23.0,3.0,6.0,1.0,0,2,New Delhi,GE T&D India Limited,526,8.5,4471.0
9,21.0,0.0,21.0,1.0,0,2,New Delhi,Neueon Towers / Sujana Towers Ltd.,526,8.5,4471.0
14,22.0,2.0,18.0,1.0,0,2,New Delhi,Reliance Energy,449,8.5,3816.5
19,22.0,3.0,18.0,1.0,0,2,New Delhi,"Maha Transco – Maharashtra State Electricity Transmission Co, Ltd.",648,8.5,5508.0
11,23.0,1.0,20.0,1.0,0,2,New Delhi,Sunil Hitech Eng,555,8.5,4717.5
23,23.0,2.0,8.0,1.0,0,2,New Delhi,Ratnagiri Gas and Power Pvt. Ltd. (RGPPL),444,8.5,3774.0
16,23.0,2.0,12.0,1.0,0,2,New Delhi,GE T&D India Limited,410,8.5,3485.0
13,22.0,0.0,6.0,1.0,0,2,New Delhi,Ringfeder Power Transmission India Pvt. Ltd.,312,8.5,2652.0
14,22.0,3.0,14.0,1.0,0,2,New Delhi,Torrent Power Ltd.,468,8.5,3978.0
13,23.0,0.0,9.0,1.0,0,2,New Delhi,NHPC,468,8.5,3978.0
23,22.0,1.0,11.0,1.0,0,2,New Delhi,NTPC Pvt. Ltd.,468,8.5,3978.0
9,18.0,2.0,6.0,1.0,0,2,New Delhi,CESC,352,8.5,2992.0
22,22.0,1.0,5.0,1.0,0,2,New Delhi,Toshiba Transmission & Distribution Systems (India) Pvt. Ltd.,352,8.5,2992.0
21,22.0,2.0,4.0,1.0,0,2,New Delhi,Jyoti Structure,352,8.5,2992.0
9,17.0,3.0,21.0,1.0,0,2,New Delhi,Power Grid Corp,352,8.5,2992.0
11,22.0,0.0,6.0,12.0,0,2,New Delhi,Sunil Hitech Eng,332,8.5,2822.0
8,19.0,1.0,6.0,7.0,0,2,New Delhi,KEC International,261,8.5,2218.5
5,23.0,0.0,13.0,1.0,0,2,New Delhi,CESC,279,8.5,2371.5
12,23.0,0.0,16.0,1.0,0,2,New Delhi,Kalpataru Power,582,8.5,4947.0
6,23.0,2.0,18.0,1.0,0,2,New Delhi,Ringfeder Power Transmission India Pvt. Ltd.,365,8.5,3102.5
7,22.0,0.0,12.0,7.0,0,2,New Delhi,KEC International,365,8.5,3102.5
16,23.0,1.0,9.0,1.0,0,2,New Delhi,Optibelt Power Transmission India Private Limited,560,8.5,4760.0
18,23.0,3.0,15.0,1.0,0,2,New Delhi,Sterlite Power Transmission Ltd,560,8.5,4760.0
14,22.0,2.0,9.0,1.0,0,2,New Delhi,Toshiba Transmission & Distribution Systems (India) Pvt. Ltd.,524,8.5,4454.0
21,22.0,0.0,11.0,1.0,0,2,New Delhi,L&T Transmission & Distribution,524,8.5,4454.0
7,21.0,3.0,3.0,7.0,0,2,New Delhi,Toshiba Transmission & Distribution Systems (India) Pvt. Ltd.,524,8.5,4454.0
12,22.0,2.0,4.0,1.0,0,2,New Delhi,Torrent Power Ltd.,377,8.5,3204.5
21,22.0,2.0,4.0,1.0,0,2,New Delhi,"Maha Transco – Maharashtra State Electricity Transmission Co, Ltd.",430,8.5,3655.0
13,23.0,3.0,6.0,12.0,0,2,New Delhi,Unitech Power Transmission Ltd.,489,8.5,4156.5
6,18.0,0.0,8.0,7.0,0,2,New Delhi,GE T&D India Limited,385,8.5,3272.5
12,22.0,2.0,3.0,12.0,0,2,New Delhi,NHPC,579,8.5,4921.5
13,23.0,1.0,10.0,1.0,0,2,New Delhi,"Maha Transco – Maharashtra State Electricity Transmission Co, Ltd.",293,8.5,2490.5
7,20.0,0.0,13.0,1.0,0,2,New Delhi,Orient Green,293,8.5,2490.5
9,18.0,3.0,3.0,1.0,0,2,New Delhi,Sterlite Power Transmission Ltd,336,8.5,2856.0
21,22.0,1.0,3.0,1.0,0,2,New Delhi,JSW Energy Ltd.,401,8.5,3408.5
22,23.0,0.0,21.0,12.0,0,2,New Delhi,Adani Power Ltd.,772,8.5,6562.0
17,22.0,2.0,19.0,12.0,0,2,New Delhi,Ratnagiri Gas and Power Pvt. Ltd. (RGPPL),504,8.5,4284.0
19,23.0,3.0,16.0,1.0,0,2,New Delhi,L&T Transmission & Distribution,504,8.5,4284.0
16,23.0,1.0,20.0,12.0,0,2,New Delhi,Neueon Towers / Sujana Towers Ltd.,488,8.5,4148.0
21,23.0,3.0,16.0,1.0,0,2,New Delhi,Toshiba Transmission & Distribution Systems (India) Pvt. Ltd.,488,8.5,4148.0
16,22.0,1.0,21.0,1.0,0,2,New Delhi,Guj Ind Power,488,8.5,4148.0
13,23.0,2.0,11.0,1.0,0,2,New Delhi,Toshiba Transmission & Distribution Systems (India) Pvt. Ltd.,488,8.5,4148.0
5,17.0,0.0,3.0,1.0,0,2,New Delhi,L&T Transmission & Distribution,95,8.5,807.5
17,22.0,1.0,16.0,1.0,0,2,New Delhi,Bonfiglioli Transmission Pvt. Ltd.,551,8.5,4683.5
23,22.0,3.0,12.0,1.0,0,2,New Delhi,Sunil Hitech Eng,655,8.5,5567.5
16,23.0,1.0,18.0,1.0,0,2,New Delhi,Jyoti Structure,515,8.5,4377.5
17,22.0,1.0,21.0,1.0,0,2,New Delhi,GE T&D India Limited,467,8.5,3969.5
5,21.0,2.0,5.0,7.0,0,2,New Delhi,Power Grid Corp,467,8.5,3969.5
13,23.0,0.0,18.0,1.0,0,2,New Delhi,Toshiba Transmission & Distribution Systems (India) Pvt. Ltd.,507,8.5,4309.5
21,23.0,0.0,22.0,1.0,0,2,New Delhi,Jyoti Structure,642,8.5,5457.0
16,22.0,3.0,17.0,1.0,0,2,New Delhi,Power Grid Corp,642,8.5,5457.0
6,19.0,0.0,7.0,7.0,0,2,New Delhi,Reliance Energy,207,8.5,1759.5
10,22.0,2.0,11.0,1.0,0,2,New Delhi,Indowind Energy,438,8.5,3723.0
14,22.0,1.0,16.0,1.0,0,2,New Delhi,Optibelt Power Transmission India Private Limited,438,8.5,3723.0
11,22.0,0.0,16.0,1.0,0,2,New Delhi,Jyoti Structure,493,8.5,4190.5
21,22.0,1.0,10.0,12.0,0,2,New Delhi,Ringfeder Power Transmission India Pvt. Ltd.,559,8.5,4751.5
9,18.0,2.0,6.0,1.0,0,2,New Delhi,NTPC Pvt. Ltd.,245,8.5,2082.5
9,23.0,2.0,5.0,1.0,0,2,New Delhi,Tata Power Company Ltd.,392,8.5,3332.0
19,22.0,2.0,4.0,1.0,0,2,New Delhi,Adani Power Ltd.,346,8.5,2941.0
14,23.0,0.0,5.0,1.0,0,2,New Delhi,Torrent Power Ltd.,346,8.5,2941.0
23,22.0,3.0,7.0,1.0,0,2,New Delhi,Ringfeder Power Transmission India Pvt. Ltd.,434,8.5,3689.0
12,22.0,1.0,14.0,1.0,0,2,New Delhi,Jaiprakash Power,434,8.5,3689.0
18,22.0,3.0,18.0,12.0,0,2,New Delhi,NLC India,578,8.5,4913.0
12,23.0,0.0,19.0,1.0,0,2,New Delhi,NHPC,478,8.5,4063.0
14,22.0,1.0,4.0,1.0,0,2,New Delhi,Torrent Power Ltd.,478,8.5,4063.0
18,22.0,2.0,11.0,12.0,0,2,New Delhi,Toshiba Transmission & Distribution Systems (India) Pvt. Ltd.,640,8.5,5440.0
5,20.0,2.0,5.0,7.0,0,2,New Delhi,JSW Energy Ltd.,299,8.5,2541.5
11,23.0,0.0,21.0,1.0,0,2,New Delhi,NTPC Pvt. Ltd.,583,8.5,4955.5
13,23.0,3.0,12.0,1.0,0,2,New Delhi,Sunil Hitech Eng,583,8.5,4955.5
15,23.0,1.0,16.0,1.0,0,2,New Delhi,Tata Power Company Ltd.,583,8.5,4955.5
17,23.0,2.0,14.0,1.0,0,2,New Delhi,NTPC Pvt. Ltd.,396,8.5,3366.0
14,23.0,3.0,15.0,1.0,0,2,New Delhi,"Maha Transco – Maharashtra State Electricity Transmission Co, Ltd.",396,8.5,3366.0
9,21.0,1.0,14.0,7.0,0,2,New Delhi,Jaiprakash Power,416,8.5,3536.0
15,22.0,1.0,17.0,1.0,0,2,New Delhi,"Maha Transco – Maharashtra State Electricity Transmission Co, Ltd.",416,8.5,3536.0
7,17.0,3.0,12.0,1.0,0,2,New Delhi,Unitech Power Transmission Ltd.,289,8.5,2456.5
5,18.0,3.0,16.0,1.0,0,2,New Delhi,NHPC,327,8.5,2779.5
21,23.0,0.0,20.0,1.0,0,2,New Delhi,NTPC Pvt. Ltd.,451,8.5,3833.5
9,20.0,2.0,8.0,1.0,0,2,New Delhi,NLC India,451,8.5,3833.5
21,22.0,2.0,19.0,1.0,0,2,New Delhi,JSW Energy Ltd.,657,8.5,5584.5
21,23.0,1.0,6.0,12.0,0,2,New Delhi,Tata Power Company Ltd.,477,8.5,4054.5
8,22.0,3.0,22.0,1.0,0,2,New Delhi,Unitech Power Transmission Ltd.,584,8.5,4964.0
13,23.0,3.0,9.0,1.0,0,2,New Delhi,KEC International,402,8.5,3417.0
8,20.0,3.0,15.0,1.0,0,2,New Delhi,Bonfiglioli Transmission Pvt. Ltd.,319,8.5,2711.5
11,23.0,0.0,11.0,1.0,0,2,New Delhi,Jyoti Structure,470,8.5,3995.0
15,23.0,1.0,21.0,1.0,0,2,New Delhi,Torrent Power Ltd.,423,8.5,3595.5
18,22.0,2.0,13.0,1.0,0,2,New Delhi,L&T Transmission & Distribution,497,8.5,4224.5
19,22.0,2.0,16.0,1.0,0,2,New Delhi,Adani Power Ltd.,658,8.5,5593.0
11,23.0,2.0,3.0,1.0,0,2,New Delhi,NHPC,406,8.5,3451.0
21,23.0,3.0,5.0,1.0,0,2,New Delhi,NTPC Pvt. Ltd.,534,8.5,4539.0
19,23.0,3.0,5.0,12.0,0,2,New Delhi,CESC,546,8.5,4641.0
7,18.0,2.0,19.0,1.0,0,2,New Delhi,Adani Power Ltd.,355,8.5,3017.5
13,22.0,3.0,11.0,1.0,0,2,New Delhi,Jyoti Structure,554,8.5,4709.0
10,23.0,0.0,17.0,7.0,0,2,New Delhi,Kalpataru Power,603,8.5,5125.5
20,23.0,2.0,10.0,12.0,0,2,New Delhi,Tata Power Company Ltd.,603,8.5,5125.5
23,22.0,2.0,19.0,1.0,0,2,New Delhi,KEC International,636,8.5,5406.0
16,23.0,1.0,3.0,12.0,0,2,New Delhi,Unitech Power Transmission Ltd.,390,8.5,3315.0
9,21.0,1.0,7.0,1.0,0,2,New Delhi,Optibelt Power Transmission India Private Limited,338,8.5,2873.0
7,17.0,0.0,17.0,1.0,0,2,New Delhi,CESC,338,8.5,2873.0
20,22.0,3.0,20.0,1.0,0,2,New Delhi,Neueon Towers / Sujana Towers Ltd.,568,8.5,4828.0
22,22.0,1.0,14.0,1.0,0,2,New Delhi,Unitech Power Transmission Ltd.,568,8.5,4828.0
12,22.0,3.0,7.0,1.0,0,2,New Delhi,"Maha Transco – Maharashtra State Electricity Transmission Co, Ltd.",382,8.5,3247.0
20,22.0,2.0,4.0,1.0,0,2,New Delhi,KEC International,466,8.5,3961.0
16,23.0,1.0,20.0,1.0,0,2,New Delhi,Guj Ind Power,564,8.5,4794.0
9,22.0,0.0,9.0,7.0,0,2,New Delhi,Toshiba Transmission & Distribution Systems (India) Pvt. Ltd.,281,8.5,2388.5
15,22.0,3.0,17.0,1.0,0,2,New Delhi,Reliance Energy,599,8.5,5091.5
9,21.0,0.0,21.0,1.0,0,2,New Delhi,Tata Power Company Ltd.,310,8.5,2635.0
10,19.0,2.0,16.0,1.0,0,2,New Delhi,L&T Transmission & Distribution,556,8.5,4726.0
20,23.0,2.0,8.0,1.0,0,2,New Delhi,NHPC,556,8.5,4726.0
7,19.0,1.0,8.0,1.0,0,2,New Delhi,TransRail Lighting,290,8.5,2465.0
9,19.0,1.0,21.0,1.0,0,2,New Delhi,Optibelt Power Transmission India Private Limited,530,8.5,4505.0
17,23.0,3.0,13.0,1.0,0,2,New Delhi,Sunil Hitech Eng,405,8.5,3442.5
8,21.0,1.0,6.0,1.0,0,2,New Delhi,Guj Ind Power,345,8.5,2932.5
22,23.0,0.0,15.0,1.0,0,2,New Delhi,Reliance Power,400,8.5,3400.0
6,21.0,1.0,6.0,1.0,0,2,New Delhi,Tata Power Company Ltd.,400,8.5,3400.0
19,22.0,1.0,8.0,1.0,0,2,New Delhi,CESC,368,8.5,3128.0
13,23.0,0.0,17.0,12.0,0,2,New Delhi,Adani Power Ltd.,665,8.5,5652.5
6,23.0,0.0,16.0,1.0,0,2,New Delhi,Power Grid Corp,288,8.5,2448.0
22,22.0,0.0,11.0,1.0,0,2,New Delhi,Optibelt Power Transmission India Private Limited,574,8.5,4879.0
13,22.0,1.0,12.0,1.0,0,2,New Delhi,Unitech Power Transmission Ltd.,514,8.5,4369.0
22,23.0,1.0,19.0,1.0,0,2,New Delhi,Optibelt Power Transmission India Private Limited,514,8.5,4369.0
11,23.0,0.0,3.0,1.0,0,2,New Delhi,Jaiprakash Power,258,8.5,2193.0
11,23.0,3.0,5.0,1.0,0,2,New Delhi,GE T&D India Limited,465,8.5,3952.5
9,17.0,0.0,22.0,1.0,0,2,New Delhi,Sunil Hitech Eng,516,8.5,4386.0
18,22.0,3.0,4.0,1.0,0,2,New Delhi,Tata Power Company Ltd.,516,8.5,4386.0
7,18.0,3.0,3.0,1.0,0,2,New Delhi,Adani Power Ltd.,244,8.5,2074.0
11,23.0,0.0,8.0,1.0,0,2,New Delhi,Orient Green,361,8.5,3068.5
5,23.0,0.0,6.0,1.0,0,2,New Delhi,Jyoti Structure,361,8.5,3068.5
21,22.0,0.0,18.0,12.0,0,2,New Delhi,Kalpataru Power,716,8.5,6086.0
14,22.0,3.0,8.0,1.0,0,2,New Delhi,Indowind Energy,326,8.5,2771.0
9,23.0,3.0,18.0,1.0,0,2,New Delhi,GE T&D India Limited,506,8.5,4301.0
9,21.0,1.0,10.0,1.0,0,2,New Delhi,SJVN Ltd.,318,8.5,2703.0
9,22.0,2.0,8.0,1.0,0,2,New Delhi,Sunil Hitech Eng,501,8.5,4258.5
15,23.0,0.0,17.0,1.0,0,2,New Delhi,Ringfeder Power Transmission India Pvt. Ltd.,570,8.5,4845.0
17,23.0,1.0,7.0,1.0,0,2,New Delhi,Neueon Towers / Sujana Towers Ltd.,314,8.5,2669.0
13,23.0,3.0,21.0,1.0,0,2,New Delhi,Power Grid Corp,572,8.5,4862.0
23,23.0,2.0,6.0,12.0,0,2,New Delhi,Orient Green,572,8.5,4862.0
6,19.0,1.0,22.0,7.0,0,2,New Delhi,Optibelt Power Transmission India Private Limited,563,8.5,4785.5
22,23.0,2.0,15.0,1.0,0,2,New Delhi,Unitech Power Transmission Ltd.,563,8.5,4785.5
21,23.0,2.0,13.0,1.0,0,2,New Delhi,NLC India,563,8.5,4785.5
10,23.0,3.0,3.0,1.0,0,2,New Delhi,Orient Green,426,8.5,3621.0
11,23.0,2.0,22.0,1.0,0,2,New Delhi,Optibelt Power Transmission India Private Limited,612,8.5,5202.0
16,23.0,3.0,14.0,12.0,0,2,New Delhi,Optibelt Power Transmission India Private Limited,608,8.5,5168.0
10,18.0,0.0,4.0,7.0,0,2,New Delhi,Orient Green,315,8.5,2677.5
13,22.0,3.0,21.0,1.0,0,2,New Delhi,Torrent Power Ltd.,637,8.5,5414.5
12,22.0,0.0,16.0,12.0,0,2,New Delhi,Sterlite Power Transmission Ltd,511,8.5,4343.5
9,23.0,0.0,10.0,1.0,0,2,New Delhi,Power Grid Corp,511,8.5,4343.5
16,23.0,1.0,15.0,1.0,0,2,New Delhi,Torrent Power Ltd.,484,8.5,4114.0
20,23.0,1.0,17.0,1.0,0,2,New Delhi,L&T Transmission & Distribution,565,8.5,4802.5
6,20.0,3.0,5.0,7.0,0,2,New Delhi,Jaiprakash Power,287,8.5,2439.5
7,20.0,0.0,8.0,1.0,0,2,New Delhi,SJVN Ltd.,358,8.5,3043.0
5,23.0,0.0,11.0,1.0,0,2,New Delhi,CESC,347,8.5,2949.5
11,23.0,1.0,10.0,1.0,0,2,New Delhi,TransRail Lighting,362,8.5,3077.0
21,23.0,0.0,20.0,12.0,0,2,New Delhi,Guj Ind Power,542,8.5,4607.0
15,23.0,3.0,4.0,1.0,0,2,New Delhi,NTPC Pvt. Ltd.,542,8.5,4607.0
17,23.0,2.0,15.0,1.0,0,2,New Delhi,Bonfiglioli Transmission Pvt. Ltd.,622,8.5,5287.0
7,22.0,3.0,20.0,1.0,0,2,New Delhi,SJVN Ltd.,611,8.5,5193.5
19,23.0,0.0,6.0,1.0,0,2,New Delhi,Unitech Power Transmission Ltd.,292,8.5,2482.0
12,22.0,1.0,13.0,1.0,0,2,New Delhi,Jyoti Structure,509,8.5,4326.5
15,22.0,2.0,10.0,1.0,0,2,New Delhi,Sterlite Power Transmission Ltd,580,8.5,4930.0
17,23.0,2.0,18.0,1.0,0,2,New Delhi,Reliance Energy,513,8.5,4360.5
23,23.0,1.0,22.0,1.0,0,2,New Delhi,JSW Energy Ltd.,575,8.5,4887.5
12,22.0,0.0,21.0,1.0,0,2,New Delhi,Sterlite Power Transmission Ltd,544,8.5,4624.0
6,23.0,1.0,3.0,1.0,0,2,New Delhi,Guj Ind Power,211,8.5,1793.5
6,17.0,2.0,5.0,1.0,0,2,New Delhi,TransRail Lighting,341,8.5,2898.5
16,22.0,2.0,20.0,12.0,0,2,New Delhi,Jaiprakash Power,766,8.5,6511.0
19,23.0,0.0,21.0,1.0,0,2,New Delhi,Ratnagiri Gas and Power Pvt. Ltd. (RGPPL),475,8.5,4037.5
21,23.0,2.0,8.0,1.0,0,3,Hyderabad,Jaiprakash Power,553,8.4,4645.2
6,23.0,3.0,14.0,1.0,0,3,Hyderabad,Adani Power Ltd.,553,8.4,4645.2
16,23.0,3.0,15.0,1.0,0,3,Hyderabad,Torrent Power Ltd.,550,8.4,4620.0
8,22.0,3.0,20.0,1.0,0,3,Hyderabad,GE T&D India Limited,682,8.4,5728.8
23,23.0,2.0,12.0,1.0,0,3,Hyderabad,Tata Power Company Ltd.,594,8.4,4989.6
20,22.0,2.0,10.0,1.0,0,3,Hyderabad,Ratnagiri Gas and Power Pvt. Ltd. (RGPPL),528,8.4,4435.2
18,22.0,2.0,7.0,1.0,0,3,Hyderabad,Sunil Hitech Eng,374,8.4,3141.6
8,20.0,1.0,7.0,1.0,0,3,Hyderabad,Neueon Towers / Sujana Towers Ltd.,475,8.4,3990.0
16,22.0,3.0,6.0,1.0,0,3,Hyderabad,Torrent Power Ltd.,627,8.4,5266.8
14,22.0,1.0,22.0,1.0,0,3,Hyderabad,GE T&D India Limited,627,8.4,5266.8
12,23.0,3.0,7.0,12.0,0,3,Hyderabad,Reliance Energy,570,8.4,4788.0
10,21.0,0.0,8.0,1.0,0,3,Hyderabad,Orient Green,380,8.4,3192.0
14,22.0,3.0,12.0,1.0,0,3,Hyderabad,Torrent Power Ltd.,437,8.4,3670.8
23,22.0,3.0,13.0,1.0,0,3,Hyderabad,Sterlite Power Transmission Ltd,540,8.4,4536.0
8,23.0,0.0,13.0,1.0,0,3,Hyderabad,JSW Energy Ltd.,415,8.4,3486.0
17,22.0,1.0,3.0,12.0,0,3,Hyderabad,Reliance Power,415,8.4,3486.0
23,22.0,2.0,21.0,1.0,0,3,Hyderabad,Ringfeder Power Transmission India Pvt. Ltd.,691,8.4,5804.400000000000
13,23.0,3.0,5.0,1.0,0,3,Hyderabad,SJVN Ltd.,587,8.4,4930.8
6,20.0,0.0,16.0,1.0,0,3,Hyderabad,"Maha Transco – Maharashtra State Electricity Transmission Co, Ltd.",288,8.4,2419.2000000000000
10,22.0,1.0,20.0,1.0,0,3,Hyderabad,SJVN Ltd.,576,8.4,4838.400000000000
20,22.0,0.0,22.0,1.0,0,3,Hyderabad,Kalpataru Power,576,8.4,4838.400000000000
11,22.0,0.0,16.0,12.0,0,3,Hyderabad,Power Grid Corp,581,8.4,4880.400000000000
19,23.0,3.0,5.0,1.0,0,3,Hyderabad,Ratnagiri Gas and Power Pvt. Ltd. (RGPPL),518,8.4,4351.2
11,22.0,3.0,10.0,1.0,0,3,Hyderabad,Sterlite Power Transmission Ltd,589,8.4,4947.6
22,23.0,2.0,15.0,1.0,0,3,Hyderabad,TransRail Lighting,589,8.4,4947.6
5,22.0,3.0,14.0,1.0,0,3,Hyderabad,Jaiprakash Power,588,8.4,4939.2
12,22.0,3.0,12.0,1.0,0,3,Hyderabad,Guj Ind Power,588,8.4,4939.2
17,22.0,1.0,6.0,1.0,0,3,Hyderabad,TransRail Lighting,507,8.4,4258.8
18,22.0,2.0,17.0,1.0,0,3,Hyderabad,Jyoti Structure,507,8.4,4258.8
6,21.0,2.0,9.0,1.0,0,3,Hyderabad,"Maha Transco – Maharashtra State Electricity Transmission Co, Ltd.",443,8.4,3721.2000000000000
9,21.0,2.0,14.0,1.0,0,3,Hyderabad,JSW Energy Ltd.,523,8.4,4393.2
13,22.0,0.0,20.0,1.0,0,3,Hyderabad,TransRail Lighting,523,8.4,4393.2
11,23.0,0.0,21.0,1.0,0,3,Hyderabad,Neueon Towers / Sujana Towers Ltd.,511,8.4,4292.400000000000
9,19.0,2.0,19.0,1.0,0,3,Hyderabad,Toshiba Transmission & Distribution Systems (India) Pvt. Ltd.,511,8.4,4292.400000000000
8,18.0,2.0,20.0,1.0,0,3,Hyderabad,Adani Power Ltd.,452,8.4,3796.8
21,23.0,1.0,13.0,1.0,0,3,Hyderabad,Indowind Energy,452,8.4,3796.8
10,22.0,0.0,16.0,1.0,0,3,Hyderabad,SJVN Ltd.,397,8.4,3334.8
21,23.0,1.0,8.0,12.0,0,3,Hyderabad,Ratnagiri Gas and Power Pvt. Ltd. (RGPPL),519,8.4,4359.6
22,22.0,2.0,17.0,1.0,0,3,Hyderabad,SJVN Ltd.,519,8.4,4359.6
20,23.0,1.0,5.0,1.0,0,3,Hyderabad,Orient Green,519,8.4,4359.6
10,23.0,2.0,6.0,1.0,0,3,Hyderabad,Adani Power Ltd.,551,8.4,4628.400000000000
9,17.0,3.0,5.0,7.0,0,3,Hyderabad,Ratnagiri Gas and Power Pvt. Ltd. (RGPPL),502,8.4,4216.8
14,23.0,3.0,4.0,12.0,0,3,Hyderabad,"Maha Transco – Maharashtra State Electricity Transmission Co, Ltd.",502,8.4,4216.8
16,23.0,1.0,6.0,1.0,0,3,Hyderabad,Sterlite Power Transmission Ltd,502,8.4,4216.8
5,21.0,3.0,7.0,1.0,0,3,Hyderabad,NLC India,342,8.4,2872.8
5,22.0,0.0,13.0,1.0,0,3,Hyderabad,Unitech Power Transmission Ltd.,342,8.4,2872.8
14,22.0,0.0,11.0,1.0,0,3,Hyderabad,Bonfiglioli Transmission Pvt. Ltd.,449,8.4,3771.6000000000000
17,22.0,0.0,3.0,1.0,0,3,Hyderabad,Orient Green,449,8.4,3771.6000000000000
14,23.0,3.0,7.0,1.0,0,3,Hyderabad,TransRail Lighting,641,8.4,5384.400000000000
14,22.0,3.0,20.0,1.0,0,3,Hyderabad,KEC International,653,8.4,5485.2
16,23.0,0.0,10.0,12.0,0,3,Hyderabad,Optibelt Power Transmission India Private Limited,620,8.4,5208.0
13,22.0,2.0,15.0,1.0,0,3,Hyderabad,Kalpataru Power,563,8.4,4729.2
14,22.0,3.0,3.0,1.0,0,3,Hyderabad,NTPC Pvt. Ltd.,483,8.4,4057.2000000000000
7,20.0,2.0,20.0,7.0,0,3,Hyderabad,NLC India,583,8.4,4897.2
14,23.0,2.0,8.0,1.0,0,3,Hyderabad,Sunil Hitech Eng,583,8.4,4897.2
10,18.0,0.0,4.0,1.0,0,3,Hyderabad,Sterlite Power Transmission Ltd,410,8.4,3444.0
6,17.0,2.0,19.0,1.0,0,3,Hyderabad,SJVN Ltd.,454,8.4,3813.6000000000000
6,20.0,1.0,19.0,7.0,0,3,Hyderabad,Torrent Power Ltd.,454,8.4,3813.6000000000000
7,18.0,1.0,19.0,1.0,0,3,Hyderabad,Indowind Energy,521,8.4,4376.400000000000
12,23.0,2.0,8.0,1.0,0,3,Hyderabad,Kalpataru Power,597,8.4,5014.8
6,23.0,2.0,11.0,1.0,0,3,Hyderabad,NTPC Pvt. Ltd.,414,8.4,3477.6000000000000
16,22.0,3.0,18.0,1.0,0,3,Hyderabad,NTPC Pvt. Ltd.,529,8.4,4443.6
18,22.0,0.0,19.0,1.0,0,3,Hyderabad,Jyoti Structure,529,8.4,4443.6
14,23.0,1.0,3.0,1.0,0,3,Hyderabad,JSW Energy Ltd.,529,8.4,4443.6
13,23.0,3.0,7.0,1.0,0,3,Hyderabad,Kalpataru Power,529,8.4,4443.6
16,22.0,2.0,4.0,1.0,0,3,Hyderabad,Neueon Towers / Sujana Towers Ltd.,335,8.4,2814.0
6,21.0,3.0,13.0,7.0,0,3,Hyderabad,KEC International,629,8.4,5283.6
14,22.0,3.0,14.0,1.0,0,3,Hyderabad,Indowind Energy,629,8.4,5283.6
21,23.0,3.0,3.0,1.0,0,3,Hyderabad,Orient Green,445,8.4,3738.0
21,23.0,0.0,11.0,1.0,0,3,Hyderabad,L&T Transmission & Distribution,603,8.4,5065.2
7,22.0,0.0,18.0,1.0,0,3,Hyderabad,Bonfiglioli Transmission Pvt. Ltd.,603,8.4,5065.2
9,20.0,3.0,12.0,1.0,0,3,Hyderabad,Guj Ind Power,431,8.4,3620.4
9,17.0,0.0,12.0,1.0,0,3,Hyderabad,Unitech Power Transmission Ltd.,399,8.4,3351.6000000000000
6,21.0,3.0,7.0,1.0,0,3,Hyderabad,NLC India,377,8.4,3166.8
5,23.0,1.0,10.0,1.0,0,3,Hyderabad,Ringfeder Power Transmission India Pvt. Ltd.,389,8.4,3267.6000000000000
14,22.0,2.0,14.0,1.0,0,3,Hyderabad,Power Grid Corp,459,8.4,3855.6000000000000
7,21.0,3.0,3.0,1.0,0,3,Hyderabad,Ratnagiri Gas and Power Pvt. Ltd. (RGPPL),423,8.4,3553.2000000000000
17,23.0,3.0,8.0,1.0,0,3,Hyderabad,Neueon Towers / Sujana Towers Ltd.,423,8.4,3553.2000000000000
16,22.0,0.0,14.0,1.0,0,3,Hyderabad,Unitech Power Transmission Ltd.,524,8.4,4401.6
23,22.0,3.0,7.0,1.0,0,3,Hyderabad,Ratnagiri Gas and Power Pvt. Ltd. (RGPPL),524,8.4,4401.6
9,23.0,2.0,6.0,1.0,0,3,Hyderabad,Tata Power Company Ltd.,544,8.4,4569.6
23,22.0,1.0,12.0,1.0,0,3,Hyderabad,Kalpataru Power,506,8.4,4250.400000000000
11,23.0,0.0,17.0,1.0,0,3,Hyderabad,Orient Green,617,8.4,5182.8
13,22.0,1.0,14.0,1.0,0,3,Hyderabad,TransRail Lighting,419,8.4,3519.6000000000000
12,23.0,3.0,21.0,1.0,0,3,Hyderabad,Power Grid Corp,639,8.4,5367.6
6,23.0,0.0,20.0,7.0,0,3,Hyderabad,GE T&D India Limited,639,8.4,5367.6
14,22.0,2.0,8.0,1.0,0,3,Hyderabad,Jaiprakash Power,373,8.4,3133.2000000000000
23,22.0,1.0,4.0,1.0,0,3,Hyderabad,GE T&D India Limited,424,8.4,3561.6000000000000
22,22.0,0.0,17.0,1.0,0,3,Hyderabad,Reliance Power,458,8.4,3847.2000000000000
18,23.0,0.0,16.0,1.0,0,3,Hyderabad,Toshiba Transmission & Distribution Systems (India) Pvt. Ltd.,458,8.4,3847.2000000000000
6,21.0,1.0,15.0,1.0,0,3,Hyderabad,Adani Power Ltd.,458,8.4,3847.2000000000000
17,23.0,0.0,19.0,1.0,0,3,Hyderabad,Jaiprakash Power,520,8.4,4368.0
13,23.0,0.0,22.0,1.0,0,3,Hyderabad,NTPC Pvt. Ltd.,520,8.4,4368.0
5,23.0,1.0,8.0,1.0,0,3,Hyderabad,Reliance Power,555,8.4,4662.0
6,23.0,1.0,14.0,7.0,0,3,Hyderabad,Sunil Hitech Eng,555,8.4,4662.0
13,23.0,0.0,12.0,1.0,0,3,Hyderabad,Bonfiglioli Transmission Pvt. Ltd.,555,8.4,4662.0
15,23.0,2.0,12.0,12.0,0,3,Hyderabad,Torrent Power Ltd.,555,8.4,4662.0
19,23.0,1.0,7.0,1.0,0,3,Hyderabad,Guj Ind Power,446,8.4,3746.4
6,22.0,2.0,9.0,1.0,0,3,Hyderabad,Jyoti Structure,446,8.4,3746.4
5,22.0,0.0,10.0,1.0,0,3,Hyderabad,Neueon Towers / Sujana Towers Ltd.,486,8.4,4082.4
11,23.0,0.0,9.0,1.0,0,3,Hyderabad,TransRail Lighting,537,8.4,4510.8
15,23.0,3.0,3.0,12.0,0,3,Hyderabad,Neueon Towers / Sujana Towers Ltd.,626,8.4,5258.400000000000
5,23.0,3.0,4.0,1.0,0,3,Hyderabad,Kalpataru Power,535,8.4,4494.0
19,22.0,2.0,7.0,1.0,0,3,Hyderabad,Power Grid Corp,535,8.4,4494.0
20,23.0,1.0,22.0,1.0,0,3,Hyderabad,Kalpataru Power,535,8.4,4494.0
19,22.0,1.0,14.0,1.0,0,3,Hyderabad,JSW Energy Ltd.,644,8.4,5409.6
15,23.0,0.0,10.0,1.0,0,3,Hyderabad,Adani Power Ltd.,468,8.4,3931.2000000000000
14,22.0,3.0,4.0,1.0,0,3,Hyderabad,"Maha Transco – Maharashtra State Electricity Transmission Co, Ltd.",395,8.4,3318.0
15,23.0,0.0,10.0,12.0,0,3,Hyderabad,Ringfeder Power Transmission India Pvt. Ltd.,522,8.4,4384.8
15,22.0,0.0,18.0,1.0,0,3,Hyderabad,NHPC,522,8.4,4384.8
18,22.0,1.0,22.0,1.0,0,3,Hyderabad,Ringfeder Power Transmission India Pvt. Ltd.,667,8.4,5602.8
12,23.0,1.0,9.0,1.0,0,3,Hyderabad,Power Grid Corp,598,8.4,5023.2
20,23.0,0.0,10.0,1.0,0,3,Hyderabad,Ratnagiri Gas and Power Pvt. Ltd. (RGPPL),598,8.4,5023.2
19,23.0,3.0,3.0,1.0,0,3,Hyderabad,Indowind Energy,552,8.4,4636.8
10,22.0,2.0,19.0,1.0,0,3,Hyderabad,Toshiba Transmission & Distribution Systems (India) Pvt. Ltd.,534,8.4,4485.6
21,23.0,1.0,6.0,1.0,0,3,Hyderabad,NLC India,527,8.4,4426.8
8,21.0,1.0,15.0,1.0,0,3,Hyderabad,Guj Ind Power,527,8.4,4426.8
23,23.0,3.0,22.0,1.0,0,3,Hyderabad,Torrent Power Ltd.,806,8.4,6770.400000000000
23,23.0,1.0,20.0,1.0,0,3,Hyderabad,Tata Power Company Ltd.,765,8.4,6426.0
7,18.0,3.0,11.0,1.0,0,3,Hyderabad,NHPC,574,8.4,4821.6
16,22.0,3.0,4.0,1.0,0,3,Hyderabad,"Maha Transco – Maharashtra State Electricity Transmission Co, Ltd.",492,8.4,4132.8
21,22.0,3.0,20.0,1.0,0,3,Hyderabad,Indowind Energy,728,8.4,6115.2
13,22.0,1.0,5.0,12.0,0,3,Hyderabad,Power Grid Corp,429,8.4,3603.6000000000000
10,19.0,2.0,7.0,1.0,0,3,Hyderabad,GE T&D India Limited,429,8.4,3603.6000000000000
22,22.0,3.0,5.0,1.0,0,3,Hyderabad,TransRail Lighting,585,8.4,4914.0
16,22.0,3.0,10.0,12.0,0,3,Hyderabad,TransRail Lighting,585,8.4,4914.0
6,18.0,2.0,18.0,1.0,0,3,Hyderabad,Ringfeder Power Transmission India Pvt. Ltd.,585,8.4,4914.0
17,22.0,1.0,3.0,12.0,0,3,Hyderabad,Reliance Energy,611,8.4,5132.400000000000
23,23.0,0.0,22.0,1.0,0,3,Hyderabad,JSW Energy Ltd.,726,8.4,6098.400000000000
7,20.0,1.0,12.0,1.0,0,3,Hyderabad,Reliance Power,330,8.4,2772.0
17,23.0,1.0,12.0,1.0,0,3,Hyderabad,Toshiba Transmission & Distribution Systems (India) Pvt. Ltd.,605,8.4,5082.0
8,21.0,1.0,10.0,1.0,0,3,Hyderabad,Kalpataru Power,539,8.4,4527.6
18,23.0,0.0,14.0,1.0,0,3,Hyderabad,Guj Ind Power,396,8.4,3326.4
11,23.0,2.0,13.0,1.0,0,3,Hyderabad,Jaiprakash Power,396,8.4,3326.4
16,22.0,3.0,3.0,1.0,0,3,Hyderabad,Toshiba Transmission & Distribution Systems (India) Pvt. Ltd.,396,8.4,3326.4
23,23.0,0.0,18.0,1.0,0,3,Hyderabad,JSW Energy Ltd.,517,8.4,4342.8
22,22.0,0.0,3.0,12.0,0,3,Hyderabad,Ratnagiri Gas and Power Pvt. Ltd. (RGPPL),649,8.4,5451.6
13,23.0,0.0,6.0,1.0,0,3,Hyderabad,Tata Power Company Ltd.,416,8.4,3494.4
6,20.0,0.0,16.0,1.0,0,3,Hyderabad,Neueon Towers / Sujana Towers Ltd.,299,8.4,2511.6
13,23.0,3.0,15.0,1.0,0,3,Hyderabad,Reliance Energy,637,8.4,5350.8
17,22.0,1.0,16.0,12.0,0,3,Hyderabad,NHPC,533,8.4,4477.2
7,17.0,2.0,5.0,1.0,0,3,Hyderabad,TransRail Lighting,237,8.4,1990.8000000000000
18,23.0,2.0,11.0,1.0,0,3,Hyderabad,TransRail Lighting,462,8.4,3880.8
10,19.0,0.0,5.0,1.0,0,3,Hyderabad,GE T&D India Limited,285,8.4,2394.0
5,19.0,3.0,21.0,1.0,0,3,Hyderabad,Bonfiglioli Transmission Pvt. Ltd.,478,8.4,4015.2000000000000
23,22.0,3.0,5.0,1.0,0,3,Hyderabad,Power Grid Corp,564,8.4,4737.6
8,21.0,0.0,21.0,1.0,0,3,Hyderabad,Bonfiglioli Transmission Pvt. Ltd.,447,8.4,3754.8
20,22.0,1.0,4.0,1.0,0,3,Hyderabad,CESC,385,8.4,3234.0
20,23.0,2.0,20.0,1.0,0,3,Hyderabad,GE T&D India Limited,619,8.4,5199.6
6,23.0,2.0,16.0,1.0,0,3,Hyderabad,L&T Transmission & Distribution,619,8.4,5199.6
18,22.0,2.0,16.0,1.0,0,3,Hyderabad,NTPC Pvt. Ltd.,525,8.4,4410.0
23,23.0,2.0,14.0,1.0,0,3,Hyderabad,KEC International,586,8.4,4922.400000000000
19,22.0,0.0,19.0,1.0,0,3,Hyderabad,Reliance Energy,586,8.4,4922.400000000000
22,23.0,3.0,10.0,12.0,0,3,Hyderabad,Tata Power Company Ltd.,685,8.4,5754.0
10,22.0,2.0,18.0,1.0,0,3,Hyderabad,Sunil Hitech Eng,547,8.4,4594.8
11,23.0,3.0,7.0,12.0,0,3,Hyderabad,Indowind Energy,547,8.4,4594.8
21,23.0,2.0,10.0,12.0,0,3,Hyderabad,NTPC Pvt. Ltd.,607,8.4,5098.8
19,22.0,0.0,15.0,1.0,0,3,Hyderabad,NHPC,600,8.4,5040.0
10,19.0,0.0,7.0,1.0,0,3,Hyderabad,JSW Energy Ltd.,433,8.4,3637.2000000000000
16,22.0,2.0,6.0,1.0,0,3,Hyderabad,Orient Green,433,8.4,3637.2000000000000
11,22.0,3.0,19.0,12.0,0,3,Hyderabad,Jaiprakash Power,665,8.4,5586.0
14,23.0,2.0,4.0,1.0,0,3,Hyderabad,"Maha Transco – Maharashtra State Electricity Transmission Co, Ltd.",571,8.4,4796.400000000000
13,22.0,3.0,18.0,1.0,0,3,Hyderabad,Tata Power Company Ltd.,469,8.4,3939.6000000000000
16,23.0,2.0,15.0,12.0,0,3,Hyderabad,NLC India,579,8.4,4863.6
19,22.0,1.0,9.0,12.0,0,3,Hyderabad,"Maha Transco – Maharashtra State Electricity Transmission Co, Ltd.",579,8.4,4863.6
21,22.0,0.0,18.0,1.0,0,3,Hyderabad,Jyoti Structure,579,8.4,4863.6
21,22.0,2.0,5.0,1.0,0,3,Hyderabad,JSW Energy Ltd.,408,8.4,3427.2000000000000
9,21.0,2.0,5.0,1.0,0,3,Hyderabad,Orient Green,312,8.4,2620.8
13,22.0,1.0,12.0,1.0,0,3,Hyderabad,NHPC,465,8.4,3906.0
5,23.0,2.0,15.0,1.0,0,3,Hyderabad,Torrent Power Ltd.,560,8.4,4704.0
21,22.0,2.0,9.0,1.0,0,3,Hyderabad,Ringfeder Power Transmission India Pvt. Ltd.,402,8.4,3376.8
19,23.0,1.0,11.0,1.0,0,3,Hyderabad,SJVN Ltd.,658,8.4,5527.2
19,23.0,3.0,20.0,1.0,0,3,Hyderabad,Ratnagiri Gas and Power Pvt. Ltd. (RGPPL),689,8.4,5787.6
8,18.0,0.0,21.0,1.0,0,3,Hyderabad,Power Grid Corp,334,8.4,2805.6
18,23.0,0.0,8.0,1.0,0,3,Hyderabad,Torrent Power Ltd.,530,8.4,4452.0
14,23.0,2.0,4.0,1.0,0,3,Hyderabad,Guj Ind Power,477,8.4,4006.8
23,23.0,0.0,5.0,1.0,0,3,Hyderabad,NTPC Pvt. Ltd.,541,8.4,4544.400000000000
23,22.0,3.0,9.0,12.0,0,3,Hyderabad,Toshiba Transmission & Distribution Systems (India) Pvt. Ltd.,647,8.4,5434.8
11,23.0,1.0,9.0,1.0,0,3,Hyderabad,JSW Energy Ltd.,386,8.4,3242.4
20,22.0,1.0,15.0,12.0,0,3,Hyderabad,Kalpataru Power,700,8.4,5880.0
9,20.0,2.0,5.0,1.0,0,3,Hyderabad,Guj Ind Power,339,8.4,2847.6
19,22.0,3.0,3.0,1.0,0,3,Hyderabad,Optibelt Power Transmission India Private Limited,388,8.4,3259.2000000000000
17,22.0,0.0,3.0,1.0,0,3,Hyderabad,Unitech Power Transmission Ltd.,448,8.4,3763.2000000000000
8,22.0,3.0,10.0,1.0,0,3,Hyderabad,"Maha Transco – Maharashtra State Electricity Transmission Co, Ltd.",473,8.4,3973.2000000000000
7,20.0,3.0,7.0,7.0,0,3,Hyderabad,Indowind Energy,491,8.4,4124.400000000000
20,23.0,0.0,4.0,12.0,0,3,Hyderabad,Neueon Towers / Sujana Towers Ltd.,640,8.4,5376.0
21,22.0,1.0,17.0,1.0,0,3,Hyderabad,Neueon Towers / Sujana Towers Ltd.,640,8.4,5376.0
9,19.0,3.0,6.0,7.0,0,3,Hyderabad,NTPC Pvt. Ltd.,436,8.4,3662.4
6,23.0,0.0,18.0,1.0,0,3,Hyderabad,Power Grid Corp,538,8.4,4519.2
5,18.0,3.0,10.0,1.0,0,3,Hyderabad,Reliance Energy,538,8.4,4519.2
19,23.0,3.0,18.0,1.0,0,3,Hyderabad,SJVN Ltd.,684,8.4,5745.6
12,22.0,2.0,16.0,1.0,0,3,Hyderabad,Ratnagiri Gas and Power Pvt. Ltd. (RGPPL),427,8.4,3586.8
10,21.0,1.0,10.0,1.0,0,3,Hyderabad,SJVN Ltd.,352,8.4,2956.8
5,18.0,3.0,4.0,1.0,0,3,Hyderabad,TransRail Lighting,391,8.4,3284.4
8,17.0,1.0,15.0,7.0,0,3,Hyderabad,NHPC,510,8.4,4284.0
12,23.0,0.0,17.0,1.0,0,3,Hyderabad,Unitech Power Transmission Ltd.,510,8.4,4284.0
10,18.0,1.0,11.0,1.0,0,3,Hyderabad,Reliance Power,442,8.4,3712.8
6,17.0,1.0,12.0,1.0,0,3,Hyderabad,Neueon Towers / Sujana Towers Ltd.,325,8.4,2730.0
19,23.0,2.0,21.0,1.0,0,3,Hyderabad,NTPC Pvt. Ltd.,675,8.4,5670.0
18,23.0,3.0,20.0,1.0,0,3,Hyderabad,GE T&D India Limited,567,8.4,4762.8
16,23.0,1.0,20.0,1.0,0,3,Hyderabad,TransRail Lighting,567,8.4,4762.8
15,22.0,2.0,6.0,12.0,0,3,Hyderabad,SJVN Ltd.,696,8.4,5846.400000000000
18,22.0,0.0,18.0,1.0,0,3,Hyderabad,Ringfeder Power Transmission India Pvt. Ltd.,501,8.4,4208.400000000000
20,23.0,2.0,9.0,1.0,0,3,Hyderabad,Jaiprakash Power,501,8.4,4208.400000000000
9,21.0,0.0,12.0,1.0,0,3,Hyderabad,Reliance Energy,548,8.4,4603.2
9,20.0,0.0,18.0,1.0,0,3,Hyderabad,Neueon Towers / Sujana Towers Ltd.,548,8.4,4603.2
15,23.0,3.0,8.0,12.0,0,3,Hyderabad,Bonfiglioli Transmission Pvt. Ltd.,746,8.4,6266.400000000000
7,20.0,0.0,3.0,1.0,0,3,Hyderabad,Power Grid Corp,320,8.4,2688.0
9,17.0,2.0,6.0,1.0,0,3,Hyderabad,KEC International,229,8.4,1923.6000000000000
21,22.0,3.0,20.0,1.0,0,3,Hyderabad,Adani Power Ltd.,723,8.4,6073.2
11,23.0,1.0,15.0,12.0,0,3,Hyderabad,Sunil Hitech Eng,709,8.4,5955.6
15,22.0,2.0,22.0,12.0,0,3,Hyderabad,Optibelt Power Transmission India Private Limited,709,8.4,5955.6
6,18.0,3.0,12.0,1.0,0,3,Hyderabad,Sunil Hitech Eng,450,8.4,3780.0
8,20.0,2.0,21.0,1.0,0,3,Hyderabad,TransRail Lighting,450,8.4,3780.0
14,23.0,3.0,5.0,1.0,0,3,Hyderabad,GE T&D India Limited,450,8.4,3780.0
16,23.0,1.0,4.0,1.0,0,3,Hyderabad,Tata Power Company Ltd.,450,8.4,3780.0
10,17.0,2.0,13.0,7.0,0,3,Hyderabad,NHPC,496,8.4,4166.400000000000
9,23.0,1.0,14.0,1.0,0,3,Hyderabad,Power Grid Corp,578,8.4,4855.2
17,23.0,2.0,15.0,1.0,0,3,Hyderabad,Orient Green,578,8.4,4855.2
14,22.0,2.0,5.0,1.0,0,3,Hyderabad,Ratnagiri Gas and Power Pvt. Ltd. (RGPPL),383,8.4,3217.2000000000000
19,23.0,1.0,4.0,1.0,0,3,Hyderabad,Jyoti Structure,327,8.4,2746.8
8,17.0,0.0,14.0,1.0,0,3,Hyderabad,Toshiba Transmission & Distribution Systems (India) Pvt. Ltd.,240,8.4,2016.0
11,23.0,1.0,19.0,12.0,0,3,Hyderabad,CESC,662,8.4,5560.8
20,22.0,1.0,7.0,1.0,0,3,Hyderabad,Ringfeder Power Transmission India Pvt. Ltd.,348,8.4,2923.2000000000000
10,18.0,0.0,7.0,1.0,0,3,Hyderabad,Unitech Power Transmission Ltd.,348,8.4,2923.2000000000000
19,23.0,3.0,18.0,1.0,0,3,Hyderabad,Neueon Towers / Sujana Towers Ltd.,678,8.4,5695.2
6,19.0,2.0,4.0,1.0,0,3,Hyderabad,Bonfiglioli Transmission Pvt. Ltd.,303,8.4,2545.2000000000000
9,20.0,3.0,6.0,1.0,0,3,Hyderabad,TransRail Lighting,303,8.4,2545.2000000000000
7,23.0,3.0,21.0,1.0,0,3,Hyderabad,Sterlite Power Transmission Ltd,706,8.4,5930.400000000000
8,17.0,0.0,12.0,1.0,0,3,Hyderabad,Torrent Power Ltd.,364,8.4,3057.6
9,18.0,3.0,6.0,1.0,0,3,Hyderabad,Ratnagiri Gas and Power Pvt. Ltd. (RGPPL),332,8.4,2788.8
9,23.0,2.0,11.0,7.0,0,3,Hyderabad,Jaiprakash Power,575,8.4,4830.0
19,22.0,3.0,7.0,1.0,0,3,Hyderabad,"Maha Transco – Maharashtra State Electricity Transmission Co, Ltd.",575,8.4,4830.0
10,18.0,2.0,12.0,1.0,0,3,Hyderabad,JSW Energy Ltd.,569,8.4,4779.6
22,23.0,1.0,20.0,1.0,0,3,Hyderabad,Torrent Power Ltd.,715,8.4,6006.0
10,23.0,3.0,20.0,1.0,0,3,Hyderabad,Tata Power Company Ltd.,724,8.4,6081.6
7,22.0,1.0,6.0,1.0,0,3,Hyderabad,Bonfiglioli Transmission Pvt. Ltd.,271,8.4,2276.4
7,18.0,0.0,14.0,7.0,0,3,Hyderabad,Ringfeder Power Transmission India Pvt. Ltd.,460,8.4,3864.0
9,22.0,3.0,8.0,1.0,0,3,Hyderabad,Adani Power Ltd.,354,8.4,2973.6
11,23.0,2.0,17.0,12.0,0,3,Hyderabad,Torrent Power Ltd.,749,8.4,6291.6
12,22.0,0.0,22.0,12.0,0,3,Hyderabad,Sterlite Power Transmission Ltd,749,8.4,6291.6
23,22.0,1.0,13.0,1.0,0,3,Hyderabad,Tata Power Company Ltd.,549,8.4,4611.6
6,21.0,2.0,4.0,1.0,0,3,Hyderabad,Sunil Hitech Eng,336,8.4,2822.4
5,20.0,3.0,6.0,1.0,0,3,Hyderabad,Toshiba Transmission & Distribution Systems (India) Pvt. Ltd.,545,8.4,4578.0
23,23.0,3.0,3.0,1.0,0,3,Hyderabad,Unitech Power Transmission Ltd.,591,8.4,4964.400000000000
22,23.0,2.0,3.0,1.0,0,3,Hyderabad,"Maha Transco – Maharashtra State Electricity Transmission Co, Ltd.",591,8.4,4964.400000000000
10,18.0,0.0,3.0,1.0,0,3,Hyderabad,KEC International,274,8.4,2301.6
13,23.0,0.0,10.0,1.0,0,3,Hyderabad,Jyoti Structure,370,8.4,3108.0
6,18.0,2.0,10.0,7.0,0,3,Hyderabad,Jaiprakash Power,387,8.4,3250.8
7,18.0,3.0,3.0,1.0,0,3,Hyderabad,TransRail Lighting,258,8.4,2167.2000000000000
21,22.0,3.0,15.0,1.0,0,3,Hyderabad,Adani Power Ltd.,744,8.4,6249.6
22,23.0,3.0,19.0,1.0,0,3,Hyderabad,Unitech Power Transmission Ltd.,821,8.4,6896.400000000000
9,17.0,2.0,3.0,1.0,0,3,Hyderabad,KEC International,291,8.4,2444.4
22,22.0,0.0,3.0,1.0,0,3,Hyderabad,Unitech Power Transmission Ltd.,291,8.4,2444.4
16,22.0,2.0,19.0,1.0,0,3,Hyderabad,"Maha Transco – Maharashtra State Electricity Transmission Co, Ltd.",677,8.4,5686.8
7,18.0,1.0,6.0,7.0,0,3,Hyderabad,"Maha Transco – Maharashtra State Electricity Transmission Co, Ltd.",425,8.4,3570.0
9,19.0,1.0,9.0,1.0,0,3,Hyderabad,SJVN Ltd.,284,8.4,2385.6
21,23.0,1.0,21.0,1.0,0,3,Hyderabad,Reliance Energy,761,8.4,6392.400000000000
16,23.0,1.0,4.0,1.0,0,3,Hyderabad,NHPC,406,8.4,3410.4
23,22.0,1.0,22.0,12.0,0,3,Hyderabad,Power Grid Corp,668,8.4,5611.2
17,22.0,0.0,11.0,12.0,0,3,Hyderabad,L&T Transmission & Distribution,668,8.4,5611.2
9,22.0,3.0,20.0,1.0,0,3,Hyderabad,L&T Transmission & Distribution,526,8.4,4418.400000000000
20,23.0,1.0,19.0,1.0,0,3,Hyderabad,NHPC,673,8.4,5653.2
9,23.0,2.0,19.0,1.0,0,3,Hyderabad,Indowind Energy,673,8.4,5653.2
6,18.0,2.0,19.0,1.0,0,3,Hyderabad,Optibelt Power Transmission India Private Limited,349,8.4,2931.6
9,23.0,2.0,14.0,1.0,0,3,Hyderabad,SJVN Ltd.,655,8.4,5502.0
11,22.0,0.0,7.0,12.0,0,3,Hyderabad,Ringfeder Power Transmission India Pvt. Ltd.,592,8.4,4972.8
5,20.0,3.0,9.0,1.0,0,3,Hyderabad,Orient Green,343,8.4,2881.2000000000000
11,23.0,3.0,12.0,12.0,0,3,Hyderabad,Jaiprakash Power,719,8.4,6039.6
12,23.0,2.0,8.0,12.0,0,3,Hyderabad,TransRail Lighting,719,8.4,6039.6
16,23.0,0.0,12.0,12.0,0,3,Hyderabad,Reliance Power,516,8.4,4334.400000000000
20,23.0,0.0,4.0,1.0,0,3,Hyderabad,TransRail Lighting,353,8.4,2965.2000000000000
13,23.0,1.0,5.0,1.0,0,3,Hyderabad,Toshiba Transmission & Distribution Systems (India) Pvt. Ltd.,366,8.4,3074.4
19,23.0,3.0,21.0,12.0,0,3,Hyderabad,Guj Ind Power,917,8.4,7702.8
5,20.0,3.0,11.0,1.0,0,3,Hyderabad,Sterlite Power Transmission Ltd,375,8.4,3150.0
10,18.0,1.0,10.0,1.0,0,3,Hyderabad,Neueon Towers / Sujana Towers Ltd.,318,8.4,2671.2000000000000
17,23.0,3.0,22.0,1.0,0,3,Hyderabad,JSW Energy Ltd.,816,8.4,6854.400000000000
18,22.0,1.0,22.0,12.0,0,3,Hyderabad,Reliance Energy,760,8.4,6384.0
22,23.0,3.0,18.0,1.0,0,3,Hyderabad,Jaiprakash Power,805,8.4,6762.0
6,22.0,3.0,6.0,1.0,0,3,Hyderabad,Tata Power Company Ltd.,360,8.4,3024.0
18,23.0,2.0,16.0,1.0,0,3,Hyderabad,Tata Power Company Ltd.,688,8.4,5779.2
6,20.0,1.0,11.0,1.0,0,3,Hyderabad,TransRail Lighting,289,8.4,2427.6
17,23.0,0.0,15.0,1.0,0,3,Hyderabad,Jaiprakash Power,622,8.4,5224.8
6,17.0,2.0,17.0,1.0,0,3,Hyderabad,Guj Ind Power,356,8.4,2990.4
18,22.0,2.0,14.0,1.0,0,3,Hyderabad,Sunil Hitech Eng,686,8.4,5762.400000000000
15,22.0,3.0,8.0,1.0,0,3,Nagpur,Orient Green,553,8.9,4921.7
6,18.0,3.0,22.0,1.0,0,3,Nagpur,Reliance Energy,440,8.9,3916.0
23,23.0,0.0,4.0,1.0,0,3,Nagpur,L&T Transmission & Distribution,532,8.9,4734.8
12,23.0,2.0,3.0,12.0,0,3,Nagpur,Neueon Towers / Sujana Towers Ltd.,672,8.9,5980.8
5,19.0,2.0,5.0,7.0,0,3,Nagpur,CESC,435,8.9,3871.5
22,22.0,3.0,17.0,1.0,0,3,Nagpur,SJVN Ltd.,736,8.9,6550.400000000000
12,23.0,3.0,19.0,1.0,0,3,Nagpur,JSW Energy Ltd.,648,8.9,5767.2
9,23.0,2.0,20.0,1.0,0,3,Nagpur,Optibelt Power Transmission India Private Limited,700,8.9,6230.0
17,22.0,3.0,21.0,1.0,0,3,Nagpur,NHPC,612,8.9,5446.8
7,19.0,0.0,19.0,7.0,0,3,Nagpur,TransRail Lighting,612,8.9,5446.8
20,23.0,1.0,15.0,1.0,0,3,Nagpur,Jaiprakash Power,554,8.9,4930.6
19,23.0,0.0,22.0,1.0,0,3,Nagpur,Toshiba Transmission & Distribution Systems (India) Pvt. Ltd.,554,8.9,4930.6
17,22.0,3.0,9.0,1.0,0,3,Nagpur,"Maha Transco – Maharashtra State Electricity Transmission Co, Ltd.",651,8.9,5793.900000000000
5,19.0,3.0,11.0,7.0,0,3,Nagpur,Sunil Hitech Eng,596,8.9,5304.400000000000
15,22.0,0.0,11.0,1.0,0,3,Nagpur,Reliance Energy,396,8.9,3524.4
12,23.0,1.0,20.0,1.0,0,3,Nagpur,Orient Green,577,8.9,5135.3
12,22.0,1.0,22.0,1.0,0,3,Nagpur,Sunil Hitech Eng,506,8.9,4503.400000000000
23,22.0,1.0,7.0,1.0,0,3,Nagpur,Optibelt Power Transmission India Private Limited,506,8.9,4503.400000000000
7,22.0,1.0,20.0,7.0,0,3,Nagpur,GE T&D India Limited,506,8.9,4503.400000000000
19,22.0,0.0,13.0,1.0,0,3,Nagpur,CESC,631,8.9,5615.900000000000
22,22.0,0.0,14.0,1.0,0,3,Nagpur,JSW Energy Ltd.,411,8.9,3657.9
10,17.0,1.0,3.0,7.0,0,3,Nagpur,Adani Power Ltd.,411,8.9,3657.9
5,20.0,0.0,5.0,7.0,0,3,Nagpur,Reliance Energy,247,8.9,2198.3
20,22.0,1.0,15.0,1.0,0,3,Nagpur,Kalpataru Power,461,8.9,4102.900000000000
14,23.0,0.0,22.0,1.0,0,3,Nagpur,Ringfeder Power Transmission India Pvt. Ltd.,526,8.9,4681.400000000000
11,23.0,2.0,7.0,12.0,0,3,Nagpur,Toshiba Transmission & Distribution Systems (India) Pvt. Ltd.,526,8.9,4681.400000000000
9,23.0,2.0,4.0,1.0,0,3,Nagpur,"Maha Transco – Maharashtra State Electricity Transmission Co, Ltd.",526,8.9,4681.400000000000
20,23.0,3.0,21.0,1.0,0,3,Nagpur,Kalpataru Power,611,8.9,5437.900000000000
11,22.0,1.0,8.0,1.0,0,3,Nagpur,Jaiprakash Power,454,8.9,4040.6000000000000
18,23.0,0.0,14.0,1.0,0,3,Nagpur,Jaiprakash Power,476,8.9,4236.400000000000
16,23.0,0.0,11.0,1.0,0,3,Nagpur,GE T&D India Limited,476,8.9,4236.400000000000
17,22.0,2.0,19.0,1.0,0,3,Nagpur,Indowind Energy,504,8.9,4485.6
18,23.0,2.0,18.0,1.0,0,3,Nagpur,Indowind Energy,583,8.9,5188.7
20,23.0,1.0,11.0,1.0,0,3,Nagpur,Sunil Hitech Eng,583,8.9,5188.7
10,23.0,2.0,15.0,1.0,0,3,Nagpur,Sterlite Power Transmission Ltd,583,8.9,5188.7
16,23.0,0.0,14.0,12.0,0,3,Nagpur,"Maha Transco – Maharashtra State Electricity Transmission Co, Ltd.",710,8.9,6319.0
9,17.0,1.0,11.0,1.0,0,3,Nagpur,Ringfeder Power Transmission India Pvt. Ltd.,307,8.9,2732.3
7,23.0,3.0,4.0,7.0,0,3,Nagpur,NTPC Pvt. Ltd.,456,8.9,4058.4
9,21.0,0.0,18.0,1.0,0,3,Nagpur,Torrent Power Ltd.,385,8.9,3426.5
19,22.0,1.0,12.0,12.0,0,3,Nagpur,Reliance Energy,518,8.9,4610.2
17,23.0,3.0,18.0,1.0,0,3,Nagpur,Power Grid Corp,518,8.9,4610.2
22,22.0,1.0,20.0,1.0,0,3,Nagpur,"Maha Transco – Maharashtra State Electricity Transmission Co, Ltd.",593,8.9,5277.7
7,23.0,1.0,13.0,1.0,0,3,Nagpur,Kalpataru Power,542,8.9,4823.8
20,23.0,0.0,17.0,1.0,0,3,Nagpur,Bonfiglioli Transmission Pvt. Ltd.,696,8.9,6194.400000000000
9,20.0,0.0,17.0,1.0,0,3,Nagpur,GE T&D India Limited,561,8.9,4992.900000000000
16,23.0,2.0,17.0,1.0,0,3,Nagpur,Ratnagiri Gas and Power Pvt. Ltd. (RGPPL),561,8.9,4992.900000000000
21,23.0,3.0,14.0,12.0,0,3,Nagpur,Tata Power Company Ltd.,609,8.9,5420.1
13,23.0,3.0,12.0,1.0,0,3,Nagpur,Jyoti Structure,609,8.9,5420.1
9,22.0,1.0,16.0,1.0,0,3,Nagpur,Toshiba Transmission & Distribution Systems (India) Pvt. Ltd.,609,8.9,5420.1
11,22.0,0.0,5.0,1.0,0,3,Nagpur,TransRail Lighting,350,8.9,3115.0
7,18.0,3.0,18.0,1.0,0,3,Nagpur,Optibelt Power Transmission India Private Limited,494,8.9,4396.6
21,22.0,1.0,7.0,1.0,0,3,Nagpur,TransRail Lighting,494,8.9,4396.6
10,19.0,1.0,6.0,7.0,0,3,Nagpur,SJVN Ltd.,464,8.9,4129.6
14,22.0,3.0,6.0,1.0,0,3,Nagpur,"Maha Transco – Maharashtra State Electricity Transmission Co, Ltd.",558,8.9,4966.2
11,23.0,2.0,9.0,12.0,0,3,Nagpur,Ratnagiri Gas and Power Pvt. Ltd. (RGPPL),558,8.9,4966.2
6,19.0,2.0,6.0,1.0,0,3,Nagpur,KEC International,492,8.9,4378.8
8,22.0,2.0,14.0,1.0,0,3,Nagpur,NHPC,443,8.9,3942.7000000000000
7,19.0,3.0,16.0,7.0,0,3,Nagpur,Orient Green,689,8.9,6132.1
14,23.0,2.0,14.0,1.0,0,3,Nagpur,Power Grid Corp,695,8.9,6185.5
19,22.0,3.0,6.0,1.0,0,3,Nagpur,Power Grid Corp,481,8.9,4280.900000000000
9,22.0,3.0,15.0,1.0,0,3,Nagpur,Toshiba Transmission & Distribution Systems (India) Pvt. Ltd.,607,8.9,5402.3
12,22.0,2.0,9.0,1.0,0,3,Nagpur,Adani Power Ltd.,540,8.9,4806.0
6,23.0,3.0,7.0,1.0,0,3,Nagpur,NLC India,536,8.9,4770.400000000000
20,23.0,3.0,15.0,1.0,0,3,Nagpur,NLC India,699,8.9,6221.1
18,22.0,3.0,20.0,1.0,0,3,Nagpur,JSW Energy Ltd.,699,8.9,6221.1
11,22.0,0.0,8.0,1.0,0,3,Nagpur,Kalpataru Power,326,8.9,2901.4
21,22.0,2.0,3.0,1.0,0,3,Nagpur,Kalpataru Power,575,8.9,5117.5
20,22.0,0.0,20.0,12.0,0,3,Nagpur,Ratnagiri Gas and Power Pvt. Ltd. (RGPPL),575,8.9,5117.5
23,23.0,0.0,17.0,1.0,0,3,Nagpur,Neueon Towers / Sujana Towers Ltd.,702,8.9,6247.8
11,22.0,2.0,8.0,1.0,0,3,Nagpur,Sterlite Power Transmission Ltd,424,8.9,3773.6000000000000
13,23.0,2.0,7.0,1.0,0,3,Nagpur,L&T Transmission & Distribution,527,8.9,4690.3
23,22.0,2.0,7.0,1.0,0,3,Nagpur,Kalpataru Power,515,8.9,4583.5
22,22.0,3.0,21.0,1.0,0,3,Nagpur,Guj Ind Power,680,8.9,6052.0
20,23.0,1.0,18.0,1.0,0,3,Nagpur,KEC International,614,8.9,5464.6
16,22.0,0.0,19.0,1.0,0,3,Nagpur,CESC,614,8.9,5464.6
23,22.0,2.0,4.0,1.0,0,3,Nagpur,Ringfeder Power Transmission India Pvt. Ltd.,398,8.9,3542.2000000000000
7,19.0,3.0,8.0,1.0,0,3,Nagpur,Power Grid Corp,512,8.9,4556.8
19,22.0,2.0,3.0,1.0,0,3,Nagpur,Unitech Power Transmission Ltd.,386,8.9,3435.4
5,19.0,1.0,21.0,1.0,0,3,Nagpur,Bonfiglioli Transmission Pvt. Ltd.,530,8.9,4717.0
5,18.0,3.0,4.0,1.0,0,3,Nagpur,Torrent Power Ltd.,321,8.9,2856.9
18,22.0,3.0,4.0,1.0,0,3,Nagpur,Orient Green,493,8.9,4387.7
18,23.0,2.0,13.0,12.0,0,3,Nagpur,Sterlite Power Transmission Ltd,550,8.9,4895.0
20,22.0,1.0,10.0,1.0,0,3,Nagpur,Optibelt Power Transmission India Private Limited,550,8.9,4895.0
19,23.0,2.0,20.0,1.0,0,3,Nagpur,Optibelt Power Transmission India Private Limited,550,8.9,4895.0
20,23.0,2.0,11.0,12.0,0,3,Nagpur,JSW Energy Ltd.,592,8.9,5268.8
21,23.0,2.0,17.0,1.0,0,3,Nagpur,SJVN Ltd.,720,8.9,6408.0
19,23.0,1.0,5.0,12.0,0,3,Nagpur,Orient Green,623,8.9,5544.7
17,22.0,0.0,5.0,12.0,0,3,Nagpur,TransRail Lighting,610,8.9,5429.0
8,22.0,0.0,19.0,1.0,0,3,Nagpur,KEC International,502,8.9,4467.8
22,22.0,3.0,18.0,1.0,0,3,Nagpur,"Maha Transco – Maharashtra State Electricity Transmission Co, Ltd.",617,8.9,5491.3
6,22.0,1.0,7.0,1.0,0,3,Nagpur,Jaiprakash Power,460,8.9,4094.0
19,22.0,0.0,15.0,1.0,0,3,Nagpur,Indowind Energy,453,8.9,4031.7000000000000
13,22.0,2.0,8.0,1.0,0,3,Nagpur,Sterlite Power Transmission Ltd,453,8.9,4031.7000000000000
12,23.0,2.0,20.0,1.0,0,3,Nagpur,Neueon Towers / Sujana Towers Ltd.,635,8.9,5651.5
13,23.0,1.0,8.0,1.0,0,3,Nagpur,Sunil Hitech Eng,509,8.9,4530.1
12,23.0,2.0,14.0,1.0,0,3,Nagpur,Sterlite Power Transmission Ltd,509,8.9,4530.1
9,21.0,2.0,4.0,1.0,0,3,Nagpur,Torrent Power Ltd.,429,8.9,3818.1000000000000
20,22.0,1.0,8.0,12.0,0,3,Nagpur,Ratnagiri Gas and Power Pvt. Ltd. (RGPPL),717,8.9,6381.3
14,23.0,0.0,4.0,1.0,0,3,Nagpur,Indowind Energy,377,8.9,3355.3
5,17.0,3.0,21.0,1.0,0,3,Nagpur,NHPC,377,8.9,3355.3
14,23.0,1.0,11.0,1.0,0,3,Nagpur,Torrent Power Ltd.,399,8.9,3551.1000000000000
9,23.0,0.0,12.0,1.0,0,3,Nagpur,Optibelt Power Transmission India Private Limited,563,8.9,5010.7
12,22.0,1.0,18.0,12.0,0,3,Nagpur,Reliance Energy,646,8.9,5749.400000000000
19,22.0,1.0,19.0,12.0,0,3,Nagpur,NHPC,641,8.9,5704.900000000000
6,23.0,1.0,4.0,1.0,0,3,Nagpur,Unitech Power Transmission Ltd.,521,8.9,4636.900000000000
15,22.0,3.0,4.0,1.0,0,3,Nagpur,Optibelt Power Transmission India Private Limited,521,8.9,4636.900000000000
8,21.0,1.0,19.0,1.0,0,3,Nagpur,GE T&D India Limited,521,8.9,4636.900000000000
10,21.0,0.0,3.0,1.0,0,3,Nagpur,Neueon Towers / Sujana Towers Ltd.,407,8.9,3622.3
9,23.0,0.0,7.0,7.0,0,3,Nagpur,L&T Transmission & Distribution,407,8.9,3622.3
11,22.0,2.0,20.0,1.0,0,3,Nagpur,Unitech Power Transmission Ltd.,549,8.9,4886.1
20,23.0,0.0,16.0,1.0,0,3,Nagpur,JSW Energy Ltd.,582,8.9,5179.8
8,23.0,2.0,12.0,1.0,0,3,Nagpur,Toshiba Transmission & Distribution Systems (India) Pvt. Ltd.,630,8.9,5607.0
20,22.0,1.0,12.0,12.0,0,3,Nagpur,KEC International,630,8.9,5607.0
9,20.0,1.0,22.0,1.0,0,3,Nagpur,Jaiprakash Power,656,8.9,5838.400000000000
15,22.0,0.0,14.0,1.0,0,3,Nagpur,JSW Energy Ltd.,546,8.9,4859.400000000000
22,22.0,1.0,4.0,12.0,0,3,Nagpur,Guj Ind Power,546,8.9,4859.400000000000
5,17.0,0.0,15.0,1.0,0,3,Nagpur,Ratnagiri Gas and Power Pvt. Ltd. (RGPPL),231,8.9,2055.9
7,17.0,1.0,4.0,1.0,0,3,Nagpur,SJVN Ltd.,390,8.9,3471.0
7,17.0,1.0,12.0,1.0,0,3,Nagpur,Torrent Power Ltd.,335,8.9,2981.5
22,23.0,1.0,16.0,1.0,0,3,Nagpur,Toshiba Transmission & Distribution Systems (India) Pvt. Ltd.,531,8.9,4725.900000000000
23,22.0,3.0,5.0,1.0,0,3,Nagpur,NLC India,531,8.9,4725.900000000000
13,23.0,0.0,19.0,1.0,0,3,Nagpur,Tata Power Company Ltd.,557,8.9,4957.3
15,22.0,1.0,16.0,12.0,0,3,Nagpur,Unitech Power Transmission Ltd.,557,8.9,4957.3
11,22.0,2.0,22.0,1.0,0,3,Nagpur,Ratnagiri Gas and Power Pvt. Ltd. (RGPPL),557,8.9,4957.3
22,22.0,3.0,3.0,1.0,0,3,Nagpur,KEC International,392,8.9,3488.8
7,18.0,1.0,6.0,1.0,0,3,Nagpur,Kalpataru Power,392,8.9,3488.8
5,20.0,3.0,14.0,1.0,0,3,Nagpur,NLC India,392,8.9,3488.8
7,17.0,1.0,4.0,1.0,0,3,Nagpur,Sterlite Power Transmission Ltd,392,8.9,3488.8
13,22.0,3.0,8.0,1.0,0,3,Nagpur,Tata Power Company Ltd.,643,8.9,5722.7
7,17.0,0.0,14.0,1.0,0,3,Nagpur,Ringfeder Power Transmission India Pvt. Ltd.,250,8.9,2225.0
13,23.0,2.0,6.0,1.0,0,3,Nagpur,"Maha Transco – Maharashtra State Electricity Transmission Co, Ltd.",451,8.9,4013.9
19,22.0,0.0,12.0,1.0,0,3,Nagpur,Ratnagiri Gas and Power Pvt. Ltd. (RGPPL),451,8.9,4013.9
16,22.0,1.0,14.0,1.0,0,3,Nagpur,TransRail Lighting,471,8.9,4191.900000000000
10,17.0,3.0,16.0,1.0,0,3,Nagpur,Power Grid Corp,458,8.9,4076.2000000000000
23,22.0,0.0,4.0,1.0,0,3,Nagpur,Bonfiglioli Transmission Pvt. Ltd.,491,8.9,4369.900000000000
9,18.0,3.0,4.0,1.0,0,3,Nagpur,L&T Transmission & Distribution,491,8.9,4369.900000000000
23,23.0,3.0,6.0,1.0,0,3,Nagpur,Kalpataru Power,559,8.9,4975.1
14,22.0,2.0,18.0,1.0,0,3,Nagpur,Sterlite Power Transmission Ltd,707,8.9,6292.3
5,17.0,0.0,21.0,1.0,0,3,Nagpur,SJVN Ltd.,418,8.9,3720.2000000000000
22,23.0,3.0,6.0,12.0,0,3,Nagpur,Guj Ind Power,560,8.9,4984.0
7,17.0,1.0,8.0,1.0,0,3,Nagpur,Reliance Energy,430,8.9,3827.0
12,22.0,0.0,14.0,1.0,0,3,Nagpur,Optibelt Power Transmission India Private Limited,470,8.9,4183.0
9,20.0,1.0,9.0,1.0,0,3,Nagpur,Neueon Towers / Sujana Towers Ltd.,319,8.9,2839.1
6,21.0,0.0,19.0,1.0,0,3,Nagpur,Power Grid Corp,472,8.9,4200.8
7,22.0,0.0,18.0,7.0,0,3,Nagpur,SJVN Ltd.,472,8.9,4200.8
11,23.0,2.0,15.0,1.0,0,3,Nagpur,Torrent Power Ltd.,628,8.9,5589.2
16,22.0,1.0,11.0,1.0,0,3,Nagpur,"Maha Transco – Maharashtra State Electricity Transmission Co, Ltd.",538,8.9,4788.2
16,22.0,3.0,21.0,1.0,0,3,Nagpur,JSW Energy Ltd.,538,8.9,4788.2
11,23.0,1.0,14.0,1.0,0,3,Nagpur,Reliance Energy,417,8.9,3711.3
7,19.0,1.0,8.0,1.0,0,3,Nagpur,SJVN Ltd.,417,8.9,3711.3
11,22.0,2.0,5.0,1.0,0,3,Nagpur,Bonfiglioli Transmission Pvt. Ltd.,498,8.9,4432.2
19,23.0,2.0,9.0,12.0,0,3,Nagpur,NLC India,606,8.9,5393.400000000000
16,23.0,2.0,20.0,1.0,0,3,Nagpur,Kalpataru Power,606,8.9,5393.400000000000
14,22.0,3.0,4.0,1.0,0,3,Nagpur,Optibelt Power Transmission India Private Limited,421,8.9,3746.9
6,23.0,1.0,14.0,1.0,0,3,Nagpur,Ratnagiri Gas and Power Pvt. Ltd. (RGPPL),496,8.9,4414.400000000000
12,22.0,3.0,17.0,1.0,0,3,Nagpur,KEC International,496,8.9,4414.400000000000
22,22.0,1.0,19.0,1.0,0,3,Nagpur,Guj Ind Power,595,8.9,5295.5
16,22.0,0.0,11.0,1.0,0,3,Nagpur,Unitech Power Transmission Ltd.,339,8.9,3017.1
19,22.0,0.0,17.0,1.0,0,3,Nagpur,Neueon Towers / Sujana Towers Ltd.,520,8.9,4628.0
17,22.0,3.0,5.0,1.0,0,3,Nagpur,NLC India,523,8.9,4654.7
15,22.0,0.0,10.0,1.0,0,3,Nagpur,L&T Transmission & Distribution,363,8.9,3230.7000000000000
23,22.0,0.0,20.0,1.0,0,3,Nagpur,"Maha Transco – Maharashtra State Electricity Transmission Co, Ltd.",547,8.9,4868.3
16,22.0,0.0,8.0,1.0,0,3,Nagpur,NLC India,372,8.9,3310.8
8,17.0,1.0,21.0,7.0,0,3,Nagpur,Reliance Energy,510,8.9,4539.0
11,22.0,3.0,21.0,1.0,0,3,Nagpur,Jyoti Structure,510,8.9,4539.0
7,22.0,2.0,5.0,1.0,0,3,Nagpur,NTPC Pvt. Ltd.,308,8.9,2741.2000000000000
9,18.0,3.0,13.0,1.0,0,3,Nagpur,Sunil Hitech Eng,341,8.9,3034.9
5,20.0,3.0,7.0,1.0,0,3,Nagpur,Ringfeder Power Transmission India Pvt. Ltd.,294,8.9,2616.6
10,18.0,1.0,11.0,1.0,0,3,Nagpur,Orient Green,294,8.9,2616.6
16,23.0,2.0,16.0,12.0,0,3,Nagpur,Unitech Power Transmission Ltd.,597,8.9,5313.3
17,22.0,0.0,19.0,1.0,0,3,Nagpur,Jyoti Structure,652,8.9,5802.8
18,22.0,3.0,21.0,1.0,0,3,Nagpur,Sunil Hitech Eng,742,8.9,6603.8
10,17.0,2.0,12.0,1.0,0,3,Nagpur,Jyoti Structure,295,8.9,2625.5
12,22.0,1.0,5.0,1.0,0,3,Nagpur,Guj Ind Power,295,8.9,2625.5
5,23.0,3.0,10.0,1.0,0,3,Nagpur,Sunil Hitech Eng,406,8.9,3613.4
12,22.0,2.0,3.0,12.0,0,3,Nagpur,Neueon Towers / Sujana Towers Ltd.,647,8.9,5758.3
8,18.0,3.0,16.0,1.0,0,3,Nagpur,GE T&D India Limited,579,8.9,5153.1
21,22.0,0.0,21.0,12.0,0,3,Nagpur,Orient Green,798,8.9,7102.200000000000
20,22.0,2.0,21.0,1.0,0,3,Nagpur,Kalpataru Power,620,8.9,5518.0
10,17.0,2.0,14.0,1.0,0,3,Nagpur,"Maha Transco – Maharashtra State Electricity Transmission Co, Ltd.",479,8.9,4263.1
20,23.0,3.0,15.0,1.0,0,3,Nagpur,CESC,768,8.9,6835.200000000000
22,23.0,3.0,21.0,1.0,0,3,Nagpur,Indowind Energy,791,8.9,7039.900000000000
9,21.0,0.0,19.0,1.0,0,3,Nagpur,Jyoti Structure,362,8.9,3221.8
23,23.0,2.0,11.0,1.0,0,3,Nagpur,Reliance Power,639,8.9,5687.1
15,23.0,3.0,4.0,1.0,0,3,Nagpur,Jaiprakash Power,637,8.9,5669.3
11,22.0,2.0,22.0,1.0,0,3,Nagpur,Bonfiglioli Transmission Pvt. Ltd.,649,8.9,5776.1
22,22.0,1.0,21.0,1.0,0,3,Nagpur,NLC India,649,8.9,5776.1
16,23.0,1.0,4.0,1.0,0,3,Nagpur,Jyoti Structure,573,8.9,5099.7
9,23.0,1.0,18.0,1.0,0,3,Nagpur,Sterlite Power Transmission Ltd,573,8.9,5099.7
6,20.0,2.0,6.0,1.0,0,3,Nagpur,NTPC Pvt. Ltd.,373,8.9,3319.7000000000000
15,23.0,3.0,21.0,1.0,0,3,Nagpur,Reliance Energy,678,8.9,6034.2
5,22.0,0.0,20.0,1.0,0,3,Nagpur,Sunil Hitech Eng,419,8.9,3729.1000000000000
22,23.0,0.0,20.0,1.0,0,3,Nagpur,Reliance Energy,692,8.9,6158.8
5,17.0,1.0,3.0,1.0,0,3,Nagpur,Reliance Power,359,8.9,3195.1
10,18.0,3.0,3.0,1.0,0,3,Nagpur,Sterlite Power Transmission Ltd,359,8.9,3195.1
22,22.0,1.0,22.0,12.0,0,3,Nagpur,Sunil Hitech Eng,782,8.9,6959.8
20,22.0,1.0,9.0,1.0,0,3,Nagpur,Optibelt Power Transmission India Private Limited,466,8.9,4147.400000000000
6,21.0,1.0,13.0,1.0,0,3,Nagpur,Power Grid Corp,466,8.9,4147.400000000000
19,23.0,0.0,6.0,1.0,0,3,Nagpur,Reliance Energy,329,8.9,2928.1
5,18.0,2.0,9.0,1.0,0,3,Nagpur,Sterlite Power Transmission Ltd,329,8.9,2928.1
20,22.0,1.0,19.0,12.0,0,3,Nagpur,Ringfeder Power Transmission India Pvt. Ltd.,566,8.9,5037.400000000000
18,22.0,2.0,3.0,1.0,0,3,Nagpur,Unitech Power Transmission Ltd.,566,8.9,5037.400000000000
22,23.0,3.0,6.0,1.0,0,3,Nagpur,NTPC Pvt. Ltd.,650,8.9,5785.0
23,22.0,1.0,22.0,12.0,0,3,Nagpur,Sunil Hitech Eng,752,8.9,6692.8
21,23.0,3.0,10.0,12.0,0,3,Nagpur,Ringfeder Power Transmission India Pvt. Ltd.,752,8.9,6692.8
20,22.0,0.0,19.0,1.0,0,3,Nagpur,"Maha Transco – Maharashtra State Electricity Transmission Co, Ltd.",634,8.9,5642.6
13,23.0,0.0,15.0,1.0,0,3,Nagpur,Tata Power Company Ltd.,586,8.9,5215.400000000000
17,22.0,2.0,15.0,12.0,0,3,Nagpur,GE T&D India Limited,713,8.9,6345.7
13,23.0,1.0,20.0,1.0,0,3,Nagpur,Orient Green,713,8.9,6345.7
22,23.0,1.0,14.0,1.0,0,3,Nagpur,Indowind Energy,556,8.9,4948.400000000000
20,23.0,0.0,3.0,1.0,0,3,Nagpur,Sterlite Power Transmission Ltd,556,8.9,4948.400000000000
13,23.0,1.0,22.0,1.0,0,3,Nagpur,Optibelt Power Transmission India Private Limited,727,8.9,6470.3
8,18.0,1.0,3.0,1.0,0,3,Nagpur,L&T Transmission & Distribution,225,8.9,2002.5
23,23.0,1.0,19.0,12.0,0,3,Nagpur,Jyoti Structure,684,8.9,6087.6
18,23.0,3.0,16.0,12.0,0,3,Nagpur,NHPC,688,8.9,6123.2
18,22.0,3.0,8.0,1.0,0,3,Nagpur,Orient Green,657,8.9,5847.3
22,22.0,3.0,8.0,1.0,0,3,Nagpur,Neueon Towers / Sujana Towers Ltd.,437,8.9,3889.3
16,23.0,1.0,3.0,1.0,0,3,Nagpur,NTPC Pvt. Ltd.,562,8.9,5001.8
13,23.0,3.0,16.0,12.0,0,3,Nagpur,Power Grid Corp,739,8.9,6577.1
14,22.0,0.0,13.0,1.0,0,3,Nagpur,NLC India,371,8.9,3301.9
7,22.0,2.0,4.0,1.0,0,3,Nagpur,NLC India,500,8.9,4450.0
19,23.0,0.0,8.0,1.0,0,3,Nagpur,Sterlite Power Transmission Ltd,603,8.9,5366.7
16,22.0,0.0,16.0,1.0,0,3,Nagpur,CESC,627,8.9,5580.3
20,23.0,1.0,9.0,12.0,0,3,Nagpur,JSW Energy Ltd.,499,8.9,4441.1
5,21.0,1.0,4.0,1.0,0,3,Nagpur,Sunil Hitech Eng,374,8.9,3328.6
10,20.0,0.0,4.0,1.0,0,3,Nagpur,Kalpataru Power,275,8.9,2447.5
13,23.0,2.0,20.0,1.0,0,3,Nagpur,CESC,716,8.9,6372.400000000000
20,23.0,1.0,6.0,1.0,0,3,Nagpur,Unitech Power Transmission Ltd.,599,8.9,5331.1
6,21.0,3.0,12.0,1.0,0,3,Nagpur,GE T&D India Limited,599,8.9,5331.1
19,22.0,2.0,15.0,12.0,0,3,Nagpur,Orient Green,555,8.9,4939.5
17,22.0,2.0,17.0,12.0,0,3,Nagpur,JSW Energy Ltd.,555,8.9,4939.5
23,23.0,3.0,22.0,1.0,0,3,Nagpur,NLC India,738,8.9,6568.2
5,18.0,1.0,6.0,1.0,0,3,Nagpur,NHPC,235,8.9,2091.5
20,23.0,2.0,22.0,12.0,0,3,Nagpur,NHPC,762,8.9,6781.8
10,21.0,1.0,17.0,1.0,0,3,Nagpur,"Maha Transco – Maharashtra State Electricity Transmission Co, Ltd.",638,8.9,5678.2
9,17.0,2.0,9.0,1.0,0,3,Nagpur,Ringfeder Power Transmission India Pvt. Ltd.,401,8.9,3568.9
6,19.0,1.0,7.0,1.0,0,3,Nagpur,Guj Ind Power,318,8.9,2830.2000000000000
12,22.0,2.0,12.0,1.0,0,3,Nagpur,Reliance Power,384,8.9,3417.6000000000000
10,22.0,2.0,12.0,1.0,0,3,Nagpur,NTPC Pvt. Ltd.,495,8.9,4405.5
9,21.0,2.0,18.0,1.0,0,3,Nagpur,Bonfiglioli Transmission Pvt. Ltd.,534,8.9,4752.6
20,23.0,2.0,11.0,12.0,0,3,Nagpur,Torrent Power Ltd.,770,8.9,6853.0
10,18.0,1.0,16.0,7.0,0,3,Nagpur,Guj Ind Power,365,8.9,3248.5
22,23.0,1.0,11.0,12.0,0,3,Nagpur,Bonfiglioli Transmission Pvt. Ltd.,730,8.9,6497.0
22,22.0,3.0,3.0,1.0,0,3,Nagpur,L&T Transmission & Distribution,404,8.9,3595.6000000000000
17,22.0,2.0,7.0,1.0,0,3,Nagpur,Orient Green,402,8.9,3577.8
21,23.0,0.0,17.0,1.0,0,3,Nagpur,L&T Transmission & Distribution,533,8.9,4743.7
13,23.0,1.0,10.0,1.0,0,3,Mumbai,"Maha Transco – Maharashtra State Electricity Transmission Co, Ltd.",352,9.2,3238.4000000000000
15,23.0,3.0,5.0,1.0,0,3,Mumbai,Sunil Hitech Eng,418,9.2,3845.6
9,20.0,0.0,7.0,7.0,0,3,Mumbai,Reliance Power,418,9.2,3845.6
15,23.0,2.0,4.0,12.0,0,3,Mumbai,Bonfiglioli Transmission Pvt. Ltd.,484,9.2,4452.800000000000
12,22.0,3.0,6.0,1.0,0,3,Mumbai,L&T Transmission & Distribution,484,9.2,4452.800000000000
13,22.0,2.0,20.0,1.0,0,3,Mumbai,Neueon Towers / Sujana Towers Ltd.,638,9.2,5869.600000000000
11,23.0,3.0,13.0,1.0,0,3,Mumbai,Torrent Power Ltd.,638,9.2,5869.600000000000
10,20.0,3.0,21.0,1.0,0,3,Mumbai,Reliance Power,594,9.2,5464.800000000000
12,23.0,2.0,8.0,1.0,0,3,Mumbai,Ratnagiri Gas and Power Pvt. Ltd. (RGPPL),594,9.2,5464.800000000000
8,23.0,3.0,19.0,1.0,0,3,Mumbai,Power Grid Corp,704,9.2,6476.800000000000
5,20.0,1.0,11.0,1.0,0,3,Mumbai,Ratnagiri Gas and Power Pvt. Ltd. (RGPPL),266,9.2,2447.2
19,22.0,1.0,8.0,1.0,0,3,Mumbai,Reliance Power,513,9.2,4719.600000000000
9,18.0,2.0,13.0,1.0,0,3,Mumbai,Tata Power Company Ltd.,380,9.2,3496.0000000000000
21,22.0,1.0,3.0,1.0,0,3,Mumbai,NTPC Pvt. Ltd.,405,9.2,3726.0000000000000
15,22.0,2.0,16.0,1.0,0,3,Mumbai,Neueon Towers / Sujana Towers Ltd.,567,9.2,5216.4
23,22.0,0.0,3.0,1.0,0,3,Mumbai,JSW Energy Ltd.,567,9.2,5216.4
17,23.0,3.0,8.0,1.0,0,3,Mumbai,Toshiba Transmission & Distribution Systems (India) Pvt. Ltd.,567,9.2,5216.4
15,23.0,1.0,8.0,1.0,0,3,Mumbai,Orient Green,567,9.2,5216.4
9,22.0,1.0,7.0,7.0,0,3,Mumbai,Bonfiglioli Transmission Pvt. Ltd.,581,9.2,5345.2
23,23.0,0.0,7.0,1.0,0,3,Mumbai,Ratnagiri Gas and Power Pvt. Ltd. (RGPPL),581,9.2,5345.2
9,18.0,3.0,6.0,7.0,0,3,Mumbai,Indowind Energy,581,9.2,5345.2
7,22.0,2.0,9.0,1.0,0,3,Mumbai,Guj Ind Power,483,9.2,4443.600000000000
18,22.0,0.0,13.0,1.0,0,3,Mumbai,Tata Power Company Ltd.,483,9.2,4443.600000000000
23,22.0,2.0,20.0,1.0,0,3,Mumbai,Torrent Power Ltd.,588,9.2,5409.600000000000
18,22.0,2.0,4.0,12.0,0,3,Mumbai,Power Grid Corp,630,9.2,5796.0
14,23.0,0.0,6.0,1.0,0,3,Mumbai,Sterlite Power Transmission Ltd,435,9.2,4002.0000000000000
6,20.0,0.0,4.0,1.0,0,3,Mumbai,TransRail Lighting,435,9.2,4002.0000000000000
9,19.0,0.0,13.0,7.0,0,3,Mumbai,Indowind Energy,437,9.2,4020.4000000000000
15,22.0,0.0,12.0,1.0,0,3,Mumbai,Reliance Power,488,9.2,4489.600000000000
11,22.0,1.0,20.0,1.0,0,3,Mumbai,L&T Transmission & Distribution,481,9.2,4425.2
5,18.0,1.0,22.0,1.0,0,3,Mumbai,Unitech Power Transmission Ltd.,442,9.2,4066.4000000000000
6,19.0,1.0,19.0,7.0,0,3,Mumbai,Sunil Hitech Eng,442,9.2,4066.4000000000000
5,20.0,3.0,15.0,1.0,0,3,Mumbai,GE T&D India Limited,442,9.2,4066.4000000000000
6,20.0,2.0,19.0,1.0,0,3,Mumbai,GE T&D India Limited,453,9.2,4167.600000000000
10,17.0,1.0,16.0,7.0,0,3,Mumbai,Reliance Energy,427,9.2,3928.4000000000000
19,22.0,2.0,8.0,12.0,0,3,Mumbai,NTPC Pvt. Ltd.,631,9.2,5805.2
19,22.0,3.0,22.0,1.0,0,3,Mumbai,Jyoti Structure,631,9.2,5805.2
20,22.0,1.0,16.0,1.0,0,3,Mumbai,Neueon Towers / Sujana Towers Ltd.,631,9.2,5805.2
14,23.0,2.0,15.0,1.0,0,3,Mumbai,CESC,641,9.2,5897.2
6,21.0,1.0,22.0,1.0,0,3,Mumbai,JSW Energy Ltd.,557,9.2,5124.4
17,22.0,1.0,13.0,1.0,0,3,Mumbai,Jaiprakash Power,557,9.2,5124.4
7,18.0,2.0,19.0,1.0,0,3,Mumbai,Orient Green,557,9.2,5124.4
20,22.0,3.0,20.0,1.0,0,3,Mumbai,Jaiprakash Power,556,9.2,5115.2
15,22.0,0.0,10.0,1.0,0,3,Mumbai,JSW Energy Ltd.,583,9.2,5363.600000000000
19,22.0,1.0,5.0,12.0,0,3,Mumbai,GE T&D India Limited,583,9.2,5363.600000000000
7,21.0,2.0,20.0,7.0,0,3,Mumbai,GE T&D India Limited,583,9.2,5363.600000000000
13,22.0,3.0,15.0,1.0,0,3,Mumbai,Jaiprakash Power,680,9.2,6256.000000000000
7,23.0,3.0,7.0,1.0,0,3,Mumbai,Torrent Power Ltd.,610,9.2,5612.0
12,23.0,1.0,9.0,12.0,0,3,Mumbai,Neueon Towers / Sujana Towers Ltd.,461,9.2,4241.2
19,23.0,1.0,3.0,1.0,0,3,Mumbai,Unitech Power Transmission Ltd.,527,9.2,4848.4
8,23.0,1.0,15.0,7.0,0,3,Mumbai,Power Grid Corp,527,9.2,4848.4
23,23.0,3.0,15.0,1.0,0,3,Mumbai,Sterlite Power Transmission Ltd,575,9.2,5290.0
22,22.0,0.0,17.0,12.0,0,3,Mumbai,Power Grid Corp,650,9.2,5980.000000000000
16,22.0,0.0,7.0,1.0,0,3,Mumbai,NTPC Pvt. Ltd.,422,9.2,3882.4000000000000
13,22.0,0.0,14.0,1.0,0,3,Mumbai,NLC India,495,9.2,4554.0
5,18.0,1.0,22.0,1.0,0,3,Mumbai,Ratnagiri Gas and Power Pvt. Ltd. (RGPPL),495,9.2,4554.0
19,22.0,3.0,4.0,1.0,0,3,Mumbai,Optibelt Power Transmission India Private Limited,413,9.2,3799.6
10,21.0,0.0,16.0,1.0,0,3,Mumbai,NHPC,428,9.2,3937.6
20,23.0,2.0,22.0,12.0,0,3,Mumbai,Neueon Towers / Sujana Towers Ltd.,669,9.2,6154.800000000000
6,19.0,0.0,21.0,7.0,0,3,Mumbai,Toshiba Transmission & Distribution Systems (India) Pvt. Ltd.,609,9.2,5602.800000000000
19,23.0,3.0,16.0,1.0,0,3,Mumbai,Neueon Towers / Sujana Towers Ltd.,609,9.2,5602.800000000000
22,23.0,2.0,18.0,12.0,0,3,Mumbai,SJVN Ltd.,632,9.2,5814.4
15,22.0,0.0,18.0,1.0,0,3,Mumbai,SJVN Ltd.,546,9.2,5023.2
21,22.0,0.0,22.0,1.0,0,3,Mumbai,Reliance Energy,530,9.2,4876.0
14,23.0,1.0,15.0,1.0,0,3,Mumbai,GE T&D India Limited,530,9.2,4876.0
5,20.0,0.0,10.0,1.0,0,3,Mumbai,NLC India,451,9.2,4149.2
18,23.0,1.0,7.0,12.0,0,3,Mumbai,Sterlite Power Transmission Ltd,451,9.2,4149.2
15,22.0,3.0,14.0,1.0,0,3,Mumbai,Tata Power Company Ltd.,523,9.2,4811.600000000000
9,19.0,3.0,4.0,7.0,0,3,Mumbai,JSW Energy Ltd.,347,9.2,3192.4000000000000
18,22.0,2.0,15.0,1.0,0,3,Mumbai,Tata Power Company Ltd.,600,9.2,5520.0
23,22.0,1.0,18.0,1.0,0,3,Mumbai,Bonfiglioli Transmission Pvt. Ltd.,544,9.2,5004.800000000000
15,23.0,0.0,8.0,1.0,0,3,Mumbai,Torrent Power Ltd.,504,9.2,4636.800000000000
10,23.0,1.0,3.0,1.0,0,3,Mumbai,CESC,345,9.2,3174.0000000000000
10,20.0,1.0,3.0,1.0,0,3,Mumbai,Toshiba Transmission & Distribution Systems (India) Pvt. Ltd.,375,9.2,3450.0000000000000
11,23.0,1.0,6.0,1.0,0,3,Mumbai,Tata Power Company Ltd.,572,9.2,5262.4
5,18.0,2.0,16.0,1.0,0,3,Mumbai,Jaiprakash Power,524,9.2,4820.800000000000
15,22.0,3.0,10.0,1.0,0,3,Mumbai,NHPC,524,9.2,4820.800000000000
11,22.0,3.0,18.0,1.0,0,3,Mumbai,JSW Energy Ltd.,524,9.2,4820.800000000000
23,22.0,1.0,4.0,1.0,0,3,Mumbai,Tata Power Company Ltd.,501,9.2,4609.2
19,23.0,0.0,20.0,1.0,0,3,Mumbai,Torrent Power Ltd.,702,9.2,6458.4
8,19.0,2.0,13.0,1.0,0,3,Mumbai,Sterlite Power Transmission Ltd,519,9.2,4774.800000000000
16,22.0,1.0,15.0,12.0,0,3,Mumbai,Sterlite Power Transmission Ltd,640,9.2,5888.0
22,23.0,0.0,11.0,1.0,0,3,Mumbai,Reliance Power,529,9.2,4866.800000000000
21,22.0,2.0,3.0,1.0,0,3,Mumbai,NHPC,529,9.2,4866.800000000000
22,22.0,3.0,5.0,1.0,0,3,Mumbai,Ringfeder Power Transmission India Pvt. Ltd.,584,9.2,5372.800000000000
14,23.0,1.0,18.0,1.0,0,3,Mumbai,GE T&D India Limited,492,9.2,4526.4
11,22.0,1.0,12.0,12.0,0,3,Mumbai,Power Grid Corp,492,9.2,4526.4
7,21.0,1.0,6.0,7.0,0,3,Mumbai,"Maha Transco – Maharashtra State Electricity Transmission Co, Ltd.",470,9.2,4324.0
19,23.0,1.0,18.0,12.0,0,3,Mumbai,Sunil Hitech Eng,589,9.2,5418.800000000000
7,23.0,2.0,11.0,1.0,0,3,Mumbai,Jyoti Structure,589,9.2,5418.800000000000
17,23.0,2.0,14.0,1.0,0,3,Mumbai,"Maha Transco – Maharashtra State Electricity Transmission Co, Ltd.",570,9.2,5244.0
23,23.0,2.0,16.0,1.0,0,3,Mumbai,Indowind Energy,526,9.2,4839.2
16,23.0,3.0,15.0,12.0,0,3,Mumbai,Guj Ind Power,785,9.2,7222.000000000000
15,23.0,1.0,21.0,1.0,0,3,Mumbai,NHPC,578,9.2,5317.600000000000
20,22.0,0.0,17.0,1.0,0,3,Mumbai,Adani Power Ltd.,578,9.2,5317.600000000000
19,23.0,1.0,7.0,1.0,0,3,Mumbai,SJVN Ltd.,498,9.2,4581.600000000000
7,21.0,1.0,3.0,1.0,0,3,Mumbai,KEC International,404,9.2,3716.8000000000000
21,22.0,2.0,20.0,1.0,0,3,Mumbai,Ratnagiri Gas and Power Pvt. Ltd. (RGPPL),538,9.2,4949.600000000000
21,23.0,3.0,19.0,1.0,0,3,Mumbai,Tata Power Company Ltd.,648,9.2,5961.600000000000
23,22.0,0.0,3.0,1.0,0,3,Mumbai,Adani Power Ltd.,464,9.2,4268.800000000000
13,22.0,3.0,19.0,1.0,0,3,Mumbai,Sunil Hitech Eng,511,9.2,4701.2
13,23.0,1.0,7.0,1.0,0,3,Mumbai,Neueon Towers / Sujana Towers Ltd.,511,9.2,4701.2
16,22.0,0.0,4.0,12.0,0,3,Mumbai,TransRail Lighting,596,9.2,5483.2
22,22.0,0.0,19.0,1.0,0,3,Mumbai,"Maha Transco – Maharashtra State Electricity Transmission Co, Ltd.",596,9.2,5483.2
23,23.0,0.0,21.0,1.0,0,3,Mumbai,NLC India,645,9.2,5934.000000000000
22,23.0,2.0,17.0,1.0,0,3,Mumbai,L&T Transmission & Distribution,662,9.2,6090.4
19,22.0,1.0,20.0,1.0,0,3,Mumbai,Reliance Power,692,9.2,6366.4
6,21.0,3.0,15.0,1.0,0,3,Mumbai,Sterlite Power Transmission Ltd,505,9.2,4646.0
16,23.0,0.0,18.0,1.0,0,3,Mumbai,GE T&D India Limited,505,9.2,4646.0
23,23.0,0.0,9.0,1.0,0,3,Mumbai,Tata Power Company Ltd.,635,9.2,5842.0
17,22.0,3.0,8.0,1.0,0,3,Mumbai,Jaiprakash Power,674,9.2,6200.800000000000
9,23.0,2.0,4.0,1.0,0,3,Mumbai,Neueon Towers / Sujana Towers Ltd.,373,9.2,3431.6
19,23.0,3.0,14.0,1.0,0,3,Mumbai,SJVN Ltd.,725,9.2,6670.000000000000
18,23.0,0.0,15.0,1.0,0,3,Mumbai,Neueon Towers / Sujana Towers Ltd.,651,9.2,5989.2
14,22.0,1.0,5.0,1.0,0,3,Mumbai,Guj Ind Power,425,9.2,3910.0000000000000
15,22.0,0.0,17.0,1.0,0,3,Mumbai,Torrent Power Ltd.,574,9.2,5280.800000000000
17,23.0,3.0,11.0,1.0,0,3,Mumbai,GE T&D India Limited,574,9.2,5280.800000000000
18,22.0,1.0,12.0,1.0,0,3,Mumbai,Toshiba Transmission & Distribution Systems (India) Pvt. Ltd.,574,9.2,5280.800000000000
11,23.0,2.0,13.0,1.0,0,3,Mumbai,CESC,637,9.2,5860.4
8,18.0,3.0,3.0,1.0,0,3,Mumbai,Unitech Power Transmission Ltd.,273,9.2,2511.6
10,18.0,0.0,19.0,7.0,0,3,Mumbai,Power Grid Corp,395,9.2,3634.0000000000000
10,21.0,0.0,12.0,1.0,0,3,Mumbai,Jyoti Structure,395,9.2,3634.0000000000000
11,22.0,0.0,5.0,12.0,0,3,Mumbai,"Maha Transco – Maharashtra State Electricity Transmission Co, Ltd.",395,9.2,3634.0000000000000
7,17.0,1.0,5.0,1.0,0,3,Mumbai,Power Grid Corp,316,9.2,2907.2
18,22.0,3.0,7.0,1.0,0,3,Mumbai,Optibelt Power Transmission India Private Limited,551,9.2,5069.2
5,21.0,1.0,10.0,1.0,0,3,Mumbai,Kalpataru Power,332,9.2,3054.4000000000000
8,19.0,1.0,12.0,1.0,0,3,Mumbai,JSW Energy Ltd.,332,9.2,3054.4000000000000
6,22.0,2.0,12.0,1.0,0,3,Mumbai,Ratnagiri Gas and Power Pvt. Ltd. (RGPPL),522,9.2,4802.4
7,19.0,1.0,6.0,1.0,0,3,Mumbai,Orient Green,287,9.2,2640.4000000000000
23,22.0,3.0,7.0,1.0,0,3,Mumbai,Sterlite Power Transmission Ltd,590,9.2,5428.0
15,22.0,0.0,21.0,1.0,0,3,Mumbai,Jaiprakash Power,416,9.2,3827.2
13,22.0,2.0,4.0,1.0,0,3,Mumbai,L&T Transmission & Distribution,416,9.2,3827.2
10,17.0,0.0,13.0,1.0,0,3,Mumbai,Adani Power Ltd.,341,9.2,3137.2
11,22.0,0.0,16.0,1.0,0,3,Mumbai,Torrent Power Ltd.,541,9.2,4977.2
15,22.0,0.0,10.0,1.0,0,3,Mumbai,Kalpataru Power,480,9.2,4416.0
23,23.0,2.0,11.0,1.0,0,3,Mumbai,"Maha Transco – Maharashtra State Electricity Transmission Co, Ltd.",668,9.2,6145.600000000000
22,23.0,2.0,12.0,12.0,0,3,Mumbai,SJVN Ltd.,683,9.2,6283.600000000000
22,22.0,2.0,9.0,1.0,0,3,Mumbai,Reliance Power,568,9.2,5225.600000000000
22,23.0,1.0,9.0,1.0,0,3,Mumbai,Jyoti Structure,434,9.2,3992.8000000000000
12,22.0,3.0,13.0,1.0,0,3,Mumbai,NHPC,434,9.2,3992.8000000000000
13,22.0,1.0,4.0,1.0,0,3,Mumbai,NHPC,540,9.2,4968.0
15,22.0,3.0,6.0,1.0,0,3,Mumbai,Unitech Power Transmission Ltd.,376,9.2,3459.2
16,23.0,2.0,5.0,1.0,0,3,Mumbai,NHPC,514,9.2,4728.800000000000
8,23.0,0.0,7.0,1.0,0,3,Mumbai,Power Grid Corp,468,9.2,4305.600000000000
5,20.0,0.0,16.0,7.0,0,3,Mumbai,Bonfiglioli Transmission Pvt. Ltd.,382,9.2,3514.4000000000000
9,18.0,3.0,18.0,1.0,0,3,Mumbai,Optibelt Power Transmission India Private Limited,499,9.2,4590.800000000000
11,22.0,1.0,11.0,1.0,0,3,Mumbai,NHPC,400,9.2,3680.0000000000000
12,23.0,2.0,4.0,1.0,0,3,Mumbai,KEC International,400,9.2,3680.0000000000000
18,22.0,2.0,3.0,1.0,0,3,Mumbai,Orient Green,368,9.2,3385.6
18,23.0,3.0,19.0,1.0,0,3,Mumbai,JSW Energy Ltd.,569,9.2,5234.800000000000
16,23.0,0.0,9.0,12.0,0,3,Mumbai,TransRail Lighting,569,9.2,5234.800000000000
15,22.0,1.0,3.0,12.0,0,3,Mumbai,Jaiprakash Power,502,9.2,4618.4
22,22.0,0.0,10.0,1.0,0,3,Mumbai,Adani Power Ltd.,357,9.2,3284.4000000000000
8,18.0,2.0,13.0,1.0,0,3,Mumbai,Torrent Power Ltd.,449,9.2,4130.800000000000
20,23.0,1.0,3.0,1.0,0,3,Mumbai,Jaiprakash Power,485,9.2,4462.0
7,22.0,2.0,7.0,1.0,0,3,Mumbai,Ringfeder Power Transmission India Pvt. Ltd.,477,9.2,4388.4
6,17.0,0.0,22.0,1.0,0,3,Mumbai,L&T Transmission & Distribution,506,9.2,4655.2
19,22.0,3.0,17.0,1.0,0,3,Mumbai,SJVN Ltd.,506,9.2,4655.2
23,23.0,2.0,10.0,1.0,0,3,Mumbai,L&T Transmission & Distribution,585,9.2,5382.0
8,17.0,1.0,7.0,1.0,0,3,Mumbai,NHPC,356,9.2,3275.2
7,18.0,3.0,9.0,7.0,0,3,Mumbai,CESC,489,9.2,4498.800000000000
9,20.0,1.0,12.0,1.0,0,3,Mumbai,Jyoti Structure,403,9.2,3707.6
20,22.0,0.0,10.0,1.0,0,3,Mumbai,Reliance Energy,412,9.2,3790.4000000000000
9,23.0,1.0,8.0,1.0,0,3,Mumbai,GE T&D India Limited,552,9.2,5078.4
9,20.0,2.0,20.0,1.0,0,3,Mumbai,CESC,562,9.2,5170.4
23,22.0,3.0,3.0,1.0,0,3,Mumbai,Guj Ind Power,665,9.2,6118.000000000000
17,23.0,0.0,13.0,1.0,0,3,Mumbai,NTPC Pvt. Ltd.,617,9.2,5676.4
19,22.0,2.0,3.0,1.0,0,3,Mumbai,Ratnagiri Gas and Power Pvt. Ltd. (RGPPL),429,9.2,3946.8000000000000
22,23.0,2.0,3.0,1.0,0,3,Mumbai,Toshiba Transmission & Distribution Systems (India) Pvt. Ltd.,374,9.2,3440.8000000000000
5,22.0,3.0,3.0,1.0,0,3,Mumbai,KEC International,304,9.2,2796.8000000000000
11,23.0,0.0,14.0,1.0,0,3,Mumbai,SJVN Ltd.,525,9.2,4830.0
6,22.0,0.0,5.0,1.0,0,3,Mumbai,Reliance Power,228,9.2,2097.6
16,22.0,2.0,11.0,1.0,0,3,Mumbai,SJVN Ltd.,625,9.2,5750.0
17,23.0,3.0,18.0,12.0,0,3,Mumbai,CESC,746,9.2,6863.2
9,19.0,3.0,3.0,1.0,0,3,Mumbai,Bonfiglioli Transmission Pvt. Ltd.,353,9.2,3247.6
18,23.0,0.0,22.0,1.0,0,3,Mumbai,TransRail Lighting,566,9.2,5207.2
15,22.0,3.0,12.0,1.0,0,3,Mumbai,Reliance Power,547,9.2,5032.4
7,22.0,0.0,21.0,1.0,0,3,Mumbai,Guj Ind Power,642,9.2,5906.4
8,19.0,1.0,21.0,1.0,0,3,Mumbai,Kalpataru Power,397,9.2,3652.4000000000000
16,23.0,0.0,15.0,1.0,0,3,Mumbai,Adani Power Ltd.,393,9.2,3615.6
18,22.0,3.0,13.0,12.0,0,3,Mumbai,CESC,705,9.2,6486.000000000000
8,18.0,1.0,20.0,1.0,0,3,Mumbai,SJVN Ltd.,417,9.2,3836.4000000000000
14,22.0,0.0,4.0,1.0,0,3,Mumbai,Indowind Energy,417,9.2,3836.4000000000000
19,22.0,3.0,4.0,1.0,0,3,Mumbai,Toshiba Transmission & Distribution Systems (India) Pvt. Ltd.,518,9.2,4765.600000000000
22,23.0,1.0,9.0,12.0,0,3,Mumbai,Sterlite Power Transmission Ltd,518,9.2,4765.600000000000
16,23.0,2.0,8.0,1.0,0,3,Mumbai,Jaiprakash Power,518,9.2,4765.600000000000
19,23.0,0.0,22.0,1.0,0,3,Mumbai,Guj Ind Power,518,9.2,4765.600000000000
5,20.0,1.0,8.0,1.0,0,3,Mumbai,Adani Power Ltd.,293,9.2,2695.6
15,23.0,3.0,17.0,12.0,0,3,Mumbai,GE T&D India Limited,773,9.2,7111.600000000000
12,23.0,3.0,13.0,12.0,0,3,Mumbai,Neueon Towers / Sujana Towers Ltd.,732,9.2,6734.4
11,23.0,3.0,14.0,1.0,0,3,Mumbai,Adani Power Ltd.,593,9.2,5455.600000000000
14,23.0,0.0,12.0,1.0,0,3,Mumbai,"Maha Transco – Maharashtra State Electricity Transmission Co, Ltd.",463,9.2,4259.600000000000
12,23.0,0.0,13.0,1.0,0,3,Mumbai,Kalpataru Power,365,9.2,3358.0000000000000
20,22.0,3.0,20.0,12.0,0,3,Mumbai,TransRail Lighting,856,9.2,7875.2
13,23.0,3.0,17.0,12.0,0,3,Mumbai,Optibelt Power Transmission India Private Limited,781,9.2,7185.2
7,21.0,3.0,10.0,1.0,0,3,Mumbai,JSW Energy Ltd.,478,9.2,4397.600000000000
12,22.0,1.0,19.0,1.0,0,3,Mumbai,Unitech Power Transmission Ltd.,629,9.2,5786.800000000000
6,18.0,1.0,13.0,1.0,0,3,Mumbai,NHPC,350,9.2,3220.0000000000000
15,22.0,1.0,10.0,1.0,0,3,Mumbai,L&T Transmission & Distribution,576,9.2,5299.2
23,23.0,3.0,8.0,12.0,0,3,Mumbai,KEC International,673,9.2,6191.600000000000
19,23.0,2.0,19.0,1.0,0,3,Mumbai,Ringfeder Power Transmission India Pvt. Ltd.,763,9.2,7019.600000000000
15,22.0,3.0,21.0,1.0,0,3,Mumbai,Reliance Energy,599,9.2,5510.800000000000
9,18.0,2.0,19.0,1.0,0,3,Mumbai,Power Grid Corp,599,9.2,5510.800000000000
22,23.0,3.0,17.0,1.0,0,3,Mumbai,Power Grid Corp,768,9.2,7065.600000000000
16,22.0,3.0,18.0,1.0,0,3,Mumbai,Orient Green,624,9.2,5740.800000000000
17,22.0,1.0,14.0,1.0,0,3,Mumbai,Toshiba Transmission & Distribution Systems (India) Pvt. Ltd.,661,9.2,6081.2
20,22.0,2.0,20.0,1.0,0,3,Mumbai,Reliance Power,639,9.2,5878.800000000000
22,22.0,2.0,17.0,1.0,0,3,Mumbai,Bonfiglioli Transmission Pvt. Ltd.,639,9.2,5878.800000000000
19,23.0,3.0,3.0,1.0,0,3,Mumbai,TransRail Lighting,639,9.2,5878.800000000000
22,23.0,2.0,21.0,1.0,0,3,Mumbai,Jyoti Structure,687,9.2,6320.4
21,23.0,0.0,14.0,1.0,0,3,Mumbai,Reliance Energy,612,9.2,5630.4
10,18.0,3.0,5.0,1.0,0,3,Mumbai,Neueon Towers / Sujana Towers Ltd.,487,9.2,4480.4
5,21.0,2.0,15.0,7.0,0,3,Mumbai,CESC,487,9.2,4480.4
13,22.0,1.0,3.0,1.0,0,3,Mumbai,TransRail Lighting,288,9.2,2649.6
5,19.0,0.0,20.0,1.0,0,3,Mumbai,Adani Power Ltd.,331,9.2,3045.2
6,17.0,0.0,13.0,1.0,0,3,Mumbai,Orient Green,331,9.2,3045.2
21,23.0,1.0,20.0,1.0,0,3,Mumbai,Orient Green,706,9.2,6495.2
9,18.0,1.0,19.0,7.0,0,3,Mumbai,NTPC Pvt. Ltd.,586,9.2,5391.2
17,23.0,2.0,16.0,1.0,0,3,Mumbai,NTPC Pvt. Ltd.,653,9.2,6007.600000000000
13,23.0,2.0,16.0,1.0,0,3,Mumbai,Guj Ind Power,698,9.2,6421.600000000000
9,22.0,0.0,6.0,1.0,0,3,Mumbai,TransRail Lighting,244,9.2,2244.8000000000000
7,21.0,2.0,8.0,1.0,0,3,Mumbai,SJVN Ltd.,379,9.2,3486.8000000000000
10,19.0,0.0,13.0,1.0,0,3,Mumbai,NHPC,262,9.2,2410.4000000000000
8,19.0,0.0,9.0,7.0,0,3,Mumbai,Sunil Hitech Eng,292,9.2,2686.4000000000000
17,22.0,2.0,22.0,1.0,0,3,Mumbai,L&T Transmission & Distribution,709,9.2,6522.800000000000
18,23.0,2.0,22.0,12.0,0,3,Mumbai,Jyoti Structure,759,9.2,6982.800000000000
6,18.0,0.0,5.0,1.0,0,3,Mumbai,CESC,214,9.2,1968.8
13,23.0,2.0,20.0,1.0,0,3,Mumbai,Sunil Hitech Eng,722,9.2,6642.4
16,23.0,3.0,18.0,1.0,0,3,Mumbai,Jyoti Structure,728,9.2,6697.600000000000
15,23.0,3.0,9.0,12.0,0,3,Mumbai,Bonfiglioli Transmission Pvt. Ltd.,545,9.2,5014.0
6,18.0,1.0,17.0,1.0,0,3,Mumbai,Adani Power Ltd.,503,9.2,4627.600000000000
22,22.0,1.0,15.0,1.0,0,3,Mumbai,Bonfiglioli Transmission Pvt. Ltd.,503,9.2,4627.600000000000
6,18.0,2.0,4.0,7.0,0,3,Mumbai,JSW Energy Ltd.,351,9.2,3229.2
20,22.0,0.0,21.0,12.0,0,3,Mumbai,Adani Power Ltd.,772,9.2,7102.4
10,21.0,0.0,13.0,1.0,0,3,Mumbai,KEC International,565,9.2,5198.0
20,23.0,1.0,13.0,1.0,0,3,Mumbai,NHPC,537,9.2,4940.4
17,23.0,2.0,9.0,12.0,0,3,Mumbai,Indowind Energy,720,9.2,6624.000000000000
7,21.0,1.0,11.0,7.0,0,3,Mumbai,"Maha Transco – Maharashtra State Electricity Transmission Co, Ltd.",560,9.2,5152.0
19,23.0,3.0,20.0,1.0,0,3,Mumbai,TransRail Lighting,800,9.2,7360.000000000000
15,22.0,3.0,19.0,1.0,0,3,Mumbai,NLC India,679,9.2,6246.800000000000
22,23.0,2.0,14.0,1.0,0,3,Mumbai,JSW Energy Ltd.,684,9.2,6292.800000000000
19,23.0,2.0,11.0,1.0,0,3,Mumbai,Guj Ind Power,606,9.2,5575.2
15,23.0,2.0,22.0,1.0,0,3,Mumbai,Torrent Power Ltd.,643,9.2,5915.600000000000
19,23.0,1.0,19.0,1.0,0,3,Mumbai,GE T&D India Limited,467,9.2,4296.4
22,22.0,1.0,17.0,1.0,0,3,Mumbai,Tata Power Company Ltd.,491,9.2,4517.2
14,22.0,0.0,9.0,1.0,0,3,Mumbai,Power Grid Corp,302,9.2,2778.4000000000000
11,22.0,1.0,17.0,12.0,0,3,Mumbai,Orient Green,675,9.2,6210.000000000000
22,22.0,0.0,4.0,1.0,0,3,Mumbai,Tata Power Company Ltd.,543,9.2,4995.600000000000
23,23.0,2.0,20.0,1.0,0,3,New Delhi,Tata Power Company Ltd.,704,8.5,5984.0
18,22.0,3.0,14.0,1.0,0,3,New Delhi,Optibelt Power Transmission India Private Limited,581,8.5,4938.5
9,18.0,0.0,9.0,1.0,0,3,New Delhi,Toshiba Transmission & Distribution Systems (India) Pvt. Ltd.,435,8.5,3697.5
14,22.0,1.0,14.0,1.0,0,3,New Delhi,Power Grid Corp,651,8.5,5533.5
19,23.0,3.0,13.0,1.0,0,3,New Delhi,Power Grid Corp,663,8.5,5635.5
10,18.0,0.0,8.0,1.0,0,3,New Delhi,Neueon Towers / Sujana Towers Ltd.,422,8.5,3587.0
7,20.0,1.0,16.0,1.0,0,3,New Delhi,Ratnagiri Gas and Power Pvt. Ltd. (RGPPL),413,8.5,3510.5
6,22.0,3.0,3.0,1.0,0,3,New Delhi,Sterlite Power Transmission Ltd,363,8.5,3085.5
7,20.0,0.0,20.0,1.0,0,3,New Delhi,Torrent Power Ltd.,450,8.5,3825.0
19,23.0,3.0,20.0,1.0,0,3,New Delhi,"Maha Transco – Maharashtra State Electricity Transmission Co, Ltd.",673,8.5,5720.5
15,23.0,3.0,13.0,1.0,0,3,New Delhi,Ringfeder Power Transmission India Pvt. Ltd.,673,8.5,5720.5
10,23.0,2.0,20.0,1.0,0,3,New Delhi,Guj Ind Power,545,8.5,4632.5
22,22.0,0.0,12.0,1.0,0,3,New Delhi,Toshiba Transmission & Distribution Systems (India) Pvt. Ltd.,569,8.5,4836.5
16,22.0,2.0,7.0,1.0,0,3,New Delhi,Ratnagiri Gas and Power Pvt. Ltd. (RGPPL),549,8.5,4666.5
22,22.0,1.0,15.0,1.0,0,3,New Delhi,GE T&D India Limited,549,8.5,4666.5
8,22.0,2.0,22.0,1.0,0,3,New Delhi,Tata Power Company Ltd.,615,8.5,5227.5
18,22.0,0.0,17.0,1.0,0,3,New Delhi,NHPC,587,8.5,4989.5
22,22.0,0.0,14.0,1.0,0,3,New Delhi,NHPC,587,8.5,4989.5
10,20.0,0.0,8.0,1.0,0,3,New Delhi,NLC India,367,8.5,3119.5
11,23.0,0.0,22.0,1.0,0,3,New Delhi,Kalpataru Power,460,8.5,3910.0
17,23.0,3.0,9.0,1.0,0,3,New Delhi,Sunil Hitech Eng,460,8.5,3910.0
12,22.0,3.0,3.0,1.0,0,3,New Delhi,Jaiprakash Power,429,8.5,3646.5
14,23.0,0.0,11.0,1.0,0,3,New Delhi,Jaiprakash Power,393,8.5,3340.5
7,18.0,1.0,11.0,1.0,0,3,New Delhi,Kalpataru Power,393,8.5,3340.5
6,17.0,1.0,17.0,7.0,0,3,New Delhi,Sterlite Power Transmission Ltd,399,8.5,3391.5
6,17.0,1.0,17.0,1.0,0,3,New Delhi,Guj Ind Power,519,8.5,4411.5
9,23.0,2.0,16.0,1.0,0,3,New Delhi,Sunil Hitech Eng,419,8.5,3561.5
10,22.0,0.0,12.0,7.0,0,3,New Delhi,Kalpataru Power,383,8.5,3255.5
15,23.0,0.0,10.0,1.0,0,3,New Delhi,L&T Transmission & Distribution,503,8.5,4275.5
9,20.0,2.0,15.0,1.0,0,3,New Delhi,GE T&D India Limited,629,8.5,5346.5
9,19.0,0.0,4.0,7.0,0,3,New Delhi,Ratnagiri Gas and Power Pvt. Ltd. (RGPPL),381,8.5,3238.5
15,22.0,3.0,13.0,12.0,0,3,New Delhi,Optibelt Power Transmission India Private Limited,543,8.5,4615.5
18,23.0,1.0,17.0,12.0,0,3,New Delhi,NHPC,595,8.5,5057.5
13,23.0,1.0,19.0,1.0,0,3,New Delhi,KEC International,683,8.5,5805.5
23,23.0,1.0,3.0,1.0,0,3,New Delhi,NLC India,481,8.5,4088.5
11,23.0,3.0,12.0,1.0,0,3,New Delhi,GE T&D India Limited,670,8.5,5695.0
18,22.0,1.0,13.0,1.0,0,3,New Delhi,Orient Green,602,8.5,5117.0
13,22.0,0.0,16.0,1.0,0,3,New Delhi,NHPC,602,8.5,5117.0
15,23.0,0.0,18.0,1.0,0,3,New Delhi,Indowind Energy,425,8.5,3612.5
17,23.0,2.0,5.0,1.0,0,3,New Delhi,Reliance Energy,620,8.5,5270.0
22,23.0,0.0,10.0,12.0,0,3,New Delhi,JSW Energy Ltd.,589,8.5,5006.5
10,23.0,3.0,3.0,1.0,0,3,New Delhi,Toshiba Transmission & Distribution Systems (India) Pvt. Ltd.,395,8.5,3357.5
16,23.0,2.0,12.0,1.0,0,3,New Delhi,Reliance Power,672,8.5,5712.0
18,22.0,2.0,19.0,1.0,0,3,New Delhi,KEC International,500,8.5,4250.0
9,23.0,3.0,13.0,1.0,0,3,New Delhi,L&T Transmission & Distribution,500,8.5,4250.0
12,22.0,1.0,18.0,1.0,0,3,New Delhi,Ringfeder Power Transmission India Pvt. Ltd.,576,8.5,4896.0
21,22.0,0.0,18.0,1.0,0,3,New Delhi,Neueon Towers / Sujana Towers Ltd.,547,8.5,4649.5
13,22.0,3.0,13.0,1.0,0,3,New Delhi,Kalpataru Power,490,8.5,4165.0
8,20.0,2.0,19.0,7.0,0,3,New Delhi,CESC,609,8.5,5176.5
10,21.0,1.0,19.0,1.0,0,3,New Delhi,SJVN Ltd.,643,8.5,5465.5
10,23.0,1.0,5.0,1.0,0,3,New Delhi,Sterlite Power Transmission Ltd,431,8.5,3663.5
7,20.0,2.0,18.0,1.0,0,3,New Delhi,Adani Power Ltd.,431,8.5,3663.5
14,22.0,2.0,12.0,1.0,0,3,New Delhi,KEC International,443,8.5,3765.5
15,23.0,1.0,13.0,1.0,0,3,New Delhi,Torrent Power Ltd.,443,8.5,3765.5
13,23.0,1.0,4.0,1.0,0,3,New Delhi,Sunil Hitech Eng,461,8.5,3918.5
6,20.0,3.0,14.0,1.0,0,3,New Delhi,Guj Ind Power,523,8.5,4445.5
11,22.0,0.0,8.0,1.0,0,3,New Delhi,Neueon Towers / Sujana Towers Ltd.,523,8.5,4445.5
17,23.0,2.0,16.0,1.0,0,3,New Delhi,NLC India,523,8.5,4445.5
12,22.0,3.0,7.0,1.0,0,3,New Delhi,NTPC Pvt. Ltd.,617,8.5,5244.5
7,21.0,0.0,22.0,7.0,0,3,New Delhi,Reliance Energy,617,8.5,5244.5
13,23.0,2.0,11.0,1.0,0,3,New Delhi,Torrent Power Ltd.,409,8.5,3476.5
19,23.0,1.0,12.0,1.0,0,3,New Delhi,Neueon Towers / Sujana Towers Ltd.,529,8.5,4496.5
15,22.0,2.0,12.0,1.0,0,3,New Delhi,TransRail Lighting,454,8.5,3859.0
18,23.0,0.0,19.0,12.0,0,3,New Delhi,JSW Energy Ltd.,678,8.5,5763.0
5,23.0,1.0,7.0,1.0,0,3,New Delhi,Optibelt Power Transmission India Private Limited,535,8.5,4547.5
19,23.0,0.0,21.0,1.0,0,3,New Delhi,Reliance Power,535,8.5,4547.5
9,21.0,1.0,7.0,1.0,0,3,New Delhi,NTPC Pvt. Ltd.,342,8.5,2907.0
14,23.0,2.0,5.0,12.0,0,3,New Delhi,KEC International,494,8.5,4199.0
5,22.0,3.0,13.0,1.0,0,3,New Delhi,Jaiprakash Power,494,8.5,4199.0
15,22.0,1.0,9.0,1.0,0,3,New Delhi,Ratnagiri Gas and Power Pvt. Ltd. (RGPPL),415,8.5,3527.5
16,22.0,1.0,9.0,1.0,0,3,New Delhi,Torrent Power Ltd.,415,8.5,3527.5
16,22.0,1.0,17.0,12.0,0,3,New Delhi,CESC,591,8.5,5023.5
6,21.0,2.0,22.0,7.0,0,3,New Delhi,Power Grid Corp,694,8.5,5899.0
14,23.0,2.0,17.0,1.0,0,3,New Delhi,Jyoti Structure,671,8.5,5703.5
9,17.0,2.0,10.0,1.0,0,3,New Delhi,KEC International,397,8.5,3374.5
9,19.0,1.0,3.0,1.0,0,3,New Delhi,Neueon Towers / Sujana Towers Ltd.,369,8.5,3136.5
11,23.0,1.0,13.0,1.0,0,3,New Delhi,NLC India,369,8.5,3136.5
11,23.0,3.0,22.0,1.0,0,3,New Delhi,Indowind Energy,528,8.5,4488.0
12,22.0,1.0,7.0,1.0,0,3,New Delhi,Power Grid Corp,528,8.5,4488.0
15,23.0,1.0,9.0,1.0,0,3,New Delhi,Sunil Hitech Eng,605,8.5,5142.5
15,23.0,0.0,11.0,1.0,0,3,New Delhi,CESC,449,8.5,3816.5
11,23.0,3.0,14.0,1.0,0,3,New Delhi,Reliance Energy,648,8.5,5508.0
17,23.0,3.0,11.0,1.0,0,3,New Delhi,TransRail Lighting,686,8.5,5831.0
17,22.0,3.0,5.0,1.0,0,3,New Delhi,Jyoti Structure,518,8.5,4403.0
19,22.0,2.0,9.0,1.0,0,3,New Delhi,Unitech Power Transmission Ltd.,666,8.5,5661.0
9,17.0,0.0,22.0,1.0,0,3,New Delhi,CESC,312,8.5,2652.0
19,23.0,0.0,8.0,1.0,0,3,New Delhi,Reliance Power,468,8.5,3978.0
22,23.0,0.0,13.0,1.0,0,3,New Delhi,CESC,632,8.5,5372.0
10,19.0,1.0,3.0,7.0,0,3,New Delhi,Sunil Hitech Eng,352,8.5,2992.0
12,22.0,3.0,12.0,1.0,0,3,New Delhi,Ratnagiri Gas and Power Pvt. Ltd. (RGPPL),498,8.5,4233.0
9,22.0,3.0,21.0,1.0,0,3,New Delhi,Jyoti Structure,623,8.5,5295.5
19,23.0,1.0,11.0,1.0,0,3,New Delhi,Adani Power Ltd.,582,8.5,4947.0
18,22.0,1.0,9.0,12.0,0,3,New Delhi,CESC,582,8.5,4947.0
13,22.0,3.0,19.0,1.0,0,3,New Delhi,GE T&D India Limited,560,8.5,4760.0
19,22.0,3.0,17.0,1.0,0,3,New Delhi,Bonfiglioli Transmission Pvt. Ltd.,560,8.5,4760.0
5,21.0,2.0,14.0,1.0,0,3,New Delhi,Toshiba Transmission & Distribution Systems (India) Pvt. Ltd.,524,8.5,4454.0
8,21.0,2.0,10.0,7.0,0,3,New Delhi,Tata Power Company Ltd.,377,8.5,3204.5
18,22.0,1.0,16.0,1.0,0,3,New Delhi,TransRail Lighting,504,8.5,4284.0
12,23.0,0.0,18.0,1.0,0,3,New Delhi,Neueon Towers / Sujana Towers Ltd.,467,8.5,3969.5
16,23.0,1.0,22.0,1.0,0,3,New Delhi,CESC,507,8.5,4309.5
16,23.0,2.0,5.0,12.0,0,3,New Delhi,Jyoti Structure,642,8.5,5457.0
12,22.0,2.0,11.0,1.0,0,3,New Delhi,CESC,438,8.5,3723.0
20,22.0,1.0,17.0,1.0,0,3,New Delhi,NHPC,583,8.5,4955.5
14,22.0,2.0,12.0,1.0,0,3,New Delhi,Sunil Hitech Eng,583,8.5,4955.5
19,22.0,3.0,13.0,1.0,0,3,New Delhi,KEC International,583,8.5,4955.5
9,18.0,1.0,21.0,7.0,0,3,New Delhi,JSW Energy Ltd.,416,8.5,3536.0
13,23.0,1.0,12.0,1.0,0,3,New Delhi,Jaiprakash Power,451,8.5,3833.5
9,20.0,2.0,19.0,1.0,0,3,New Delhi,GE T&D India Limited,657,8.5,5584.5
12,23.0,1.0,4.0,1.0,0,3,New Delhi,Toshiba Transmission & Distribution Systems (India) Pvt. Ltd.,402,8.5,3417.0
22,22.0,0.0,7.0,1.0,0,3,New Delhi,NHPC,402,8.5,3417.0
22,23.0,1.0,15.0,1.0,0,3,New Delhi,NHPC,658,8.5,5593.0
7,17.0,1.0,5.0,1.0,0,3,New Delhi,Guj Ind Power,355,8.5,3017.5
8,23.0,1.0,19.0,1.0,0,3,New Delhi,Sterlite Power Transmission Ltd,568,8.5,4828.0
15,22.0,2.0,4.0,1.0,0,3,New Delhi,SJVN Ltd.,556,8.5,4726.0
7,20.0,1.0,12.0,1.0,0,3,New Delhi,Reliance Energy,530,8.5,4505.0
15,22.0,0.0,20.0,1.0,0,3,New Delhi,NHPC,405,8.5,3442.5
18,22.0,1.0,3.0,1.0,0,3,New Delhi,Sterlite Power Transmission Ltd,368,8.5,3128.0
8,17.0,2.0,11.0,1.0,0,3,New Delhi,NTPC Pvt. Ltd.,368,8.5,3128.0
12,22.0,2.0,9.0,1.0,0,3,New Delhi,NTPC Pvt. Ltd.,514,8.5,4369.0
5,21.0,0.0,18.0,1.0,0,3,New Delhi,KEC International,514,8.5,4369.0
19,23.0,0.0,20.0,1.0,0,3,New Delhi,CESC,465,8.5,3952.5
17,23.0,3.0,13.0,1.0,0,3,New Delhi,Adani Power Ltd.,716,8.5,6086.0
17,23.0,1.0,11.0,1.0,0,3,New Delhi,JSW Energy Ltd.,506,8.5,4301.0
15,22.0,1.0,7.0,1.0,0,3,New Delhi,Adani Power Ltd.,318,8.5,2703.0
13,22.0,2.0,13.0,1.0,0,3,New Delhi,KEC International,501,8.5,4258.5
7,19.0,2.0,22.0,1.0,0,3,New Delhi,NHPC,570,8.5,4845.0
19,23.0,2.0,13.0,12.0,0,3,New Delhi,Orient Green,570,8.5,4845.0
13,22.0,2.0,22.0,1.0,0,3,New Delhi,Sterlite Power Transmission Ltd,608,8.5,5168.0
22,23.0,3.0,6.0,1.0,0,3,New Delhi,Indowind Energy,511,8.5,4343.5
13,23.0,1.0,8.0,1.0,0,3,New Delhi,SJVN Ltd.,347,8.5,2949.5
9,18.0,1.0,20.0,1.0,0,3,New Delhi,Reliance Energy,362,8.5,3077.0
8,21.0,2.0,17.0,1.0,0,3,New Delhi,CESC,513,8.5,4360.5
23,22.0,3.0,7.0,1.0,0,3,New Delhi,NTPC Pvt. Ltd.,544,8.5,4624.0
11,23.0,3.0,16.0,1.0,0,3,New Delhi,Bonfiglioli Transmission Pvt. Ltd.,544,8.5,4624.0
15,22.0,2.0,15.0,1.0,0,3,New Delhi,NLC India,544,8.5,4624.0
17,22.0,0.0,12.0,1.0,0,3,New Delhi,NHPC,544,8.5,4624.0
22,22.0,3.0,12.0,1.0,0,3,New Delhi,Reliance Power,475,8.5,4037.5
20,23.0,3.0,5.0,1.0,0,3,New Delhi,L&T Transmission & Distribution,656,8.5,5576.0
16,23.0,2.0,7.0,1.0,0,3,New Delhi,Guj Ind Power,373,8.5,3170.5
20,22.0,3.0,20.0,1.0,0,3,New Delhi,GE T&D India Limited,709,8.5,6026.5
16,23.0,0.0,15.0,1.0,0,3,New Delhi,Toshiba Transmission & Distribution Systems (India) Pvt. Ltd.,646,8.5,5491.0
12,22.0,1.0,21.0,1.0,0,3,New Delhi,GE T&D India Limited,646,8.5,5491.0
21,22.0,2.0,22.0,1.0,0,3,New Delhi,SJVN Ltd.,775,8.5,6587.5
22,23.0,3.0,8.0,12.0,0,3,New Delhi,Jyoti Structure,764,8.5,6494.0
7,23.0,2.0,18.0,1.0,0,3,New Delhi,Indowind Energy,662,8.5,5627.0
12,23.0,1.0,20.0,1.0,0,3,New Delhi,Sunil Hitech Eng,594,8.5,5049.0
16,22.0,2.0,10.0,1.0,0,3,New Delhi,Reliance Energy,594,8.5,5049.0
16,23.0,2.0,20.0,12.0,0,3,New Delhi,Power Grid Corp,754,8.5,6409.0
23,23.0,3.0,13.0,1.0,0,3,New Delhi,Guj Ind Power,773,8.5,6570.5
15,22.0,2.0,18.0,12.0,0,3,New Delhi,Reliance Energy,702,8.5,5967.0
7,18.0,2.0,21.0,7.0,0,3,New Delhi,Indowind Energy,472,8.5,4012.0
20,23.0,2.0,15.0,1.0,0,3,New Delhi,NTPC Pvt. Ltd.,590,8.5,5015.0
14,22.0,2.0,6.0,1.0,0,3,New Delhi,Ratnagiri Gas and Power Pvt. Ltd. (RGPPL),590,8.5,5015.0
9,23.0,3.0,5.0,1.0,0,3,New Delhi,CESC,384,8.5,3264.0
13,23.0,2.0,13.0,1.0,0,3,New Delhi,Unitech Power Transmission Ltd.,649,8.5,5516.5
19,22.0,2.0,17.0,1.0,0,3,New Delhi,Kalpataru Power,557,8.5,4734.5
18,22.0,0.0,17.0,1.0,0,3,New Delhi,Power Grid Corp,427,8.5,3629.5
22,22.0,1.0,6.0,12.0,0,3,New Delhi,Ringfeder Power Transmission India Pvt. Ltd.,669,8.5,5686.5
16,23.0,3.0,3.0,12.0,0,3,New Delhi,Ratnagiri Gas and Power Pvt. Ltd. (RGPPL),540,8.5,4590.0
12,22.0,0.0,11.0,12.0,0,3,New Delhi,Neueon Towers / Sujana Towers Ltd.,540,8.5,4590.0
20,22.0,1.0,19.0,1.0,0,3,New Delhi,Indowind Energy,585,8.5,4972.5
14,22.0,1.0,13.0,1.0,0,3,New Delhi,Adani Power Ltd.,459,8.5,3901.5
5,20.0,3.0,19.0,7.0,0,3,New Delhi,NHPC,459,8.5,3901.5
6,18.0,3.0,18.0,7.0,0,3,New Delhi,Kalpataru Power,459,8.5,3901.5
11,22.0,3.0,7.0,1.0,0,3,New Delhi,Orient Green,459,8.5,3901.5
5,22.0,0.0,17.0,1.0,0,3,New Delhi,Jyoti Structure,525,8.5,4462.5
6,19.0,3.0,19.0,1.0,0,3,New Delhi,"Maha Transco – Maharashtra State Electricity Transmission Co, Ltd.",525,8.5,4462.5
9,23.0,3.0,3.0,1.0,0,3,New Delhi,Jaiprakash Power,550,8.5,4675.0
16,22.0,2.0,10.0,1.0,0,3,New Delhi,Reliance Energy,412,8.5,3502.0
22,23.0,0.0,17.0,12.0,0,3,New Delhi,Bonfiglioli Transmission Pvt. Ltd.,639,8.5,5431.5
11,23.0,2.0,13.0,1.0,0,3,New Delhi,Indowind Energy,639,8.5,5431.5
13,22.0,1.0,22.0,12.0,0,3,New Delhi,SJVN Ltd.,639,8.5,5431.5
19,22.0,2.0,7.0,1.0,0,3,New Delhi,JSW Energy Ltd.,639,8.5,5431.5
15,22.0,3.0,4.0,1.0,0,3,New Delhi,Tata Power Company Ltd.,521,8.5,4428.5
19,23.0,1.0,20.0,1.0,0,3,New Delhi,Adani Power Ltd.,521,8.5,4428.5
16,23.0,0.0,5.0,1.0,0,3,New Delhi,Jyoti Structure,473,8.5,4020.5
23,22.0,1.0,22.0,1.0,0,3,New Delhi,NHPC,621,8.5,5278.5
9,22.0,0.0,13.0,1.0,0,3,New Delhi,Optibelt Power Transmission India Private Limited,505,8.5,4292.5
10,17.0,0.0,21.0,1.0,0,3,New Delhi,Guj Ind Power,349,8.5,2966.5
16,22.0,2.0,11.0,1.0,0,3,New Delhi,Neueon Towers / Sujana Towers Ltd.,630,8.5,5355.0
13,22.0,2.0,19.0,1.0,0,3,New Delhi,Tata Power Company Ltd.,630,8.5,5355.0
5,17.0,2.0,9.0,1.0,0,3,New Delhi,NLC India,284,8.5,2414.0
22,22.0,2.0,22.0,1.0,0,3,New Delhi,Orient Green,753,8.5,6400.5
9,21.0,1.0,15.0,1.0,0,3,New Delhi,CESC,448,8.5,3808.0
14,23.0,1.0,13.0,12.0,0,3,New Delhi,KEC International,741,8.5,6298.5
19,22.0,1.0,11.0,1.0,0,3,New Delhi,Reliance Power,421,8.5,3578.5
16,23.0,1.0,6.0,1.0,0,3,New Delhi,Torrent Power Ltd.,601,8.5,5108.5
15,23.0,1.0,22.0,1.0,0,3,New Delhi,Guj Ind Power,596,8.5,5066.0
10,23.0,0.0,11.0,7.0,0,3,New Delhi,Tata Power Company Ltd.,627,8.5,5329.5
17,23.0,1.0,20.0,1.0,0,3,New Delhi,Kalpataru Power,607,8.5,5159.5
11,23.0,2.0,17.0,1.0,0,3,New Delhi,NHPC,607,8.5,5159.5
21,22.0,2.0,17.0,12.0,0,3,New Delhi,Jyoti Structure,687,8.5,5839.5
18,23.0,1.0,12.0,12.0,0,3,New Delhi,Sunil Hitech Eng,737,8.5,6264.5
19,23.0,2.0,19.0,12.0,0,3,New Delhi,Toshiba Transmission & Distribution Systems (India) Pvt. Ltd.,737,8.5,6264.5
8,21.0,2.0,16.0,1.0,0,3,New Delhi,JSW Energy Ltd.,471,8.5,4003.5
7,23.0,3.0,22.0,1.0,0,3,New Delhi,Optibelt Power Transmission India Private Limited,751,8.5,6383.5
22,22.0,3.0,18.0,12.0,0,3,New Delhi,TransRail Lighting,881,8.5,7488.5
12,23.0,2.0,22.0,12.0,0,3,New Delhi,SJVN Ltd.,730,8.5,6205.0
21,23.0,3.0,5.0,12.0,0,3,New Delhi,Jaiprakash Power,724,8.5,6154.0
22,22.0,1.0,17.0,1.0,0,3,New Delhi,L&T Transmission & Distribution,674,8.5,5729.0
7,18.0,0.0,21.0,1.0,0,3,New Delhi,Sunil Hitech Eng,407,8.5,3459.5
6,20.0,2.0,6.0,1.0,0,3,New Delhi,NLC India,407,8.5,3459.5
9,19.0,3.0,6.0,1.0,0,3,New Delhi,Reliance Power,325,8.5,2762.5
10,17.0,1.0,5.0,1.0,0,3,New Delhi,Sterlite Power Transmission Ltd,343,8.5,2915.5
6,18.0,1.0,10.0,7.0,0,3,New Delhi,Ringfeder Power Transmission India Pvt. Ltd.,294,8.5,2499.0
5,17.0,1.0,11.0,1.0,0,3,New Delhi,L&T Transmission & Distribution,294,8.5,2499.0
8,19.0,0.0,4.0,1.0,0,3,New Delhi,NTPC Pvt. Ltd.,296,8.5,2516.0
7,22.0,3.0,14.0,1.0,0,3,New Delhi,Reliance Power,618,8.5,5253.0
9,21.0,2.0,8.0,1.0,0,3,New Delhi,Unitech Power Transmission Ltd.,379,8.5,3221.5
6,19.0,1.0,12.0,1.0,0,3,New Delhi,KEC International,398,8.5,3383.0
5,22.0,1.0,3.0,1.0,0,3,New Delhi,SJVN Ltd.,260,8.5,2210.0
23,22.0,1.0,17.0,1.0,0,3,New Delhi,JSW Energy Ltd.,681,8.5,5788.5
10,19.0,0.0,8.0,7.0,0,3,New Delhi,Torrent Power Ltd.,285,8.5,2422.5
16,22.0,0.0,21.0,12.0,0,3,New Delhi,Orient Green,763,8.5,6485.5
20,23.0,1.0,7.0,1.0,0,3,New Delhi,Optibelt Power Transmission India Private Limited,491,8.5,4173.5
6,20.0,2.0,8.0,7.0,0,4,Hyderabad,JSW Energy Ltd.,474,8.4,3981.6000000000000
11,23.0,1.0,10.0,1.0,0,4,Hyderabad,SJVN Ltd.,474,8.4,3981.6000000000000
15,23.0,0.0,19.0,1.0,0,4,Hyderabad,Tata Power Company Ltd.,474,8.4,3981.6000000000000
10,20.0,3.0,21.0,1.0,0,4,Hyderabad,Guj Ind Power,553,8.4,4645.2
21,23.0,1.0,15.0,1.0,0,4,Hyderabad,Power Grid Corp,553,8.4,4645.2
7,21.0,1.0,8.0,7.0,0,4,Hyderabad,TransRail Lighting,550,8.4,4620.0
18,22.0,2.0,16.0,1.0,0,4,Hyderabad,NLC India,616,8.4,5174.400000000000
15,23.0,3.0,17.0,1.0,0,4,Hyderabad,Sunil Hitech Eng,594,8.4,4989.6
19,22.0,0.0,4.0,1.0,0,4,Hyderabad,GE T&D India Limited,475,8.4,3990.0
18,22.0,0.0,8.0,1.0,0,4,Hyderabad,Indowind Energy,513,8.4,4309.2
22,22.0,1.0,21.0,1.0,0,4,Hyderabad,GE T&D India Limited,570,8.4,4788.0
6,20.0,1.0,6.0,7.0,0,4,Hyderabad,Optibelt Power Transmission India Private Limited,380,8.4,3192.0
15,22.0,0.0,18.0,1.0,0,4,Hyderabad,Jyoti Structure,437,8.4,3670.8
18,23.0,3.0,8.0,1.0,0,4,Hyderabad,Jyoti Structure,432,8.4,3628.8
21,22.0,1.0,18.0,1.0,0,4,Hyderabad,Ratnagiri Gas and Power Pvt. Ltd. (RGPPL),540,8.4,4536.0
22,22.0,2.0,7.0,1.0,0,4,Hyderabad,CESC,415,8.4,3486.0
22,22.0,1.0,21.0,1.0,0,4,Hyderabad,Sterlite Power Transmission Ltd,669,8.4,5619.6
13,22.0,0.0,22.0,1.0,0,4,Hyderabad,Ringfeder Power Transmission India Pvt. Ltd.,587,8.4,4930.8
15,22.0,1.0,18.0,1.0,0,4,Hyderabad,Ringfeder Power Transmission India Pvt. Ltd.,581,8.4,4880.400000000000
19,22.0,1.0,16.0,1.0,0,4,Hyderabad,GE T&D India Limited,581,8.4,4880.400000000000
9,18.0,1.0,13.0,1.0,0,4,Hyderabad,Optibelt Power Transmission India Private Limited,518,8.4,4351.2
7,17.0,0.0,20.0,1.0,0,4,Hyderabad,Sterlite Power Transmission Ltd,329,8.4,2763.6
13,23.0,2.0,3.0,1.0,0,4,Hyderabad,CESC,434,8.4,3645.6000000000000
9,19.0,2.0,14.0,1.0,0,4,Hyderabad,Reliance Energy,371,8.4,3116.4
16,23.0,2.0,3.0,1.0,0,4,Hyderabad,SJVN Ltd.,443,8.4,3721.2000000000000
19,22.0,3.0,11.0,12.0,0,4,Hyderabad,NTPC Pvt. Ltd.,523,8.4,4393.2
16,22.0,0.0,10.0,1.0,0,4,Hyderabad,L&T Transmission & Distribution,523,8.4,4393.2
10,21.0,2.0,8.0,1.0,0,4,Hyderabad,Adani Power Ltd.,523,8.4,4393.2
6,20.0,0.0,16.0,7.0,0,4,Hyderabad,SJVN Ltd.,372,8.4,3124.8
14,22.0,3.0,8.0,1.0,0,4,Hyderabad,CESC,452,8.4,3796.8
8,19.0,2.0,20.0,1.0,0,4,Hyderabad,NLC India,452,8.4,3796.8
9,20.0,0.0,6.0,1.0,0,4,Hyderabad,Kalpataru Power,452,8.4,3796.8
8,21.0,2.0,16.0,1.0,0,4,Hyderabad,NHPC,452,8.4,3796.8
8,23.0,3.0,3.0,1.0,0,4,Hyderabad,Tata Power Company Ltd.,409,8.4,3435.6000000000000
17,23.0,2.0,5.0,1.0,0,4,Hyderabad,NLC India,355,8.4,2982.0
23,23.0,1.0,22.0,1.0,0,4,Hyderabad,Optibelt Power Transmission India Private Limited,736,8.4,6182.400000000000
16,22.0,1.0,10.0,12.0,0,4,Hyderabad,Sunil Hitech Eng,573,8.4,4813.2
20,23.0,0.0,21.0,12.0,0,4,Hyderabad,NLC India,573,8.4,4813.2
13,22.0,3.0,20.0,1.0,0,4,Hyderabad,NTPC Pvt. Ltd.,573,8.4,4813.2
21,22.0,2.0,13.0,12.0,0,4,Hyderabad,Indowind Energy,725,8.4,6090.0
12,22.0,2.0,20.0,1.0,0,4,Hyderabad,JSW Energy Ltd.,449,8.4,3771.6000000000000
20,22.0,2.0,21.0,1.0,0,4,Hyderabad,Neueon Towers / Sujana Towers Ltd.,641,8.4,5384.400000000000
18,23.0,3.0,16.0,1.0,0,4,Hyderabad,SJVN Ltd.,641,8.4,5384.400000000000
18,23.0,1.0,3.0,1.0,0,4,Hyderabad,Reliance Energy,490,8.4,4116.0
13,23.0,2.0,18.0,1.0,0,4,Hyderabad,Reliance Power,490,8.4,4116.0
17,22.0,1.0,8.0,1.0,0,4,Hyderabad,Toshiba Transmission & Distribution Systems (India) Pvt. Ltd.,467,8.4,3922.8
10,22.0,3.0,15.0,1.0,0,4,Hyderabad,JSW Energy Ltd.,653,8.4,5485.2
17,22.0,2.0,14.0,1.0,0,4,Hyderabad,NHPC,614,8.4,5157.6
9,21.0,0.0,3.0,7.0,0,4,Hyderabad,Tata Power Company Ltd.,401,8.4,3368.4
15,22.0,0.0,3.0,1.0,0,4,Hyderabad,Ratnagiri Gas and Power Pvt. Ltd. (RGPPL),275,8.4,2310.0
12,23.0,1.0,22.0,1.0,0,4,Hyderabad,KEC International,604,8.4,5073.6
15,23.0,2.0,22.0,1.0,0,4,Hyderabad,Orient Green,604,8.4,5073.6
22,23.0,0.0,17.0,1.0,0,4,Hyderabad,TransRail Lighting,454,8.4,3813.6000000000000
5,22.0,3.0,20.0,1.0,0,4,Hyderabad,NHPC,438,8.4,3679.2000000000000
8,21.0,2.0,9.0,1.0,0,4,Hyderabad,KEC International,438,8.4,3679.2000000000000
7,18.0,3.0,13.0,1.0,0,4,Hyderabad,Ringfeder Power Transmission India Pvt. Ltd.,521,8.4,4376.400000000000
17,23.0,1.0,20.0,12.0,0,4,Hyderabad,SJVN Ltd.,610,8.4,5124.0
14,23.0,3.0,19.0,1.0,0,4,Hyderabad,Jaiprakash Power,610,8.4,5124.0
11,23.0,0.0,18.0,1.0,0,4,Hyderabad,Jyoti Structure,529,8.4,4443.6
16,22.0,1.0,15.0,1.0,0,4,Hyderabad,Optibelt Power Transmission India Private Limited,529,8.4,4443.6
14,23.0,0.0,21.0,1.0,0,4,Hyderabad,"Maha Transco – Maharashtra State Electricity Transmission Co, Ltd.",504,8.4,4233.6
10,22.0,0.0,18.0,1.0,0,4,Hyderabad,"Maha Transco – Maharashtra State Electricity Transmission Co, Ltd.",504,8.4,4233.6
18,22.0,1.0,11.0,1.0,0,4,Hyderabad,KEC International,489,8.4,4107.6
23,23.0,3.0,13.0,1.0,0,4,Hyderabad,Ringfeder Power Transmission India Pvt. Ltd.,603,8.4,5065.2
14,23.0,2.0,9.0,12.0,0,4,Hyderabad,SJVN Ltd.,603,8.4,5065.2
11,23.0,3.0,3.0,12.0,0,4,Hyderabad,Indowind Energy,431,8.4,3620.4
22,23.0,3.0,14.0,1.0,0,4,Hyderabad,Orient Green,566,8.4,4754.400000000000
18,22.0,1.0,11.0,1.0,0,4,Hyderabad,Power Grid Corp,399,8.4,3351.6000000000000
18,23.0,0.0,16.0,1.0,0,4,Hyderabad,Unitech Power Transmission Ltd.,399,8.4,3351.6000000000000
8,20.0,2.0,17.0,1.0,0,4,Hyderabad,NHPC,377,8.4,3166.8
7,18.0,2.0,11.0,1.0,0,4,Hyderabad,SJVN Ltd.,389,8.4,3267.6000000000000
6,20.0,0.0,20.0,1.0,0,4,Hyderabad,Ratnagiri Gas and Power Pvt. Ltd. (RGPPL),459,8.4,3855.6000000000000
19,23.0,2.0,3.0,1.0,0,4,Hyderabad,Kalpataru Power,423,8.4,3553.2000000000000
13,22.0,3.0,20.0,1.0,0,4,Hyderabad,Sunil Hitech Eng,524,8.4,4401.6
14,22.0,1.0,21.0,1.0,0,4,Hyderabad,Orient Green,481,8.4,4040.4
17,22.0,0.0,10.0,1.0,0,4,Hyderabad,L&T Transmission & Distribution,308,8.4,2587.2000000000000
8,17.0,2.0,9.0,1.0,0,4,Hyderabad,Jyoti Structure,506,8.4,4250.400000000000
20,22.0,1.0,18.0,1.0,0,4,Hyderabad,SJVN Ltd.,617,8.4,5182.8
21,23.0,2.0,21.0,1.0,0,4,Hyderabad,Guj Ind Power,617,8.4,5182.8
21,22.0,0.0,14.0,12.0,0,4,Hyderabad,Reliance Power,639,8.4,5367.6
18,23.0,2.0,21.0,1.0,0,4,Hyderabad,GE T&D India Limited,639,8.4,5367.6
14,22.0,0.0,10.0,1.0,0,4,Hyderabad,L&T Transmission & Distribution,373,8.4,3133.2000000000000
9,23.0,0.0,11.0,7.0,0,4,Hyderabad,Guj Ind Power,509,8.4,4275.6
19,23.0,1.0,6.0,12.0,0,4,Hyderabad,Reliance Power,515,8.4,4326.0
9,23.0,3.0,6.0,1.0,0,4,Hyderabad,Tata Power Company Ltd.,515,8.4,4326.0
16,22.0,2.0,19.0,12.0,0,4,Hyderabad,Toshiba Transmission & Distribution Systems (India) Pvt. Ltd.,634,8.4,5325.6
19,22.0,0.0,19.0,12.0,0,4,Hyderabad,Guj Ind Power,634,8.4,5325.6
5,20.0,2.0,6.0,1.0,0,4,Hyderabad,NTPC Pvt. Ltd.,424,8.4,3561.6000000000000
7,23.0,3.0,11.0,1.0,0,4,Hyderabad,Kalpataru Power,458,8.4,3847.2000000000000
14,23.0,0.0,9.0,12.0,0,4,Hyderabad,Adani Power Ltd.,458,8.4,3847.2000000000000
12,22.0,0.0,19.0,12.0,0,4,Hyderabad,Sunil Hitech Eng,458,8.4,3847.2000000000000
22,22.0,3.0,5.0,1.0,0,4,Hyderabad,Jaiprakash Power,458,8.4,3847.2000000000000
14,22.0,2.0,20.0,12.0,0,4,Hyderabad,Adani Power Ltd.,580,8.4,4872.0
11,23.0,1.0,19.0,1.0,0,4,Hyderabad,"Maha Transco – Maharashtra State Electricity Transmission Co, Ltd.",651,8.4,5468.400000000000
13,22.0,1.0,7.0,1.0,0,4,Hyderabad,Optibelt Power Transmission India Private Limited,446,8.4,3746.4
19,22.0,1.0,8.0,12.0,0,4,Hyderabad,L&T Transmission & Distribution,618,8.4,5191.2
10,22.0,3.0,18.0,1.0,0,4,Hyderabad,Reliance Energy,486,8.4,4082.4
11,22.0,2.0,3.0,1.0,0,4,Hyderabad,Guj Ind Power,537,8.4,4510.8
20,23.0,0.0,13.0,1.0,0,4,Hyderabad,Jyoti Structure,441,8.4,3704.4
17,23.0,1.0,8.0,1.0,0,4,Hyderabad,NHPC,441,8.4,3704.4
16,23.0,2.0,13.0,1.0,0,4,Hyderabad,"Maha Transco – Maharashtra State Electricity Transmission Co, Ltd.",638,8.4,5359.2
21,22.0,1.0,7.0,12.0,0,4,Hyderabad,Indowind Energy,638,8.4,5359.2
21,23.0,1.0,22.0,1.0,0,4,Hyderabad,TransRail Lighting,598,8.4,5023.2
13,22.0,1.0,11.0,1.0,0,4,Hyderabad,Orient Green,552,8.4,4636.8
12,22.0,2.0,10.0,1.0,0,4,Hyderabad,Kalpataru Power,558,8.4,4687.2
16,22.0,3.0,4.0,1.0,0,4,Hyderabad,Jyoti Structure,369,8.4,3099.6
15,22.0,2.0,7.0,1.0,0,4,Hyderabad,Sterlite Power Transmission Ltd,369,8.4,3099.6
10,22.0,0.0,21.0,1.0,0,4,Hyderabad,Adani Power Ltd.,492,8.4,4132.8
13,22.0,2.0,21.0,1.0,0,4,Hyderabad,TransRail Lighting,546,8.4,4586.400000000000
5,23.0,0.0,22.0,1.0,0,4,Hyderabad,Neueon Towers / Sujana Towers Ltd.,546,8.4,4586.400000000000
17,23.0,3.0,6.0,1.0,0,4,Hyderabad,CESC,585,8.4,4914.0
7,23.0,1.0,15.0,1.0,0,4,Hyderabad,KEC International,611,8.4,5132.400000000000
13,22.0,0.0,3.0,12.0,0,4,Hyderabad,Adani Power Ltd.,407,8.4,3418.8
15,22.0,0.0,16.0,1.0,0,4,Hyderabad,TransRail Lighting,440,8.4,3696.0
13,23.0,1.0,11.0,1.0,0,4,Hyderabad,NTPC Pvt. Ltd.,363,8.4,3049.2000000000000
18,22.0,2.0,21.0,1.0,0,4,Hyderabad,Toshiba Transmission & Distribution Systems (India) Pvt. Ltd.,605,8.4,5082.0
11,23.0,2.0,16.0,1.0,0,4,Hyderabad,L&T Transmission & Distribution,605,8.4,5082.0
12,23.0,2.0,13.0,1.0,0,4,Hyderabad,SJVN Ltd.,605,8.4,5082.0
7,20.0,2.0,17.0,7.0,0,4,Hyderabad,NTPC Pvt. Ltd.,396,8.4,3326.4
20,23.0,2.0,12.0,12.0,0,4,Hyderabad,Reliance Energy,517,8.4,4342.8
22,23.0,1.0,15.0,1.0,0,4,Hyderabad,Orient Green,517,8.4,4342.8
23,22.0,0.0,18.0,1.0,0,4,Hyderabad,CESC,416,8.4,3494.4
6,18.0,2.0,16.0,1.0,0,4,Hyderabad,Ringfeder Power Transmission India Pvt. Ltd.,416,8.4,3494.4
19,22.0,1.0,15.0,1.0,0,4,Hyderabad,Bonfiglioli Transmission Pvt. Ltd.,416,8.4,3494.4
6,20.0,3.0,9.0,1.0,0,4,Hyderabad,Neueon Towers / Sujana Towers Ltd.,316,8.4,2654.4
10,18.0,2.0,8.0,1.0,0,4,Hyderabad,GE T&D India Limited,324,8.4,2721.6
21,23.0,2.0,18.0,12.0,0,4,Hyderabad,GE T&D India Limited,729,8.4,6123.6
9,23.0,2.0,18.0,1.0,0,4,Hyderabad,Torrent Power Ltd.,417,8.4,3502.8
9,20.0,2.0,22.0,1.0,0,4,Hyderabad,Ringfeder Power Transmission India Pvt. Ltd.,488,8.4,4099.2
8,23.0,1.0,13.0,7.0,0,4,Hyderabad,NTPC Pvt. Ltd.,478,8.4,4015.2000000000000
23,23.0,3.0,18.0,1.0,0,4,Hyderabad,KEC International,564,8.4,4737.6
21,22.0,2.0,14.0,12.0,0,4,Hyderabad,Unitech Power Transmission Ltd.,564,8.4,4737.6
8,21.0,0.0,17.0,7.0,0,4,Hyderabad,L&T Transmission & Distribution,564,8.4,4737.6
17,22.0,0.0,15.0,1.0,0,4,Hyderabad,Bonfiglioli Transmission Pvt. Ltd.,428,8.4,3595.2000000000000
7,18.0,0.0,7.0,1.0,0,4,Hyderabad,Orient Green,428,8.4,3595.2000000000000
14,23.0,0.0,5.0,1.0,0,4,Hyderabad,JSW Energy Ltd.,428,8.4,3595.2000000000000
21,23.0,1.0,7.0,12.0,0,4,Hyderabad,GE T&D India Limited,652,8.4,5476.8
20,22.0,0.0,13.0,1.0,0,4,Hyderabad,Ratnagiri Gas and Power Pvt. Ltd. (RGPPL),384,8.4,3225.6000000000000
10,18.0,0.0,9.0,1.0,0,4,Hyderabad,Ratnagiri Gas and Power Pvt. Ltd. (RGPPL),385,8.4,3234.0
10,22.0,3.0,20.0,1.0,0,4,Hyderabad,Indowind Energy,514,8.4,4317.6
17,22.0,1.0,17.0,1.0,0,4,Hyderabad,Reliance Power,619,8.4,5199.6
10,23.0,0.0,18.0,1.0,0,4,Hyderabad,Ratnagiri Gas and Power Pvt. Ltd. (RGPPL),619,8.4,5199.6
19,22.0,2.0,6.0,1.0,0,4,Hyderabad,Sunil Hitech Eng,602,8.4,5056.8
5,18.0,3.0,12.0,1.0,0,4,Hyderabad,CESC,482,8.4,4048.8
19,23.0,3.0,3.0,1.0,0,4,Hyderabad,Bonfiglioli Transmission Pvt. Ltd.,525,8.4,4410.0
22,23.0,1.0,14.0,1.0,0,4,Hyderabad,Jaiprakash Power,586,8.4,4922.400000000000
22,23.0,0.0,13.0,1.0,0,4,Hyderabad,NHPC,635,8.4,5334.0
19,22.0,0.0,15.0,12.0,0,4,Hyderabad,SJVN Ltd.,685,8.4,5754.0
14,22.0,3.0,18.0,1.0,0,4,Hyderabad,Kalpataru Power,457,8.4,3838.8
11,23.0,0.0,8.0,1.0,0,4,Hyderabad,JSW Energy Ltd.,328,8.4,2755.2000000000000
13,23.0,3.0,19.0,1.0,0,4,Hyderabad,Sterlite Power Transmission Ltd,607,8.4,5098.8
17,22.0,1.0,17.0,1.0,0,4,Hyderabad,Bonfiglioli Transmission Pvt. Ltd.,600,8.4,5040.0
20,23.0,1.0,12.0,1.0,0,4,Hyderabad,NTPC Pvt. Ltd.,608,8.4,5107.2
6,18.0,0.0,10.0,1.0,0,4,Hyderabad,Optibelt Power Transmission India Private Limited,433,8.4,3637.2000000000000
23,23.0,2.0,18.0,1.0,0,4,Hyderabad,Reliance Energy,665,8.4,5586.0
12,23.0,2.0,5.0,1.0,0,4,Hyderabad,NTPC Pvt. Ltd.,571,8.4,4796.400000000000
20,23.0,1.0,9.0,1.0,0,4,Hyderabad,"Maha Transco – Maharashtra State Electricity Transmission Co, Ltd.",412,8.4,3460.8
11,23.0,2.0,9.0,1.0,0,4,Hyderabad,GE T&D India Limited,579,8.4,4863.6
20,22.0,2.0,8.0,1.0,0,4,Hyderabad,Torrent Power Ltd.,408,8.4,3427.2000000000000
7,19.0,1.0,8.0,1.0,0,4,Hyderabad,Adani Power Ltd.,378,8.4,3175.2000000000000
8,20.0,3.0,5.0,1.0,0,4,Hyderabad,Tata Power Company Ltd.,465,8.4,3906.0
5,17.0,1.0,11.0,1.0,0,4,Hyderabad,NLC India,347,8.4,2914.8
13,23.0,2.0,3.0,1.0,0,4,Hyderabad,Jaiprakash Power,347,8.4,2914.8
23,22.0,2.0,11.0,1.0,0,4,Hyderabad,Bonfiglioli Transmission Pvt. Ltd.,658,8.4,5527.2
10,18.0,2.0,10.0,7.0,0,4,Hyderabad,Jaiprakash Power,479,8.4,4023.6000000000000
17,23.0,2.0,13.0,1.0,0,4,Hyderabad,Orient Green,477,8.4,4006.8
10,19.0,1.0,19.0,1.0,0,4,Hyderabad,CESC,477,8.4,4006.8
9,21.0,1.0,11.0,1.0,0,4,Hyderabad,Tata Power Company Ltd.,357,8.4,2998.8
7,17.0,0.0,21.0,1.0,0,4,Hyderabad,Guj Ind Power,367,8.4,3082.8
18,22.0,1.0,5.0,1.0,0,4,Hyderabad,Torrent Power Ltd.,367,8.4,3082.8
7,18.0,3.0,6.0,1.0,0,4,Hyderabad,Power Grid Corp,367,8.4,3082.8
18,23.0,0.0,5.0,1.0,0,4,Hyderabad,Sunil Hitech Eng,505,8.4,4242.0
22,22.0,1.0,9.0,1.0,0,4,Hyderabad,JSW Energy Ltd.,413,8.4,3469.2000000000000
22,22.0,0.0,14.0,1.0,0,4,Hyderabad,NHPC,448,8.4,3763.2000000000000
16,23.0,1.0,13.0,1.0,0,4,Hyderabad,Reliance Power,473,8.4,3973.2000000000000
13,23.0,1.0,12.0,1.0,0,4,Hyderabad,NTPC Pvt. Ltd.,473,8.4,3973.2000000000000
19,23.0,2.0,17.0,1.0,0,4,Hyderabad,L&T Transmission & Distribution,491,8.4,4124.400000000000
7,23.0,0.0,11.0,1.0,0,4,Hyderabad,Kalpataru Power,491,8.4,4124.400000000000
20,23.0,3.0,11.0,12.0,0,4,Hyderabad,Adani Power Ltd.,554,8.4,4653.6
17,22.0,2.0,16.0,1.0,0,4,Hyderabad,NTPC Pvt. Ltd.,554,8.4,4653.6
5,21.0,2.0,10.0,1.0,0,4,Hyderabad,Reliance Energy,427,8.4,3586.8
6,21.0,3.0,8.0,1.0,0,4,Hyderabad,Power Grid Corp,352,8.4,2956.8
11,23.0,3.0,15.0,1.0,0,4,Hyderabad,Orient Green,493,8.4,4141.2
14,22.0,3.0,7.0,1.0,0,4,Hyderabad,KEC International,391,8.4,3284.4
15,22.0,1.0,10.0,1.0,0,4,Hyderabad,Unitech Power Transmission Ltd.,442,8.4,3712.8
10,19.0,3.0,10.0,1.0,0,4,Hyderabad,Bonfiglioli Transmission Pvt. Ltd.,325,8.4,2730.0
7,22.0,2.0,4.0,1.0,0,4,Hyderabad,Ringfeder Power Transmission India Pvt. Ltd.,338,8.4,2839.2000000000000
20,22.0,2.0,10.0,1.0,0,4,Hyderabad,Indowind Energy,648,8.4,5443.2
18,22.0,2.0,19.0,1.0,0,4,Hyderabad,Torrent Power Ltd.,567,8.4,4762.8
11,23.0,0.0,15.0,12.0,0,4,Hyderabad,Indowind Energy,696,8.4,5846.400000000000
11,22.0,3.0,3.0,1.0,0,4,Hyderabad,Power Grid Corp,501,8.4,4208.400000000000
13,23.0,3.0,12.0,1.0,0,4,Hyderabad,Torrent Power Ltd.,450,8.4,3780.0
7,22.0,1.0,6.0,1.0,0,4,Hyderabad,SJVN Ltd.,496,8.4,4166.400000000000
19,22.0,0.0,4.0,1.0,0,4,Hyderabad,NHPC,496,8.4,4166.400000000000
6,20.0,2.0,13.0,1.0,0,4,Hyderabad,Jyoti Structure,327,8.4,2746.8
20,22.0,0.0,7.0,1.0,0,4,Hyderabad,JSW Energy Ltd.,303,8.4,2545.2000000000000
5,22.0,1.0,17.0,1.0,0,4,Hyderabad,Sterlite Power Transmission Ltd,569,8.4,4779.6
8,23.0,3.0,9.0,1.0,0,4,Hyderabad,Unitech Power Transmission Ltd.,569,8.4,4779.6
12,23.0,2.0,19.0,12.0,0,4,Hyderabad,GE T&D India Limited,549,8.4,4611.6
18,23.0,2.0,7.0,1.0,0,4,Hyderabad,L&T Transmission & Distribution,549,8.4,4611.6
14,23.0,2.0,10.0,12.0,0,4,Hyderabad,"Maha Transco – Maharashtra State Electricity Transmission Co, Ltd.",549,8.4,4611.6
16,23.0,1.0,3.0,1.0,0,4,Hyderabad,Neueon Towers / Sujana Towers Ltd.,545,8.4,4578.0
6,21.0,3.0,12.0,1.0,0,4,Hyderabad,NHPC,387,8.4,3250.8
5,19.0,0.0,17.0,1.0,0,4,Hyderabad,Ratnagiri Gas and Power Pvt. Ltd. (RGPPL),284,8.4,2385.6
19,22.0,2.0,7.0,1.0,0,4,Hyderabad,Optibelt Power Transmission India Private Limited,406,8.4,3410.4
22,22.0,0.0,7.0,12.0,0,4,Hyderabad,NHPC,673,8.4,5653.2
18,23.0,1.0,20.0,1.0,0,4,Hyderabad,Unitech Power Transmission Ltd.,655,8.4,5502.0
11,23.0,3.0,9.0,1.0,0,4,Hyderabad,Toshiba Transmission & Distribution Systems (India) Pvt. Ltd.,592,8.4,4972.8
17,23.0,2.0,22.0,1.0,0,4,Hyderabad,GE T&D India Limited,719,8.4,6039.6
14,23.0,0.0,6.0,1.0,0,4,Hyderabad,Torrent Power Ltd.,375,8.4,3150.0
20,23.0,0.0,11.0,1.0,0,4,Hyderabad,Jaiprakash Power,375,8.4,3150.0
13,23.0,1.0,7.0,1.0,0,4,Hyderabad,Ratnagiri Gas and Power Pvt. Ltd. (RGPPL),318,8.4,2671.2000000000000
17,22.0,3.0,12.0,12.0,0,4,Hyderabad,Ringfeder Power Transmission India Pvt. Ltd.,760,8.4,6384.0
17,23.0,3.0,3.0,1.0,0,4,Hyderabad,CESC,356,8.4,2990.4
21,23.0,2.0,12.0,1.0,0,4,Hyderabad,Bonfiglioli Transmission Pvt. Ltd.,656,8.4,5510.400000000000
21,23.0,3.0,21.0,1.0,0,4,Hyderabad,NTPC Pvt. Ltd.,671,8.4,5636.400000000000
6,20.0,1.0,20.0,7.0,0,4,Hyderabad,Reliance Energy,584,8.4,4905.6
14,23.0,3.0,20.0,1.0,0,4,Hyderabad,Tata Power Company Ltd.,759,8.4,6375.6
10,17.0,1.0,20.0,1.0,0,4,Hyderabad,Optibelt Power Transmission India Private Limited,365,8.4,3066.0
6,21.0,0.0,16.0,1.0,0,4,Hyderabad,Torrent Power Ltd.,293,8.4,2461.2000000000000
21,22.0,1.0,4.0,1.0,0,4,Hyderabad,Jaiprakash Power,556,8.4,4670.400000000000
13,23.0,0.0,12.0,1.0,0,4,Hyderabad,Reliance Power,556,8.4,4670.400000000000
9,23.0,3.0,21.0,1.0,0,4,Hyderabad,Adani Power Ltd.,674,8.4,5661.6
11,23.0,3.0,5.0,1.0,0,4,Hyderabad,Orient Green,359,8.4,3015.6
23,22.0,2.0,11.0,1.0,0,4,Hyderabad,Ratnagiri Gas and Power Pvt. Ltd. (RGPPL),657,8.4,5518.8
16,22.0,0.0,15.0,12.0,0,4,Hyderabad,Guj Ind Power,657,8.4,5518.8
19,22.0,3.0,18.0,12.0,0,4,Hyderabad,KEC International,792,8.4,6652.8
17,23.0,1.0,21.0,1.0,0,4,Hyderabad,Toshiba Transmission & Distribution Systems (India) Pvt. Ltd.,701,8.4,5888.400000000000
22,23.0,3.0,13.0,1.0,0,4,Hyderabad,KEC International,701,8.4,5888.400000000000
12,23.0,3.0,21.0,1.0,0,4,Hyderabad,Sunil Hitech Eng,699,8.4,5871.6
5,18.0,3.0,9.0,1.0,0,4,Hyderabad,Reliance Energy,279,8.4,2343.6
20,23.0,1.0,20.0,12.0,0,4,Hyderabad,Toshiba Transmission & Distribution Systems (India) Pvt. Ltd.,831,8.4,6980.400000000000
7,17.0,0.0,12.0,1.0,0,4,Hyderabad,Indowind Energy,257,8.4,2158.8
15,22.0,2.0,4.0,12.0,0,4,Hyderabad,Kalpataru Power,636,8.4,5342.400000000000
16,22.0,1.0,12.0,1.0,0,4,Hyderabad,Bonfiglioli Transmission Pvt. Ltd.,625,8.4,5250.0
23,22.0,3.0,20.0,1.0,0,4,Hyderabad,Kalpataru Power,752,8.4,6316.8
10,22.0,2.0,15.0,1.0,0,4,Hyderabad,Jyoti Structure,499,8.4,4191.6
14,22.0,3.0,10.0,1.0,0,4,Hyderabad,Reliance Power,499,8.4,4191.6
7,21.0,1.0,12.0,1.0,0,4,Hyderabad,NTPC Pvt. Ltd.,381,8.4,3200.4
10,17.0,1.0,5.0,1.0,0,4,Hyderabad,L&T Transmission & Distribution,226,8.4,1898.4
18,22.0,1.0,11.0,1.0,0,4,Hyderabad,Guj Ind Power,358,8.4,3007.2000000000000
5,22.0,0.0,15.0,1.0,0,4,Hyderabad,Orient Green,400,8.4,3360.0
22,23.0,3.0,10.0,12.0,0,4,Hyderabad,Neueon Towers / Sujana Towers Ltd.,799,8.4,6711.6
15,22.0,2.0,22.0,12.0,0,4,Hyderabad,Sunil Hitech Eng,695,8.4,5838.0
14,22.0,1.0,22.0,12.0,0,4,Hyderabad,Kalpataru Power,778,8.4,6535.200000000000
18,23.0,3.0,12.0,12.0,0,4,Hyderabad,Power Grid Corp,705,8.4,5922.0
23,22.0,1.0,10.0,12.0,0,4,Hyderabad,Torrent Power Ltd.,732,8.4,6148.8
20,22.0,0.0,20.0,1.0,0,4,Hyderabad,Toshiba Transmission & Distribution Systems (India) Pvt. Ltd.,542,8.4,4552.8
9,20.0,0.0,9.0,1.0,0,4,Hyderabad,NLC India,302,8.4,2536.8
23,23.0,3.0,8.0,12.0,0,4,Hyderabad,JSW Energy Ltd.,730,8.4,6132.0
20,23.0,0.0,21.0,1.0,0,4,Hyderabad,NTPC Pvt. Ltd.,681,8.4,5720.400000000000
20,23.0,2.0,10.0,12.0,0,4,Hyderabad,Toshiba Transmission & Distribution Systems (India) Pvt. Ltd.,775,8.4,6510.0
16,22.0,1.0,18.0,1.0,0,4,Hyderabad,GE T&D India Limited,593,8.4,4981.2
21,23.0,0.0,20.0,1.0,0,4,Nagpur,Tata Power Company Ltd.,528,8.9,4699.2
15,22.0,1.0,16.0,1.0,0,4,Nagpur,CESC,440,8.9,3916.0
5,23.0,1.0,15.0,1.0,0,4,Nagpur,KEC International,440,8.9,3916.0
6,23.0,3.0,17.0,1.0,0,4,Nagpur,Reliance Power,616,8.9,5482.400000000000
8,22.0,3.0,7.0,7.0,0,4,Nagpur,Toshiba Transmission & Distribution Systems (India) Pvt. Ltd.,616,8.9,5482.400000000000
9,19.0,2.0,17.0,1.0,0,4,Nagpur,Orient Green,380,8.9,3382.0
5,20.0,3.0,18.0,1.0,0,4,Nagpur,Jaiprakash Power,588,8.9,5233.2
8,17.0,3.0,16.0,1.0,0,4,Nagpur,Toshiba Transmission & Distribution Systems (India) Pvt. Ltd.,389,8.9,3462.1000000000000
11,23.0,2.0,22.0,1.0,0,4,Nagpur,Orient Green,700,8.9,6230.0
5,19.0,1.0,4.0,7.0,0,4,Nagpur,TransRail Lighting,449,8.9,3996.1000000000000
21,23.0,0.0,19.0,1.0,0,4,Nagpur,"Maha Transco – Maharashtra State Electricity Transmission Co, Ltd.",463,8.9,4120.7
13,23.0,0.0,16.0,1.0,0,4,Nagpur,Reliance Energy,431,8.9,3835.9
17,22.0,3.0,4.0,1.0,0,4,Nagpur,Kalpataru Power,577,8.9,5135.3
18,23.0,0.0,7.0,1.0,0,4,Nagpur,Bonfiglioli Transmission Pvt. Ltd.,577,8.9,5135.3
10,23.0,1.0,6.0,1.0,0,4,Nagpur,CESC,506,8.9,4503.400000000000
9,17.0,0.0,19.0,1.0,0,4,Nagpur,Sunil Hitech Eng,506,8.9,4503.400000000000
5,23.0,3.0,12.0,1.0,0,4,Nagpur,"Maha Transco – Maharashtra State Electricity Transmission Co, Ltd.",587,8.9,5224.3
17,23.0,2.0,15.0,1.0,0,4,Nagpur,JSW Energy Ltd.,587,8.9,5224.3
12,22.0,2.0,21.0,1.0,0,4,Nagpur,Indowind Energy,631,8.9,5615.900000000000
15,23.0,0.0,17.0,1.0,0,4,Nagpur,"Maha Transco – Maharashtra State Electricity Transmission Co, Ltd.",633,8.9,5633.7
6,19.0,1.0,15.0,1.0,0,4,Nagpur,L&T Transmission & Distribution,461,8.9,4102.900000000000
6,18.0,3.0,19.0,1.0,0,4,Nagpur,Torrent Power Ltd.,434,8.9,3862.6000000000000
5,17.0,0.0,14.0,1.0,0,4,Nagpur,Ratnagiri Gas and Power Pvt. Ltd. (RGPPL),454,8.9,4040.6000000000000
16,23.0,1.0,10.0,1.0,0,4,Nagpur,NTPC Pvt. Ltd.,454,8.9,4040.6000000000000
13,23.0,3.0,11.0,1.0,0,4,Nagpur,Neueon Towers / Sujana Towers Ltd.,476,8.9,4236.400000000000
15,23.0,3.0,5.0,1.0,0,4,Nagpur,GE T&D India Limited,583,8.9,5188.7
11,22.0,0.0,8.0,1.0,0,4,Nagpur,Jaiprakash Power,343,8.9,3052.7000000000000
19,22.0,0.0,18.0,1.0,0,4,Nagpur,Kalpataru Power,488,8.9,4343.2
20,22.0,1.0,21.0,1.0,0,4,Nagpur,Kalpataru Power,664,8.9,5909.6
19,23.0,0.0,5.0,1.0,0,4,Nagpur,NLC India,456,8.9,4058.4
19,22.0,3.0,15.0,12.0,0,4,Nagpur,Bonfiglioli Transmission Pvt. Ltd.,668,8.9,5945.2
5,21.0,0.0,22.0,1.0,0,4,Nagpur,Power Grid Corp,423,8.9,3764.7000000000000
11,22.0,2.0,17.0,1.0,0,4,Nagpur,Sunil Hitech Eng,609,8.9,5420.1
7,22.0,3.0,5.0,1.0,0,4,Nagpur,GE T&D India Limited,475,8.9,4227.5
15,22.0,2.0,4.0,1.0,0,4,Nagpur,Power Grid Corp,475,8.9,4227.5
12,22.0,3.0,11.0,1.0,0,4,Nagpur,Reliance Power,594,8.9,5286.6
8,19.0,3.0,5.0,7.0,0,4,Nagpur,Guj Ind Power,558,8.9,4966.2
19,23.0,1.0,13.0,1.0,0,4,Nagpur,NTPC Pvt. Ltd.,558,8.9,4966.2
10,22.0,3.0,13.0,1.0,0,4,Nagpur,Optibelt Power Transmission India Private Limited,558,8.9,4966.2
20,23.0,0.0,8.0,12.0,0,4,Nagpur,Kalpataru Power,492,8.9,4378.8
18,22.0,1.0,12.0,1.0,0,4,Nagpur,"Maha Transco – Maharashtra State Electricity Transmission Co, Ltd.",383,8.9,3408.7000000000000
18,22.0,2.0,15.0,1.0,0,4,Nagpur,Sunil Hitech Eng,443,8.9,3942.7000000000000
16,22.0,3.0,21.0,1.0,0,4,Nagpur,Guj Ind Power,695,8.9,6185.5
9,19.0,1.0,9.0,1.0,0,4,Nagpur,Power Grid Corp,481,8.9,4280.900000000000
8,21.0,1.0,15.0,1.0,0,4,Nagpur,Reliance Power,571,8.9,5081.900000000000
18,22.0,0.0,15.0,12.0,0,4,Nagpur,Sterlite Power Transmission Ltd,571,8.9,5081.900000000000
18,23.0,3.0,13.0,1.0,0,4,Nagpur,NHPC,607,8.9,5402.3
11,22.0,2.0,3.0,1.0,0,4,Nagpur,Unitech Power Transmission Ltd.,540,8.9,4806.0
11,23.0,1.0,13.0,1.0,0,4,Nagpur,Kalpataru Power,459,8.9,4085.1000000000000
14,22.0,2.0,9.0,1.0,0,4,Nagpur,GE T&D India Limited,439,8.9,3907.1000000000000
22,22.0,2.0,13.0,12.0,0,4,Nagpur,Tata Power Company Ltd.,601,8.9,5348.900000000000
13,23.0,3.0,18.0,1.0,0,4,Nagpur,Indowind Energy,618,8.9,5500.2
17,22.0,1.0,16.0,12.0,0,4,Nagpur,Sunil Hitech Eng,497,8.9,4423.3
15,22.0,3.0,16.0,1.0,0,4,Nagpur,Neueon Towers / Sujana Towers Ltd.,702,8.9,6247.8
5,20.0,3.0,14.0,1.0,0,4,Nagpur,Kalpataru Power,424,8.9,3773.6000000000000
21,22.0,2.0,9.0,1.0,0,4,Nagpur,L&T Transmission & Distribution,527,8.9,4690.3
15,23.0,3.0,7.0,1.0,0,4,Nagpur,Ringfeder Power Transmission India Pvt. Ltd.,413,8.9,3675.7000000000000
21,23.0,3.0,22.0,1.0,0,4,Nagpur,Tata Power Company Ltd.,680,8.9,6052.0
16,22.0,1.0,20.0,12.0,0,4,Nagpur,Reliance Energy,793,8.9,7057.700000000000
22,22.0,1.0,22.0,12.0,0,4,Nagpur,SJVN Ltd.,793,8.9,7057.700000000000
13,23.0,0.0,15.0,1.0,0,4,Nagpur,Kalpataru Power,398,8.9,3542.2000000000000
7,20.0,0.0,5.0,1.0,0,4,Nagpur,NHPC,358,8.9,3186.2000000000000
9,23.0,1.0,16.0,1.0,0,4,Nagpur,Jaiprakash Power,484,8.9,4307.6
20,22.0,1.0,7.0,1.0,0,4,Nagpur,Ringfeder Power Transmission India Pvt. Ltd.,386,8.9,3435.4
19,23.0,0.0,19.0,1.0,0,4,Nagpur,Guj Ind Power,530,8.9,4717.0
8,21.0,3.0,6.0,1.0,0,4,Nagpur,TransRail Lighting,345,8.9,3070.5
18,22.0,2.0,3.0,1.0,0,4,Nagpur,Bonfiglioli Transmission Pvt. Ltd.,345,8.9,3070.5
18,22.0,2.0,13.0,1.0,0,4,Nagpur,Tata Power Company Ltd.,493,8.9,4387.7
11,22.0,3.0,10.0,1.0,0,4,Nagpur,Jaiprakash Power,446,8.9,3969.4
18,23.0,2.0,13.0,1.0,0,4,Nagpur,NLC India,445,8.9,3960.5
16,22.0,2.0,3.0,1.0,0,4,Nagpur,Jaiprakash Power,503,8.9,4476.7
11,23.0,2.0,22.0,1.0,0,4,Nagpur,Guj Ind Power,503,8.9,4476.7
8,19.0,2.0,21.0,1.0,0,4,Nagpur,"Maha Transco – Maharashtra State Electricity Transmission Co, Ltd.",529,8.9,4708.1
17,22.0,0.0,13.0,1.0,0,4,Nagpur,Indowind Energy,529,8.9,4708.1
23,23.0,1.0,21.0,1.0,0,4,Nagpur,NLC India,610,8.9,5429.0
5,21.0,1.0,22.0,1.0,0,4,Nagpur,Reliance Power,502,8.9,4467.8
11,23.0,1.0,16.0,12.0,0,4,Nagpur,NHPC,502,8.9,4467.8
5,21.0,2.0,9.0,1.0,0,4,Nagpur,Indowind Energy,502,8.9,4467.8
10,17.0,1.0,14.0,1.0,0,4,Nagpur,CESC,467,8.9,4156.3
14,23.0,3.0,12.0,1.0,0,4,Nagpur,Sunil Hitech Eng,467,8.9,4156.3
18,23.0,1.0,21.0,1.0,0,4,Nagpur,Bonfiglioli Transmission Pvt. Ltd.,467,8.9,4156.3
16,22.0,2.0,17.0,1.0,0,4,Nagpur,Indowind Energy,460,8.9,4094.0
20,22.0,1.0,3.0,1.0,0,4,Nagpur,KEC International,460,8.9,4094.0
11,23.0,0.0,21.0,1.0,0,4,Nagpur,NHPC,465,8.9,4138.5
21,22.0,1.0,5.0,1.0,0,4,Nagpur,Reliance Energy,429,8.9,3818.1000000000000
8,21.0,0.0,11.0,1.0,0,4,Nagpur,Unitech Power Transmission Ltd.,429,8.9,3818.1000000000000
6,19.0,1.0,11.0,7.0,0,4,Nagpur,NTPC Pvt. Ltd.,416,8.9,3702.4
8,20.0,2.0,10.0,1.0,0,4,Nagpur,Jyoti Structure,416,8.9,3702.4
6,19.0,1.0,13.0,7.0,0,4,Nagpur,Torrent Power Ltd.,416,8.9,3702.4
7,23.0,3.0,13.0,7.0,0,4,Nagpur,Power Grid Corp,655,8.9,5829.5
12,23.0,1.0,20.0,1.0,0,4,Nagpur,Ringfeder Power Transmission India Pvt. Ltd.,641,8.9,5704.900000000000
20,23.0,1.0,19.0,1.0,0,4,Nagpur,Toshiba Transmission & Distribution Systems (India) Pvt. Ltd.,641,8.9,5704.900000000000
20,23.0,2.0,4.0,1.0,0,4,Nagpur,Bonfiglioli Transmission Pvt. Ltd.,590,8.9,5251.0
7,18.0,3.0,10.0,7.0,0,4,Nagpur,Unitech Power Transmission Ltd.,521,8.9,4636.900000000000
5,23.0,2.0,12.0,1.0,0,4,Nagpur,Indowind Energy,501,8.9,4458.900000000000
22,22.0,2.0,18.0,1.0,0,4,Nagpur,Guj Ind Power,660,8.9,5874.0
14,23.0,3.0,16.0,1.0,0,4,Nagpur,Toshiba Transmission & Distribution Systems (India) Pvt. Ltd.,660,8.9,5874.0
9,23.0,2.0,18.0,1.0,0,4,Nagpur,Ringfeder Power Transmission India Pvt. Ltd.,660,8.9,5874.0
9,21.0,3.0,10.0,1.0,0,4,Nagpur,Power Grid Corp,407,8.9,3622.3
5,23.0,0.0,6.0,1.0,0,4,Nagpur,Torrent Power Ltd.,485,8.9,4316.5
16,23.0,0.0,22.0,1.0,0,4,Nagpur,KEC International,485,8.9,4316.5
23,23.0,3.0,16.0,1.0,0,4,Nagpur,Reliance Power,549,8.9,4886.1
5,19.0,2.0,20.0,1.0,0,4,Nagpur,JSW Energy Ltd.,549,8.9,4886.1
19,23.0,2.0,4.0,12.0,0,4,Nagpur,NTPC Pvt. Ltd.,514,8.9,4574.6
21,22.0,0.0,21.0,12.0,0,4,Nagpur,GE T&D India Limited,642,8.9,5713.8
21,23.0,1.0,18.0,1.0,0,4,Nagpur,Reliance Energy,642,8.9,5713.8
19,22.0,3.0,17.0,1.0,0,4,Nagpur,Sterlite Power Transmission Ltd,656,8.9,5838.400000000000
23,22.0,0.0,18.0,1.0,0,4,Nagpur,Ratnagiri Gas and Power Pvt. Ltd. (RGPPL),546,8.9,4859.400000000000
5,20.0,0.0,16.0,7.0,0,4,Nagpur,CESC,370,8.9,3293.0
9,19.0,0.0,7.0,7.0,0,4,Nagpur,SJVN Ltd.,296,8.9,2634.4
15,22.0,0.0,5.0,1.0,0,4,Nagpur,Unitech Power Transmission Ltd.,462,8.9,4111.8
21,23.0,0.0,8.0,1.0,0,4,Nagpur,Jyoti Structure,462,8.9,4111.8
7,22.0,0.0,13.0,1.0,0,4,Nagpur,Sunil Hitech Eng,390,8.9,3471.0
13,23.0,2.0,9.0,1.0,0,4,Nagpur,"Maha Transco – Maharashtra State Electricity Transmission Co, Ltd.",395,8.9,3515.5
7,17.0,3.0,7.0,1.0,0,4,Nagpur,NLC India,395,8.9,3515.5
18,23.0,2.0,4.0,1.0,0,4,Nagpur,NHPC,368,8.9,3275.2000000000000
16,22.0,1.0,15.0,1.0,0,4,Nagpur,Bonfiglioli Transmission Pvt. Ltd.,576,8.9,5126.400000000000
9,22.0,1.0,6.0,1.0,0,4,Nagpur,Jyoti Structure,525,8.9,4672.5
14,23.0,1.0,11.0,1.0,0,4,Nagpur,Optibelt Power Transmission India Private Limited,525,8.9,4672.5
19,23.0,1.0,5.0,1.0,0,4,Nagpur,Kalpataru Power,531,8.9,4725.900000000000
15,23.0,3.0,16.0,1.0,0,4,Nagpur,CESC,531,8.9,4725.900000000000
18,22.0,2.0,6.0,12.0,0,4,Nagpur,Sterlite Power Transmission Ltd,557,8.9,4957.3
18,22.0,0.0,4.0,1.0,0,4,Nagpur,GE T&D India Limited,392,8.9,3488.8
13,22.0,0.0,11.0,1.0,0,4,Nagpur,CESC,354,8.9,3150.6
7,21.0,0.0,10.0,1.0,0,4,Nagpur,Unitech Power Transmission Ltd.,354,8.9,3150.6
19,23.0,1.0,15.0,1.0,0,4,Nagpur,GE T&D India Limited,643,8.9,5722.7
7,19.0,1.0,18.0,1.0,0,4,Nagpur,Kalpataru Power,315,8.9,2803.5
7,20.0,3.0,9.0,1.0,0,4,Nagpur,TransRail Lighting,471,8.9,4191.900000000000
5,22.0,0.0,10.0,1.0,0,4,Nagpur,CESC,471,8.9,4191.900000000000
5,22.0,3.0,13.0,1.0,0,4,Nagpur,Neueon Towers / Sujana Towers Ltd.,400,8.9,3560.0
12,23.0,2.0,8.0,1.0,0,4,Nagpur,SJVN Ltd.,559,8.9,4975.1
23,23.0,0.0,16.0,1.0,0,4,Nagpur,Adani Power Ltd.,414,8.9,3684.6000000000000
6,20.0,3.0,3.0,1.0,0,4,Nagpur,NLC India,450,8.9,4005.0
9,19.0,2.0,10.0,1.0,0,4,Nagpur,GE T&D India Limited,450,8.9,4005.0
9,21.0,1.0,18.0,1.0,0,4,Nagpur,Reliance Energy,418,8.9,3720.2000000000000
9,23.0,1.0,14.0,1.0,0,4,Nagpur,Ringfeder Power Transmission India Pvt. Ltd.,516,8.9,4592.400000000000
6,19.0,0.0,22.0,7.0,0,4,Nagpur,Ratnagiri Gas and Power Pvt. Ltd. (RGPPL),422,8.9,3755.8
23,22.0,2.0,14.0,1.0,0,4,Nagpur,Toshiba Transmission & Distribution Systems (India) Pvt. Ltd.,470,8.9,4183.0
14,23.0,1.0,17.0,1.0,0,4,Nagpur,NLC India,470,8.9,4183.0
7,20.0,3.0,7.0,1.0,0,4,Nagpur,Neueon Towers / Sujana Towers Ltd.,468,8.9,4165.2
9,20.0,1.0,20.0,1.0,0,4,Nagpur,SJVN Ltd.,361,8.9,3212.9
19,23.0,2.0,9.0,1.0,0,4,Nagpur,TransRail Lighting,498,8.9,4432.2
14,23.0,0.0,3.0,12.0,0,4,Nagpur,NTPC Pvt. Ltd.,606,8.9,5393.400000000000
8,19.0,1.0,19.0,1.0,0,4,Nagpur,Kalpataru Power,394,8.9,3506.6000000000000
12,23.0,0.0,7.0,1.0,0,4,Nagpur,Ringfeder Power Transmission India Pvt. Ltd.,436,8.9,3880.4
22,23.0,1.0,4.0,1.0,0,4,Nagpur,Adani Power Ltd.,421,8.9,3746.9
12,23.0,3.0,14.0,1.0,0,4,Nagpur,Sterlite Power Transmission Ltd,421,8.9,3746.9
22,23.0,0.0,10.0,1.0,0,4,Nagpur,Ratnagiri Gas and Power Pvt. Ltd. (RGPPL),496,8.9,4414.400000000000
12,23.0,1.0,16.0,1.0,0,4,Nagpur,KEC International,496,8.9,4414.400000000000
15,23.0,0.0,21.0,1.0,0,4,Nagpur,GE T&D India Limited,595,8.9,5295.5
12,22.0,0.0,5.0,12.0,0,4,Nagpur,Kalpataru Power,339,8.9,3017.1
13,23.0,0.0,13.0,1.0,0,4,Nagpur,NHPC,457,8.9,4067.3
14,22.0,0.0,9.0,1.0,0,4,Nagpur,Reliance Power,342,8.9,3043.8
16,23.0,0.0,14.0,1.0,0,4,Nagpur,Orient Green,369,8.9,3284.1
20,22.0,1.0,4.0,1.0,0,4,Nagpur,"Maha Transco – Maharashtra State Electricity Transmission Co, Ltd.",572,8.9,5090.8
6,23.0,1.0,5.0,7.0,0,4,Nagpur,Bonfiglioli Transmission Pvt. Ltd.,572,8.9,5090.8
22,22.0,3.0,12.0,1.0,0,4,Nagpur,Ringfeder Power Transmission India Pvt. Ltd.,523,8.9,4654.7
14,22.0,0.0,7.0,1.0,0,4,Nagpur,Neueon Towers / Sujana Towers Ltd.,363,8.9,3230.7000000000000
18,23.0,0.0,5.0,1.0,0,4,Nagpur,Sunil Hitech Eng,287,8.9,2554.3
19,23.0,1.0,12.0,1.0,0,4,Nagpur,CESC,438,8.9,3898.2000000000000
6,17.0,1.0,7.0,1.0,0,4,Nagpur,Adani Power Ltd.,438,8.9,3898.2000000000000
8,22.0,1.0,4.0,1.0,0,4,Nagpur,SJVN Ltd.,328,8.9,2919.2000000000000
10,19.0,0.0,9.0,1.0,0,4,Nagpur,Orient Green,273,8.9,2429.7000000000000
9,22.0,3.0,4.0,1.0,0,4,Nagpur,Sterlite Power Transmission Ltd,336,8.9,2990.4
13,22.0,0.0,22.0,12.0,0,4,Nagpur,Bonfiglioli Transmission Pvt. Ltd.,597,8.9,5313.3
13,22.0,2.0,12.0,1.0,0,4,Nagpur,Reliance Energy,597,8.9,5313.3
11,23.0,0.0,22.0,12.0,0,4,Nagpur,Torrent Power Ltd.,597,8.9,5313.3
19,23.0,2.0,10.0,12.0,0,4,Nagpur,Kalpataru Power,742,8.9,6603.8
20,23.0,3.0,4.0,1.0,0,4,Nagpur,CESC,647,8.9,5758.3
20,23.0,2.0,21.0,1.0,0,4,Nagpur,"Maha Transco – Maharashtra State Electricity Transmission Co, Ltd.",579,8.9,5153.1
6,20.0,3.0,16.0,1.0,0,4,Nagpur,NLC India,362,8.9,3221.8
18,23.0,3.0,16.0,1.0,0,4,Nagpur,Power Grid Corp,678,8.9,6034.2
20,22.0,1.0,6.0,1.0,0,4,Nagpur,Ringfeder Power Transmission India Pvt. Ltd.,329,8.9,2928.1
14,22.0,2.0,6.0,1.0,0,4,Nagpur,Jyoti Structure,329,8.9,2928.1
20,22.0,2.0,20.0,1.0,0,4,Nagpur,Jaiprakash Power,566,8.9,5037.400000000000
11,22.0,3.0,21.0,12.0,0,4,Nagpur,Reliance Power,727,8.9,6470.3
20,22.0,0.0,15.0,1.0,0,4,Nagpur,GE T&D India Limited,437,8.9,3889.3
11,23.0,0.0,12.0,1.0,0,4,Nagpur,SJVN Ltd.,437,8.9,3889.3
14,23.0,0.0,9.0,1.0,0,4,Nagpur,Sunil Hitech Eng,562,8.9,5001.8
6,21.0,2.0,12.0,1.0,0,4,Nagpur,Power Grid Corp,500,8.9,4450.0
14,23.0,0.0,20.0,1.0,0,4,Nagpur,CESC,603,8.9,5366.7
17,22.0,2.0,11.0,1.0,0,4,Nagpur,Neueon Towers / Sujana Towers Ltd.,627,8.9,5580.3
7,17.0,3.0,16.0,7.0,0,4,Nagpur,GE T&D India Limited,627,8.9,5580.3
16,22.0,3.0,21.0,1.0,0,4,Nagpur,Indowind Energy,716,8.9,6372.400000000000
23,23.0,3.0,18.0,1.0,0,4,Nagpur,NTPC Pvt. Ltd.,638,8.9,5678.2
19,22.0,3.0,7.0,1.0,0,4,Nagpur,Ratnagiri Gas and Power Pvt. Ltd. (RGPPL),384,8.9,3417.6000000000000
5,22.0,3.0,5.0,1.0,0,4,Nagpur,Sterlite Power Transmission Ltd,384,8.9,3417.6000000000000
6,23.0,0.0,11.0,1.0,0,4,Nagpur,L&T Transmission & Distribution,384,8.9,3417.6000000000000
7,22.0,3.0,20.0,1.0,0,4,Nagpur,GE T&D India Limited,495,8.9,4405.5
15,23.0,0.0,20.0,12.0,0,4,Nagpur,Orient Green,534,8.9,4752.6
12,22.0,2.0,10.0,1.0,0,4,Nagpur,KEC International,534,8.9,4752.6
23,23.0,1.0,14.0,12.0,0,4,Nagpur,Kalpataru Power,730,8.9,6497.0
16,22.0,0.0,5.0,12.0,0,4,Nagpur,Jyoti Structure,404,8.9,3595.6000000000000
8,22.0,2.0,8.0,1.0,0,4,Nagpur,JSW Energy Ltd.,402,8.9,3577.8
7,20.0,3.0,13.0,1.0,0,4,Nagpur,Reliance Energy,508,8.9,4521.2
10,22.0,1.0,14.0,7.0,0,4,Nagpur,Ringfeder Power Transmission India Pvt. Ltd.,589,8.9,5242.1
12,23.0,1.0,12.0,12.0,0,4,Nagpur,SJVN Ltd.,589,8.9,5242.1
16,23.0,2.0,22.0,12.0,0,4,Nagpur,Guj Ind Power,750,8.9,6675.0
9,18.0,0.0,11.0,1.0,0,4,Nagpur,NTPC Pvt. Ltd.,300,8.9,2670.0
21,23.0,1.0,9.0,1.0,0,4,Nagpur,Power Grid Corp,478,8.9,4254.2
13,23.0,3.0,10.0,1.0,0,4,Nagpur,NTPC Pvt. Ltd.,478,8.9,4254.2
18,23.0,0.0,16.0,1.0,0,4,Nagpur,Sterlite Power Transmission Ltd,478,8.9,4254.2
7,23.0,1.0,4.0,7.0,0,4,Nagpur,GE T&D India Limited,478,8.9,4254.2
21,23.0,1.0,10.0,1.0,0,4,Nagpur,NTPC Pvt. Ltd.,427,8.9,3800.3
10,17.0,0.0,6.0,1.0,0,4,Nagpur,Optibelt Power Transmission India Private Limited,387,8.9,3444.3
13,22.0,2.0,6.0,1.0,0,4,Nagpur,Guj Ind Power,387,8.9,3444.3
19,23.0,2.0,3.0,1.0,0,4,Nagpur,JSW Energy Ltd.,477,8.9,4245.3
14,22.0,3.0,13.0,1.0,0,4,Nagpur,"Maha Transco – Maharashtra State Electricity Transmission Co, Ltd.",537,8.9,4779.3
22,22.0,3.0,16.0,1.0,0,4,Nagpur,CESC,537,8.9,4779.3
9,22.0,3.0,21.0,1.0,0,4,Nagpur,Reliance Power,537,8.9,4779.3
11,22.0,0.0,20.0,1.0,0,4,Nagpur,Bonfiglioli Transmission Pvt. Ltd.,452,8.9,4022.8
11,23.0,2.0,12.0,1.0,0,4,Nagpur,Unitech Power Transmission Ltd.,452,8.9,4022.8
14,23.0,3.0,3.0,1.0,0,4,Nagpur,NTPC Pvt. Ltd.,347,8.9,3088.3
11,22.0,3.0,7.0,1.0,0,4,Nagpur,Jaiprakash Power,347,8.9,3088.3
22,22.0,2.0,8.0,1.0,0,4,Nagpur,GE T&D India Limited,604,8.9,5375.6
18,23.0,3.0,7.0,12.0,0,4,Nagpur,Power Grid Corp,761,8.9,6772.900000000000
16,23.0,2.0,14.0,1.0,0,4,Nagpur,Sterlite Power Transmission Ltd,670,8.9,5963.0
22,22.0,2.0,15.0,12.0,0,4,Nagpur,Sterlite Power Transmission Ltd,818,8.9,7280.200000000000
20,23.0,0.0,16.0,12.0,0,4,Nagpur,Power Grid Corp,703,8.9,6256.7
21,22.0,3.0,20.0,1.0,0,4,Nagpur,Toshiba Transmission & Distribution Systems (India) Pvt. Ltd.,669,8.9,5954.1
23,22.0,2.0,5.0,1.0,0,4,Nagpur,L&T Transmission & Distribution,391,8.9,3479.9
7,18.0,0.0,4.0,1.0,0,4,Nagpur,Neueon Towers / Sujana Towers Ltd.,391,8.9,3479.9
13,22.0,1.0,6.0,1.0,0,4,Nagpur,Guj Ind Power,297,8.9,2643.3
10,23.0,0.0,3.0,1.0,0,4,Nagpur,GE T&D India Limited,334,8.9,2972.6
5,17.0,0.0,7.0,1.0,0,4,Nagpur,Reliance Energy,221,8.9,1966.9
7,20.0,0.0,8.0,1.0,0,4,Nagpur,Reliance Power,278,8.9,2474.2000000000000
7,18.0,2.0,12.0,1.0,0,4,Nagpur,Torrent Power Ltd.,278,8.9,2474.2000000000000
19,22.0,0.0,17.0,1.0,0,4,Nagpur,Sunil Hitech Eng,490,8.9,4361.0
6,19.0,0.0,15.0,1.0,0,4,Nagpur,CESC,298,8.9,2652.2000000000000
17,22.0,3.0,13.0,1.0,0,4,Nagpur,Jyoti Structure,569,8.9,5064.1
19,22.0,3.0,22.0,12.0,0,4,Nagpur,Power Grid Corp,797,8.9,7093.3
9,19.0,0.0,22.0,1.0,0,4,Nagpur,CESC,378,8.9,3364.2000000000000
22,22.0,2.0,12.0,12.0,0,4,Nagpur,Neueon Towers / Sujana Towers Ltd.,756,8.9,6728.400000000000
18,23.0,3.0,11.0,1.0,0,4,Nagpur,Optibelt Power Transmission India Private Limited,690,8.9,6141.0
16,23.0,3.0,10.0,12.0,0,4,Nagpur,Optibelt Power Transmission India Private Limited,690,8.9,6141.0
18,22.0,0.0,3.0,1.0,0,4,Nagpur,Guj Ind Power,256,8.9,2278.4
5,21.0,0.0,8.0,1.0,0,4,Nagpur,Guj Ind Power,290,8.9,2581.0
5,17.0,3.0,9.0,1.0,0,4,Nagpur,Unitech Power Transmission Ltd.,290,8.9,2581.0
21,23.0,0.0,12.0,1.0,0,4,Nagpur,"Maha Transco – Maharashtra State Electricity Transmission Co, Ltd.",619,8.9,5509.1
18,23.0,0.0,10.0,12.0,0,4,Nagpur,L&T Transmission & Distribution,682,8.9,6069.8
6,18.0,0.0,3.0,1.0,0,4,Nagpur,Jaiprakash Power,356,8.9,3168.4
13,22.0,3.0,3.0,1.0,0,4,Nagpur,Ringfeder Power Transmission India Pvt. Ltd.,356,8.9,3168.4
18,23.0,2.0,19.0,1.0,0,4,Nagpur,Guj Ind Power,693,8.9,6167.7
16,22.0,3.0,15.0,1.0,0,4,Nagpur,L&T Transmission & Distribution,693,8.9,6167.7
13,23.0,2.0,22.0,1.0,0,4,Nagpur,Ratnagiri Gas and Power Pvt. Ltd. (RGPPL),659,8.9,5865.1
13,22.0,3.0,3.0,1.0,0,4,Nagpur,NTPC Pvt. Ltd.,412,8.9,3666.8
11,23.0,2.0,21.0,1.0,0,4,Nagpur,Kalpataru Power,602,8.9,5357.8
11,23.0,1.0,21.0,1.0,0,4,Nagpur,KEC International,602,8.9,5357.8
13,22.0,1.0,11.0,1.0,0,4,Nagpur,NLC India,403,8.9,3586.7000000000000
19,22.0,1.0,21.0,12.0,0,4,Nagpur,KEC International,759,8.9,6755.1
10,19.0,0.0,16.0,1.0,0,4,Nagpur,NTPC Pvt. Ltd.,283,8.9,2518.7000000000000
17,23.0,1.0,17.0,1.0,0,4,Nagpur,"Maha Transco – Maharashtra State Electricity Transmission Co, Ltd.",675,8.9,6007.5
23,22.0,2.0,19.0,1.0,0,4,Nagpur,CESC,745,8.9,6630.5
23,23.0,2.0,14.0,12.0,0,4,Nagpur,Neueon Towers / Sujana Towers Ltd.,785,8.9,6986.5
23,23.0,2.0,17.0,12.0,0,4,Nagpur,Power Grid Corp,844,8.9,7511.6
22,23.0,2.0,22.0,1.0,0,4,Nagpur,"Maha Transco – Maharashtra State Electricity Transmission Co, Ltd.",777,8.9,6915.3
13,23.0,3.0,22.0,12.0,0,4,Nagpur,SJVN Ltd.,766,8.9,6817.400000000000
6,19.0,2.0,19.0,1.0,0,4,Nagpur,Jyoti Structure,408,8.9,3631.2000000000000
21,22.0,3.0,22.0,1.0,0,4,Nagpur,Kalpataru Power,679,8.9,6043.1
17,22.0,0.0,7.0,12.0,0,4,Nagpur,Tata Power Company Ltd.,535,8.9,4761.5
13,22.0,3.0,22.0,1.0,0,4,Nagpur,Power Grid Corp,626,8.9,5571.400000000000
11,23.0,3.0,7.0,12.0,0,4,Nagpur,Reliance Energy,723,8.9,6434.7
5,18.0,2.0,18.0,1.0,0,4,Mumbai,Neueon Towers / Sujana Towers Ltd.,474,9.2,4360.800000000000
15,23.0,2.0,10.0,1.0,0,4,Mumbai,Ringfeder Power Transmission India Pvt. Ltd.,418,9.2,3845.6
20,22.0,2.0,16.0,1.0,0,4,Mumbai,Neueon Towers / Sujana Towers Ltd.,638,9.2,5869.600000000000
16,22.0,1.0,20.0,1.0,0,4,Mumbai,Sterlite Power Transmission Ltd,638,9.2,5869.600000000000
18,23.0,2.0,15.0,1.0,0,4,Mumbai,NTPC Pvt. Ltd.,594,9.2,5464.800000000000
12,23.0,1.0,10.0,12.0,0,4,Mumbai,NTPC Pvt. Ltd.,660,9.2,6072.000000000000
9,22.0,0.0,4.0,7.0,0,4,Mumbai,Adani Power Ltd.,513,9.2,4719.600000000000
11,23.0,0.0,17.0,1.0,0,4,Mumbai,Sunil Hitech Eng,361,9.2,3321.2
8,23.0,1.0,4.0,1.0,0,4,Mumbai,Sterlite Power Transmission Ltd,380,9.2,3496.0000000000000
13,23.0,0.0,21.0,1.0,0,4,Mumbai,Indowind Energy,532,9.2,4894.4
13,23.0,2.0,3.0,1.0,0,4,Mumbai,Unitech Power Transmission Ltd.,567,9.2,5216.4
18,22.0,3.0,14.0,1.0,0,4,Mumbai,KEC International,581,9.2,5345.2
11,23.0,1.0,3.0,1.0,0,4,Mumbai,L&T Transmission & Distribution,336,9.2,3091.2
22,23.0,3.0,19.0,1.0,0,4,Mumbai,Sunil Hitech Eng,777,9.2,7148.4
8,23.0,2.0,18.0,1.0,0,4,Mumbai,Reliance Power,441,9.2,4057.2
14,23.0,2.0,12.0,1.0,0,4,Mumbai,CESC,462,9.2,4250.4
14,23.0,3.0,5.0,1.0,0,4,Mumbai,Adani Power Ltd.,435,9.2,4002.0000000000000
6,20.0,1.0,8.0,1.0,0,4,Mumbai,Reliance Energy,488,9.2,4489.600000000000
18,22.0,0.0,10.0,12.0,0,4,Mumbai,JSW Energy Ltd.,614,9.2,5648.800000000000
17,22.0,3.0,17.0,1.0,0,4,Mumbai,Adani Power Ltd.,614,9.2,5648.800000000000
7,20.0,1.0,15.0,7.0,0,4,Mumbai,Toshiba Transmission & Distribution Systems (India) Pvt. Ltd.,481,9.2,4425.2
13,22.0,0.0,17.0,12.0,0,4,Mumbai,Bonfiglioli Transmission Pvt. Ltd.,481,9.2,4425.2
15,22.0,1.0,14.0,1.0,0,4,Mumbai,NTPC Pvt. Ltd.,571,9.2,5253.2
14,22.0,3.0,4.0,1.0,0,4,Mumbai,Ratnagiri Gas and Power Pvt. Ltd. (RGPPL),453,9.2,4167.600000000000
9,20.0,0.0,7.0,1.0,0,4,Mumbai,Optibelt Power Transmission India Private Limited,453,9.2,4167.600000000000
5,22.0,2.0,17.0,1.0,0,4,Mumbai,Neueon Towers / Sujana Towers Ltd.,453,9.2,4167.600000000000
19,22.0,3.0,8.0,12.0,0,4,Mumbai,Optibelt Power Transmission India Private Limited,641,9.2,5897.2
16,23.0,2.0,8.0,12.0,0,4,Mumbai,L&T Transmission & Distribution,557,9.2,5124.4
19,23.0,1.0,13.0,1.0,0,4,Mumbai,GE T&D India Limited,556,9.2,5115.2
20,23.0,3.0,17.0,1.0,0,4,Mumbai,Jaiprakash Power,680,9.2,6256.000000000000
16,22.0,3.0,17.0,1.0,0,4,Mumbai,Sunil Hitech Eng,680,9.2,6256.000000000000
18,23.0,3.0,22.0,1.0,0,4,Mumbai,"Maha Transco – Maharashtra State Electricity Transmission Co, Ltd.",610,9.2,5612.0
20,23.0,0.0,22.0,1.0,0,4,Mumbai,Sterlite Power Transmission Ltd,461,9.2,4241.2
9,17.0,3.0,13.0,1.0,0,4,Mumbai,Jyoti Structure,461,9.2,4241.2
15,23.0,3.0,12.0,1.0,0,4,Mumbai,Jyoti Structure,461,9.2,4241.2
20,22.0,3.0,9.0,1.0,0,4,Mumbai,Torrent Power Ltd.,433,9.2,3983.6
9,23.0,1.0,11.0,1.0,0,4,Mumbai,Unitech Power Transmission Ltd.,432,9.2,3974.4000000000000
18,22.0,1.0,19.0,1.0,0,4,Mumbai,L&T Transmission & Distribution,636,9.2,5851.2
20,23.0,1.0,11.0,1.0,0,4,Mumbai,NLC India,527,9.2,4848.4
10,23.0,1.0,13.0,1.0,0,4,Mumbai,SJVN Ltd.,381,9.2,3505.2
8,22.0,3.0,21.0,7.0,0,4,Mumbai,SJVN Ltd.,575,9.2,5290.0
19,23.0,0.0,7.0,1.0,0,4,Mumbai,Power Grid Corp,444,9.2,4084.8000000000000
13,22.0,3.0,18.0,1.0,0,4,Mumbai,Torrent Power Ltd.,549,9.2,5050.800000000000
19,23.0,2.0,6.0,1.0,0,4,Mumbai,Toshiba Transmission & Distribution Systems (India) Pvt. Ltd.,490,9.2,4508.0
12,23.0,0.0,5.0,12.0,0,4,Mumbai,TransRail Lighting,490,9.2,4508.0
10,19.0,3.0,19.0,1.0,0,4,Mumbai,Bonfiglioli Transmission Pvt. Ltd.,490,9.2,4508.0
15,22.0,0.0,16.0,1.0,0,4,Mumbai,NHPC,520,9.2,4784.0
15,23.0,1.0,19.0,12.0,0,4,Mumbai,Sunil Hitech Eng,721,9.2,6633.2
15,22.0,3.0,9.0,1.0,0,4,Mumbai,Jaiprakash Power,394,9.2,3624.8000000000000
15,22.0,0.0,21.0,1.0,0,4,Mumbai,Kalpataru Power,507,9.2,4664.4
16,23.0,0.0,18.0,1.0,0,4,Mumbai,Optibelt Power Transmission India Private Limited,413,9.2,3799.6
21,23.0,0.0,11.0,1.0,0,4,Mumbai,SJVN Ltd.,413,9.2,3799.6
21,22.0,0.0,22.0,1.0,0,4,Mumbai,Sunil Hitech Eng,471,9.2,4333.2
15,23.0,0.0,9.0,1.0,0,4,Mumbai,Power Grid Corp,443,9.2,4075.6
15,23.0,2.0,19.0,1.0,0,4,Mumbai,TransRail Lighting,577,9.2,5308.4
19,23.0,0.0,13.0,1.0,0,4,Mumbai,NLC India,456,9.2,4195.2
19,23.0,1.0,10.0,1.0,0,4,Mumbai,Guj Ind Power,609,9.2,5602.800000000000
13,23.0,1.0,19.0,1.0,0,4,Mumbai,Reliance Power,632,9.2,5814.4
22,23.0,2.0,20.0,1.0,0,4,Mumbai,Ringfeder Power Transmission India Pvt. Ltd.,654,9.2,6016.800000000000
15,22.0,2.0,7.0,12.0,0,4,Mumbai,Orient Green,654,9.2,6016.800000000000
13,22.0,2.0,4.0,1.0,0,4,Mumbai,Bonfiglioli Transmission Pvt. Ltd.,546,9.2,5023.2
9,21.0,3.0,5.0,1.0,0,4,Mumbai,Neueon Towers / Sujana Towers Ltd.,384,9.2,3532.8000000000000
19,23.0,0.0,6.0,1.0,0,4,Mumbai,NHPC,408,9.2,3753.6
14,23.0,2.0,5.0,1.0,0,4,Mumbai,CESC,458,9.2,4213.600000000000
13,22.0,3.0,11.0,1.0,0,4,Mumbai,Optibelt Power Transmission India Private Limited,600,9.2,5520.0
19,22.0,2.0,22.0,1.0,0,4,Mumbai,Power Grid Corp,712,9.2,6550.4
11,23.0,0.0,5.0,12.0,0,4,Mumbai,Bonfiglioli Transmission Pvt. Ltd.,598,9.2,5501.600000000000
22,22.0,2.0,20.0,1.0,0,4,Mumbai,JSW Energy Ltd.,504,9.2,4636.800000000000
7,19.0,3.0,8.0,1.0,0,4,Mumbai,Jaiprakash Power,504,9.2,4636.800000000000
9,19.0,3.0,15.0,1.0,0,4,Mumbai,"Maha Transco – Maharashtra State Electricity Transmission Co, Ltd.",375,9.2,3450.0000000000000
22,23.0,2.0,19.0,1.0,0,4,Mumbai,CESC,744,9.2,6844.800000000000
16,23.0,3.0,22.0,1.0,0,4,Mumbai,Jaiprakash Power,572,9.2,5262.4
5,22.0,3.0,18.0,1.0,0,4,Mumbai,Torrent Power Ltd.,524,9.2,4820.800000000000
5,22.0,1.0,4.0,1.0,0,4,Mumbai,Torrent Power Ltd.,390,9.2,3588.0000000000000
10,19.0,0.0,18.0,1.0,0,4,Mumbai,JSW Energy Ltd.,501,9.2,4609.2
7,20.0,3.0,8.0,1.0,0,4,Mumbai,Neueon Towers / Sujana Towers Ltd.,521,9.2,4793.2
14,23.0,0.0,8.0,1.0,0,4,Mumbai,CESC,326,9.2,2999.2
9,23.0,1.0,17.0,1.0,0,4,Mumbai,Jaiprakash Power,640,9.2,5888.0
16,23.0,1.0,13.0,1.0,0,4,Mumbai,Guj Ind Power,529,9.2,4866.800000000000
20,23.0,0.0,12.0,1.0,0,4,Mumbai,L&T Transmission & Distribution,492,9.2,4526.4
21,23.0,0.0,10.0,1.0,0,4,Mumbai,Reliance Power,354,9.2,3256.8000000000000
16,23.0,2.0,16.0,1.0,0,4,Mumbai,Optibelt Power Transmission India Private Limited,470,9.2,4324.0
23,23.0,0.0,17.0,1.0,0,4,Mumbai,NTPC Pvt. Ltd.,570,9.2,5244.0
17,23.0,1.0,9.0,1.0,0,4,Mumbai,Ratnagiri Gas and Power Pvt. Ltd. (RGPPL),570,9.2,5244.0
23,23.0,3.0,10.0,12.0,0,4,Mumbai,GE T&D India Limited,620,9.2,5704.0
12,22.0,1.0,12.0,12.0,0,4,Mumbai,Ringfeder Power Transmission India Pvt. Ltd.,578,9.2,5317.600000000000
16,23.0,0.0,16.0,1.0,0,4,Mumbai,Orient Green,578,9.2,5317.600000000000
12,22.0,1.0,18.0,1.0,0,4,Mumbai,CESC,482,9.2,4434.4
16,23.0,0.0,3.0,1.0,0,4,Mumbai,Ringfeder Power Transmission India Pvt. Ltd.,482,9.2,4434.4
21,23.0,3.0,5.0,1.0,0,4,Mumbai,Tata Power Company Ltd.,404,9.2,3716.8000000000000
13,22.0,0.0,19.0,1.0,0,4,Mumbai,CESC,404,9.2,3716.8000000000000
21,22.0,3.0,8.0,1.0,0,4,Mumbai,TransRail Lighting,479,9.2,4406.800000000000
10,23.0,3.0,6.0,1.0,0,4,Mumbai,Power Grid Corp,538,9.2,4949.600000000000
5,22.0,3.0,11.0,1.0,0,4,Mumbai,Power Grid Corp,538,9.2,4949.600000000000
19,23.0,2.0,14.0,12.0,0,4,Mumbai,JSW Energy Ltd.,538,9.2,4949.600000000000
7,21.0,2.0,21.0,1.0,0,4,Mumbai,JSW Energy Ltd.,402,9.2,3698.4000000000000
23,22.0,2.0,20.0,1.0,0,4,Mumbai,Guj Ind Power,667,9.2,6136.4
18,23.0,0.0,18.0,1.0,0,4,Mumbai,Guj Ind Power,596,9.2,5483.2
6,23.0,1.0,20.0,7.0,0,4,Mumbai,NTPC Pvt. Ltd.,573,9.2,5271.600000000000
15,22.0,3.0,19.0,1.0,0,4,Mumbai,Bonfiglioli Transmission Pvt. Ltd.,662,9.2,6090.4
9,22.0,1.0,20.0,7.0,0,4,Mumbai,Sterlite Power Transmission Ltd,692,9.2,6366.4
13,22.0,3.0,18.0,1.0,0,4,Mumbai,Jyoti Structure,717,9.2,6596.4
14,23.0,2.0,22.0,1.0,0,4,Mumbai,Adani Power Ltd.,663,9.2,6099.600000000000
15,22.0,3.0,11.0,1.0,0,4,Mumbai,Optibelt Power Transmission India Private Limited,505,9.2,4646.0
19,22.0,3.0,6.0,1.0,0,4,Mumbai,Adani Power Ltd.,635,9.2,5842.0
21,22.0,1.0,17.0,1.0,0,4,Mumbai,Orient Green,674,9.2,6200.800000000000
8,19.0,0.0,10.0,1.0,0,4,Mumbai,Sterlite Power Transmission Ltd,373,9.2,3431.6
6,23.0,1.0,18.0,1.0,0,4,Mumbai,Optibelt Power Transmission India Private Limited,363,9.2,3339.6
7,19.0,2.0,15.0,1.0,0,4,Mumbai,"Maha Transco – Maharashtra State Electricity Transmission Co, Ltd.",445,9.2,4094.0000000000000
17,23.0,1.0,10.0,1.0,0,4,Mumbai,Kalpataru Power,372,9.2,3422.4000000000000
11,22.0,1.0,19.0,1.0,0,4,Mumbai,Reliance Power,651,9.2,5989.2
15,22.0,1.0,3.0,1.0,0,4,Mumbai,NHPC,510,9.2,4692.0
17,23.0,3.0,15.0,1.0,0,4,Mumbai,Kalpataru Power,510,9.2,4692.0
20,23.0,1.0,17.0,1.0,0,4,Mumbai,Unitech Power Transmission Ltd.,574,9.2,5280.800000000000
22,22.0,3.0,22.0,1.0,0,4,Mumbai,Sterlite Power Transmission Ltd,615,9.2,5658.0
20,23.0,3.0,10.0,12.0,0,4,Mumbai,NLC India,615,9.2,5658.0
9,20.0,2.0,20.0,1.0,0,4,Mumbai,Toshiba Transmission & Distribution Systems (India) Pvt. Ltd.,637,9.2,5860.4
6,22.0,1.0,15.0,7.0,0,4,Mumbai,Reliance Power,455,9.2,4186.0
14,23.0,1.0,6.0,1.0,0,4,Mumbai,Neueon Towers / Sujana Towers Ltd.,316,9.2,2907.2
9,17.0,2.0,7.0,1.0,0,4,Mumbai,Adani Power Ltd.,316,9.2,2907.2
19,23.0,2.0,17.0,1.0,0,4,Mumbai,Ratnagiri Gas and Power Pvt. Ltd. (RGPPL),551,9.2,5069.2
20,22.0,0.0,6.0,1.0,0,4,Mumbai,Unitech Power Transmission Ltd.,551,9.2,5069.2
5,17.0,1.0,8.0,1.0,0,4,Mumbai,Tata Power Company Ltd.,261,9.2,2401.2
11,22.0,3.0,8.0,1.0,0,4,Mumbai,"Maha Transco – Maharashtra State Electricity Transmission Co, Ltd.",348,9.2,3201.6
19,22.0,2.0,21.0,1.0,0,4,Mumbai,Reliance Energy,516,9.2,4747.2
11,23.0,0.0,19.0,1.0,0,4,Mumbai,Reliance Energy,516,9.2,4747.2
7,22.0,3.0,8.0,1.0,0,4,Mumbai,"Maha Transco – Maharashtra State Electricity Transmission Co, Ltd.",500,9.2,4600.0
7,18.0,1.0,17.0,1.0,0,4,Mumbai,Tata Power Company Ltd.,460,9.2,4232.0
16,22.0,1.0,9.0,1.0,0,4,Mumbai,Indowind Energy,401,9.2,3689.2
9,18.0,2.0,9.0,1.0,0,4,Mumbai,Power Grid Corp,439,9.2,4038.8000000000000
7,18.0,3.0,9.0,7.0,0,4,Mumbai,NTPC Pvt. Ltd.,480,9.2,4416.0
22,22.0,2.0,22.0,1.0,0,4,Mumbai,CESC,568,9.2,5225.600000000000
8,18.0,3.0,9.0,1.0,0,4,Mumbai,Ratnagiri Gas and Power Pvt. Ltd. (RGPPL),370,9.2,3404.0000000000000
6,17.0,3.0,9.0,7.0,0,4,Mumbai,Guj Ind Power,383,9.2,3523.6
23,22.0,1.0,5.0,12.0,0,4,Mumbai,GE T&D India Limited,468,9.2,4305.600000000000
21,23.0,2.0,3.0,1.0,0,4,Mumbai,Toshiba Transmission & Distribution Systems (India) Pvt. Ltd.,382,9.2,3514.4000000000000
15,22.0,0.0,11.0,1.0,0,4,Mumbai,Ringfeder Power Transmission India Pvt. Ltd.,499,9.2,4590.800000000000
19,23.0,1.0,22.0,1.0,0,4,Mumbai,CESC,502,9.2,4618.4
10,19.0,3.0,15.0,1.0,0,4,Mumbai,Torrent Power Ltd.,508,9.2,4673.600000000000
17,23.0,3.0,7.0,1.0,0,4,Mumbai,NTPC Pvt. Ltd.,587,9.2,5400.4
20,23.0,2.0,7.0,12.0,0,4,Mumbai,Indowind Energy,587,9.2,5400.4
5,22.0,2.0,13.0,1.0,0,4,Mumbai,Tata Power Company Ltd.,587,9.2,5400.4
6,18.0,1.0,21.0,1.0,0,4,Mumbai,JSW Energy Ltd.,449,9.2,4130.800000000000
8,22.0,3.0,12.0,1.0,0,4,Mumbai,Orient Green,580,9.2,5336.0
17,23.0,3.0,14.0,1.0,0,4,Mumbai,Sterlite Power Transmission Ltd,506,9.2,4655.2
21,23.0,1.0,15.0,1.0,0,4,Mumbai,NHPC,623,9.2,5731.600000000000
14,22.0,0.0,15.0,1.0,0,4,Mumbai,Torrent Power Ltd.,489,9.2,4498.800000000000
8,18.0,1.0,19.0,7.0,0,4,Mumbai,Reliance Energy,403,9.2,3707.6
9,19.0,3.0,8.0,1.0,0,4,Mumbai,Reliance Power,410,9.2,3772.0000000000000
23,23.0,0.0,9.0,1.0,0,4,Mumbai,"Maha Transco – Maharashtra State Electricity Transmission Co, Ltd.",412,9.2,3790.4000000000000
6,20.0,3.0,4.0,1.0,0,4,Mumbai,Guj Ind Power,497,9.2,4572.4
21,23.0,2.0,8.0,1.0,0,4,Mumbai,JSW Energy Ltd.,497,9.2,4572.4
7,23.0,1.0,13.0,1.0,0,4,Mumbai,Toshiba Transmission & Distribution Systems (India) Pvt. Ltd.,552,9.2,5078.4
13,23.0,1.0,16.0,1.0,0,4,Mumbai,Torrent Power Ltd.,562,9.2,5170.4
21,23.0,0.0,9.0,12.0,0,4,Mumbai,KEC International,647,9.2,5952.4
17,23.0,1.0,15.0,12.0,0,4,Mumbai,Jaiprakash Power,647,9.2,5952.4
10,19.0,3.0,13.0,1.0,0,4,Mumbai,Toshiba Transmission & Distribution Systems (India) Pvt. Ltd.,548,9.2,5041.600000000000
21,23.0,1.0,14.0,1.0,0,4,Mumbai,KEC International,613,9.2,5639.600000000000
12,23.0,2.0,18.0,1.0,0,4,Mumbai,Optibelt Power Transmission India Private Limited,608,9.2,5593.600000000000
12,23.0,3.0,7.0,1.0,0,4,Mumbai,Sunil Hitech Eng,496,9.2,4563.2
8,22.0,1.0,9.0,1.0,0,4,Mumbai,Neueon Towers / Sujana Towers Ltd.,423,9.2,3891.6
13,23.0,1.0,19.0,1.0,0,4,Mumbai,Neueon Towers / Sujana Towers Ltd.,617,9.2,5676.4
12,23.0,2.0,10.0,1.0,0,4,Mumbai,Ringfeder Power Transmission India Pvt. Ltd.,374,9.2,3440.8000000000000
7,22.0,3.0,21.0,1.0,0,4,Mumbai,Optibelt Power Transmission India Private Limited,627,9.2,5768.4
12,23.0,3.0,15.0,1.0,0,4,Mumbai,Sterlite Power Transmission Ltd,625,9.2,5750.0
5,21.0,3.0,17.0,1.0,0,4,Mumbai,Neueon Towers / Sujana Towers Ltd.,625,9.2,5750.0
9,18.0,0.0,10.0,1.0,0,4,Mumbai,Unitech Power Transmission Ltd.,397,9.2,3652.4000000000000
12,23.0,1.0,4.0,12.0,0,4,Mumbai,JSW Energy Ltd.,397,9.2,3652.4000000000000
5,22.0,1.0,11.0,1.0,0,4,Mumbai,Jyoti Structure,518,9.2,4765.600000000000
18,23.0,0.0,9.0,1.0,0,4,Mumbai,NHPC,593,9.2,5455.600000000000
12,23.0,3.0,3.0,1.0,0,4,Mumbai,L&T Transmission & Distribution,593,9.2,5455.600000000000
6,18.0,0.0,22.0,1.0,0,4,Mumbai,Jaiprakash Power,463,9.2,4259.600000000000
14,23.0,1.0,8.0,1.0,0,4,Mumbai,Sunil Hitech Eng,463,9.2,4259.600000000000
18,23.0,1.0,4.0,1.0,0,4,Mumbai,Power Grid Corp,350,9.2,3220.0000000000000
16,22.0,2.0,19.0,1.0,0,4,Mumbai,Guj Ind Power,624,9.2,5740.800000000000
13,22.0,2.0,19.0,1.0,0,4,Mumbai,JSW Energy Ltd.,487,9.2,4480.4
14,22.0,0.0,13.0,1.0,0,4,Mumbai,NHPC,487,9.2,4480.4
12,22.0,2.0,22.0,12.0,0,4,Mumbai,Tata Power Company Ltd.,706,9.2,6495.2
22,22.0,2.0,4.0,1.0,0,4,Mumbai,Adani Power Ltd.,379,9.2,3486.8000000000000
18,23.0,3.0,16.0,1.0,0,4,Mumbai,"Maha Transco – Maharashtra State Electricity Transmission Co, Ltd.",545,9.2,5014.0
6,22.0,3.0,10.0,1.0,0,4,Mumbai,Reliance Energy,503,9.2,4627.600000000000
8,23.0,2.0,14.0,1.0,0,4,Mumbai,Ringfeder Power Transmission India Pvt. Ltd.,565,9.2,5198.0
14,23.0,1.0,22.0,1.0,0,4,Mumbai,KEC International,565,9.2,5198.0
5,23.0,3.0,21.0,1.0,0,4,Mumbai,NHPC,537,9.2,4940.4
16,23.0,1.0,7.0,1.0,0,4,Mumbai,TransRail Lighting,560,9.2,5152.0
10,22.0,2.0,8.0,7.0,0,4,Mumbai,Tata Power Company Ltd.,606,9.2,5575.2
19,22.0,0.0,20.0,1.0,0,4,Mumbai,Jyoti Structure,467,9.2,4296.4
5,21.0,0.0,20.0,1.0,0,4,Mumbai,Ringfeder Power Transmission India Pvt. Ltd.,467,9.2,4296.4
12,22.0,1.0,8.0,1.0,0,4,Mumbai,Power Grid Corp,302,9.2,2778.4000000000000
9,23.0,0.0,7.0,1.0,0,4,Mumbai,Guj Ind Power,284,9.2,2612.8000000000000
7,22.0,1.0,4.0,1.0,0,4,Mumbai,Tata Power Company Ltd.,459,9.2,4222.800000000000
7,22.0,3.0,15.0,1.0,0,4,Mumbai,NHPC,459,9.2,4222.800000000000
9,20.0,1.0,5.0,1.0,0,4,Mumbai,JSW Energy Ltd.,309,9.2,2842.8000000000000
11,23.0,0.0,11.0,1.0,0,4,Mumbai,Sterlite Power Transmission Ltd,430,9.2,3956.0000000000000
21,22.0,3.0,4.0,1.0,0,4,Mumbai,Power Grid Corp,559,9.2,5142.800000000000
21,23.0,1.0,19.0,1.0,0,4,Mumbai,Tata Power Company Ltd.,559,9.2,5142.800000000000
7,17.0,3.0,3.0,7.0,0,4,Mumbai,Ringfeder Power Transmission India Pvt. Ltd.,254,9.2,2336.8000000000000
13,22.0,1.0,9.0,12.0,0,4,Mumbai,SJVN Ltd.,446,9.2,4103.2
18,23.0,3.0,6.0,1.0,0,4,Mumbai,Optibelt Power Transmission India Private Limited,446,9.2,4103.2
8,20.0,0.0,19.0,1.0,0,4,Mumbai,L&T Transmission & Distribution,446,9.2,4103.2
19,22.0,2.0,15.0,1.0,0,4,Mumbai,Guj Ind Power,531,9.2,4885.2
9,23.0,0.0,17.0,1.0,0,4,Mumbai,Indowind Energy,531,9.2,4885.2
22,23.0,1.0,17.0,1.0,0,4,Mumbai,Power Grid Corp,611,9.2,5621.2
10,23.0,3.0,16.0,1.0,0,4,Mumbai,Bonfiglioli Transmission Pvt. Ltd.,611,9.2,5621.2
10,19.0,3.0,14.0,1.0,0,4,Mumbai,L&T Transmission & Distribution,362,9.2,3330.4000000000000
8,23.0,2.0,21.0,7.0,0,4,Mumbai,Sterlite Power Transmission Ltd,752,9.2,6918.4
17,23.0,3.0,21.0,12.0,0,4,Mumbai,Guj Ind Power,825,9.2,7590.000000000000
11,22.0,2.0,12.0,1.0,0,4,Mumbai,Reliance Energy,592,9.2,5446.4
10,22.0,2.0,9.0,1.0,0,4,Mumbai,Sterlite Power Transmission Ltd,367,9.2,3376.4000000000000
7,17.0,1.0,11.0,1.0,0,4,Mumbai,Sunil Hitech Eng,258,9.2,2373.6
5,19.0,0.0,3.0,7.0,0,4,Mumbai,Ratnagiri Gas and Power Pvt. Ltd. (RGPPL),224,9.2,2060.8000000000000
8,17.0,3.0,4.0,1.0,0,4,Mumbai,Tata Power Company Ltd.,227,9.2,2088.4000000000000
7,17.0,2.0,18.0,1.0,0,4,Mumbai,Sunil Hitech Eng,328,9.2,3017.6
12,23.0,0.0,20.0,12.0,0,4,Mumbai,Ringfeder Power Transmission India Pvt. Ltd.,701,9.2,6449.2
17,23.0,2.0,11.0,1.0,0,4,Mumbai,Bonfiglioli Transmission Pvt. Ltd.,494,9.2,4544.800000000000
8,21.0,3.0,11.0,1.0,0,4,Mumbai,Neueon Towers / Sujana Towers Ltd.,494,9.2,4544.800000000000
14,23.0,2.0,20.0,1.0,0,4,Mumbai,Unitech Power Transmission Ltd.,622,9.2,5722.4
9,18.0,1.0,3.0,1.0,0,4,Mumbai,Optibelt Power Transmission India Private Limited,192,9.2,1766.4000000000000
20,22.0,2.0,17.0,1.0,0,4,Mumbai,Ringfeder Power Transmission India Pvt. Ltd.,716,9.2,6587.2
12,23.0,2.0,16.0,1.0,0,4,Mumbai,Neueon Towers / Sujana Towers Ltd.,658,9.2,6053.600000000000
18,22.0,1.0,8.0,1.0,0,4,Mumbai,CESC,346,9.2,3183.2
16,23.0,2.0,22.0,1.0,0,4,Mumbai,KEC International,703,9.2,6467.600000000000
7,23.0,2.0,5.0,1.0,0,4,Mumbai,Sunil Hitech Eng,322,9.2,2962.4000000000000
23,23.0,3.0,12.0,12.0,0,4,Mumbai,Neueon Towers / Sujana Towers Ltd.,753,9.2,6927.600000000000
11,22.0,0.0,12.0,1.0,0,4,Mumbai,Neueon Towers / Sujana Towers Ltd.,297,9.2,2732.4000000000000
20,22.0,1.0,11.0,1.0,0,4,Mumbai,SJVN Ltd.,582,9.2,5354.4
20,23.0,2.0,22.0,1.0,0,4,Mumbai,Unitech Power Transmission Ltd.,691,9.2,6357.2
12,22.0,2.0,14.0,1.0,0,4,New Delhi,Jaiprakash Power,440,8.5,3740.0
11,22.0,0.0,13.0,1.0,0,4,New Delhi,Ratnagiri Gas and Power Pvt. Ltd. (RGPPL),532,8.5,4522.0
10,17.0,1.0,22.0,1.0,0,4,New Delhi,TransRail Lighting,456,8.5,3876.0
5,20.0,2.0,14.0,1.0,0,4,New Delhi,Kalpataru Power,567,8.5,4819.5
21,23.0,1.0,17.0,1.0,0,4,New Delhi,GE T&D India Limited,567,8.5,4819.5
22,22.0,1.0,14.0,1.0,0,4,New Delhi,Jaiprakash Power,588,8.5,4998.0
9,22.0,2.0,21.0,1.0,0,4,New Delhi,Jyoti Structure,588,8.5,4998.0
20,22.0,2.0,14.0,1.0,0,4,New Delhi,L&T Transmission & Distribution,696,8.5,5916.0
22,23.0,3.0,22.0,1.0,0,4,New Delhi,Sunil Hitech Eng,736,8.5,6256.0
11,23.0,2.0,5.0,1.0,0,4,New Delhi,Neueon Towers / Sujana Towers Ltd.,372,8.5,3162.0
23,22.0,1.0,3.0,1.0,0,4,New Delhi,Jyoti Structure,372,8.5,3162.0
18,22.0,2.0,11.0,1.0,0,4,New Delhi,Reliance Power,417,8.5,3544.5
22,22.0,0.0,6.0,12.0,0,4,New Delhi,Unitech Power Transmission Ltd.,417,8.5,3544.5
23,22.0,3.0,10.0,1.0,0,4,New Delhi,SJVN Ltd.,660,8.5,5610.0
15,23.0,0.0,4.0,12.0,0,4,New Delhi,Reliance Energy,450,8.5,3825.0
5,18.0,0.0,5.0,1.0,0,4,New Delhi,JSW Energy Ltd.,248,8.5,2108.0
23,23.0,0.0,3.0,1.0,0,4,New Delhi,Jaiprakash Power,569,8.5,4836.5
7,20.0,1.0,17.0,1.0,0,4,New Delhi,Sunil Hitech Eng,549,8.5,4666.5
18,22.0,3.0,6.0,1.0,0,4,New Delhi,Jaiprakash Power,549,8.5,4666.5
21,23.0,0.0,18.0,12.0,0,4,New Delhi,NHPC,587,8.5,4989.5
12,23.0,2.0,7.0,1.0,0,4,New Delhi,Sunil Hitech Eng,587,8.5,4989.5
16,23.0,1.0,22.0,1.0,0,4,New Delhi,Guj Ind Power,604,8.5,5134.0
10,19.0,3.0,22.0,7.0,0,4,New Delhi,Ringfeder Power Transmission India Pvt. Ltd.,533,8.5,4530.5
20,23.0,0.0,16.0,1.0,0,4,New Delhi,Ratnagiri Gas and Power Pvt. Ltd. (RGPPL),519,8.5,4411.5
8,19.0,0.0,9.0,7.0,0,4,New Delhi,JSW Energy Ltd.,307,8.5,2609.5
23,23.0,0.0,20.0,1.0,0,4,New Delhi,Optibelt Power Transmission India Private Limited,573,8.5,4870.5
10,22.0,2.0,22.0,1.0,0,4,New Delhi,Sunil Hitech Eng,635,8.5,5397.5
20,22.0,2.0,8.0,1.0,0,4,New Delhi,NHPC,635,8.5,5397.5
16,23.0,3.0,4.0,1.0,0,4,New Delhi,Sunil Hitech Eng,383,8.5,3255.5
7,19.0,3.0,10.0,1.0,0,4,New Delhi,GE T&D India Limited,503,8.5,4275.5
8,23.0,0.0,15.0,7.0,0,4,New Delhi,SJVN Ltd.,371,8.5,3153.5
21,23.0,0.0,12.0,1.0,0,4,New Delhi,Neueon Towers / Sujana Towers Ltd.,439,8.5,3731.5
12,22.0,2.0,8.0,1.0,0,4,New Delhi,Reliance Power,439,8.5,3731.5
19,23.0,1.0,14.0,1.0,0,4,New Delhi,Kalpataru Power,629,8.5,5346.5
16,23.0,1.0,19.0,12.0,0,4,New Delhi,KEC International,552,8.5,4692.0
17,23.0,3.0,16.0,1.0,0,4,New Delhi,KEC International,469,8.5,3986.5
21,23.0,0.0,16.0,1.0,0,4,New Delhi,Optibelt Power Transmission India Private Limited,469,8.5,3986.5
20,22.0,1.0,15.0,1.0,0,4,New Delhi,Neueon Towers / Sujana Towers Ltd.,631,8.5,5363.5
18,22.0,3.0,7.0,1.0,0,4,New Delhi,Sterlite Power Transmission Ltd,595,8.5,5057.5
18,22.0,2.0,14.0,1.0,0,4,New Delhi,CESC,512,8.5,4352.0
13,23.0,0.0,22.0,12.0,0,4,New Delhi,Indowind Energy,592,8.5,5032.0
13,22.0,2.0,15.0,1.0,0,4,New Delhi,SJVN Ltd.,654,8.5,5559.0
10,19.0,3.0,3.0,1.0,0,4,New Delhi,Bonfiglioli Transmission Pvt. Ltd.,414,8.5,3519.0
7,23.0,2.0,15.0,1.0,0,4,New Delhi,"Maha Transco – Maharashtra State Electricity Transmission Co, Ltd.",593,8.5,5040.5
22,22.0,1.0,17.0,1.0,0,4,New Delhi,Reliance Energy,610,8.5,5185.0
20,22.0,2.0,11.0,1.0,0,4,New Delhi,Unitech Power Transmission Ltd.,510,8.5,4335.0
7,18.0,3.0,4.0,1.0,0,4,New Delhi,Reliance Power,499,8.5,4241.5
7,17.0,2.0,22.0,1.0,0,4,New Delhi,Ringfeder Power Transmission India Pvt. Ltd.,499,8.5,4241.5
5,20.0,2.0,19.0,7.0,0,4,New Delhi,NTPC Pvt. Ltd.,670,8.5,5695.0
17,22.0,1.0,8.0,12.0,0,4,New Delhi,NLC India,670,8.5,5695.0
9,20.0,2.0,19.0,1.0,0,4,New Delhi,"Maha Transco – Maharashtra State Electricity Transmission Co, Ltd.",562,8.5,4777.0
17,23.0,1.0,19.0,1.0,0,4,New Delhi,Indowind Energy,620,8.5,5270.0
16,22.0,2.0,9.0,1.0,0,4,New Delhi,Unitech Power Transmission Ltd.,548,8.5,4658.0
13,23.0,0.0,8.0,12.0,0,4,New Delhi,Indowind Energy,500,8.5,4250.0
8,22.0,2.0,21.0,1.0,0,4,New Delhi,Jyoti Structure,500,8.5,4250.0
9,22.0,3.0,10.0,1.0,0,4,New Delhi,NHPC,500,8.5,4250.0
21,23.0,2.0,5.0,1.0,0,4,New Delhi,Sunil Hitech Eng,492,8.5,4182.0
15,23.0,3.0,3.0,1.0,0,4,New Delhi,Reliance Energy,441,8.5,3748.5
15,22.0,2.0,20.0,1.0,0,4,New Delhi,Tata Power Company Ltd.,566,8.5,4811.0
9,18.0,1.0,7.0,1.0,0,4,New Delhi,Reliance Power,330,8.5,2805.0
20,23.0,2.0,10.0,1.0,0,4,New Delhi,Indowind Energy,431,8.5,3663.5
7,18.0,0.0,16.0,1.0,0,4,New Delhi,NLC India,331,8.5,2813.5
21,22.0,1.0,7.0,1.0,0,4,New Delhi,Adani Power Ltd.,424,8.5,3604.0
12,23.0,0.0,8.0,12.0,0,4,New Delhi,Bonfiglioli Transmission Pvt. Ltd.,424,8.5,3604.0
8,17.0,2.0,22.0,1.0,0,4,New Delhi,"Maha Transco – Maharashtra State Electricity Transmission Co, Ltd.",424,8.5,3604.0
19,23.0,1.0,16.0,12.0,0,4,New Delhi,Kalpataru Power,536,8.5,4556.0
17,23.0,1.0,12.0,1.0,0,4,New Delhi,KEC International,536,8.5,4556.0
11,23.0,0.0,20.0,1.0,0,4,New Delhi,Sterlite Power Transmission Ltd,443,8.5,3765.5
16,22.0,2.0,20.0,1.0,0,4,New Delhi,TransRail Lighting,461,8.5,3918.5
17,22.0,3.0,13.0,1.0,0,4,New Delhi,Bonfiglioli Transmission Pvt. Ltd.,485,8.5,4122.5
16,23.0,3.0,22.0,1.0,0,4,New Delhi,NLC India,529,8.5,4496.5
19,23.0,0.0,13.0,12.0,0,4,New Delhi,JSW Energy Ltd.,586,8.5,4981.0
18,23.0,1.0,20.0,1.0,0,4,New Delhi,TransRail Lighting,586,8.5,4981.0
18,23.0,0.0,11.0,1.0,0,4,New Delhi,NTPC Pvt. Ltd.,378,8.5,3213.0
5,18.0,0.0,12.0,1.0,0,4,New Delhi,NHPC,378,8.5,3213.0
19,22.0,1.0,7.0,1.0,0,4,New Delhi,GE T&D India Limited,378,8.5,3213.0
13,23.0,1.0,14.0,1.0,0,4,New Delhi,Kalpataru Power,454,8.5,3859.0
13,22.0,2.0,6.0,1.0,0,4,New Delhi,Ratnagiri Gas and Power Pvt. Ltd. (RGPPL),480,8.5,4080.0
17,23.0,0.0,14.0,1.0,0,4,New Delhi,Ratnagiri Gas and Power Pvt. Ltd. (RGPPL),458,8.5,3893.0
8,23.0,2.0,13.0,1.0,0,4,New Delhi,Ringfeder Power Transmission India Pvt. Ltd.,458,8.5,3893.0
15,23.0,3.0,16.0,1.0,0,4,New Delhi,Toshiba Transmission & Distribution Systems (India) Pvt. Ltd.,624,8.5,5304.0
23,22.0,1.0,18.0,1.0,0,4,New Delhi,CESC,616,8.5,5236.0
15,22.0,2.0,17.0,12.0,0,4,New Delhi,"Maha Transco – Maharashtra State Electricity Transmission Co, Ltd.",616,8.5,5236.0
14,22.0,1.0,18.0,1.0,0,4,New Delhi,Toshiba Transmission & Distribution Systems (India) Pvt. Ltd.,433,8.5,3680.5
13,23.0,1.0,8.0,1.0,0,4,New Delhi,CESC,433,8.5,3680.5
12,22.0,2.0,12.0,1.0,0,4,New Delhi,"Maha Transco – Maharashtra State Electricity Transmission Co, Ltd.",415,8.5,3527.5
23,23.0,3.0,7.0,12.0,0,4,New Delhi,JSW Energy Ltd.,606,8.5,5151.0
16,22.0,1.0,11.0,1.0,0,4,New Delhi,NTPC Pvt. Ltd.,606,8.5,5151.0
19,23.0,3.0,20.0,1.0,0,4,New Delhi,Bonfiglioli Transmission Pvt. Ltd.,671,8.5,5703.5
5,21.0,2.0,20.0,1.0,0,4,New Delhi,Adani Power Ltd.,397,8.5,3374.5
5,18.0,2.0,13.0,1.0,0,4,New Delhi,Torrent Power Ltd.,340,8.5,2890.0
15,23.0,1.0,9.0,1.0,0,4,New Delhi,Optibelt Power Transmission India Private Limited,340,8.5,2890.0
11,23.0,3.0,4.0,1.0,0,4,New Delhi,Neueon Towers / Sujana Towers Ltd.,526,8.5,4471.0
14,23.0,1.0,6.0,1.0,0,4,New Delhi,NHPC,526,8.5,4471.0
16,22.0,1.0,6.0,12.0,0,4,New Delhi,CESC,449,8.5,3816.5
20,23.0,0.0,21.0,1.0,0,4,New Delhi,NTPC Pvt. Ltd.,686,8.5,5831.0
5,23.0,3.0,18.0,1.0,0,4,New Delhi,Kalpataru Power,444,8.5,3774.0
10,17.0,0.0,11.0,1.0,0,4,New Delhi,Jaiprakash Power,410,8.5,3485.0
18,22.0,1.0,20.0,1.0,0,4,New Delhi,NTPC Pvt. Ltd.,468,8.5,3978.0
10,19.0,2.0,20.0,7.0,0,4,New Delhi,NTPC Pvt. Ltd.,468,8.5,3978.0
10,23.0,2.0,21.0,7.0,0,4,New Delhi,Reliance Power,632,8.5,5372.0
16,23.0,2.0,3.0,1.0,0,4,New Delhi,Neueon Towers / Sujana Towers Ltd.,352,8.5,2992.0
17,22.0,0.0,15.0,1.0,0,4,New Delhi,Orient Green,352,8.5,2992.0
5,22.0,3.0,7.0,7.0,0,4,New Delhi,L&T Transmission & Distribution,498,8.5,4233.0
21,23.0,1.0,10.0,12.0,0,4,New Delhi,Reliance Energy,623,8.5,5295.5
11,23.0,0.0,3.0,12.0,0,4,New Delhi,KEC International,365,8.5,3102.5
9,17.0,3.0,15.0,1.0,0,4,New Delhi,Optibelt Power Transmission India Private Limited,430,8.5,3655.0
15,22.0,0.0,13.0,1.0,0,4,New Delhi,Reliance Energy,385,8.5,3272.5
14,23.0,2.0,13.0,12.0,0,4,New Delhi,Adani Power Ltd.,579,8.5,4921.5
15,22.0,0.0,13.0,1.0,0,4,New Delhi,NHPC,579,8.5,4921.5
7,18.0,3.0,7.0,1.0,0,4,New Delhi,Unitech Power Transmission Ltd.,336,8.5,2856.0
15,23.0,1.0,15.0,1.0,0,4,New Delhi,Torrent Power Ltd.,401,8.5,3408.5
9,21.0,2.0,10.0,1.0,0,4,New Delhi,"Maha Transco – Maharashtra State Electricity Transmission Co, Ltd.",401,8.5,3408.5
19,22.0,1.0,17.0,1.0,0,4,New Delhi,CESC,504,8.5,4284.0
9,22.0,0.0,22.0,1.0,0,4,New Delhi,Bonfiglioli Transmission Pvt. Ltd.,488,8.5,4148.0
9,18.0,1.0,19.0,1.0,0,4,New Delhi,Optibelt Power Transmission India Private Limited,488,8.5,4148.0
15,22.0,1.0,19.0,12.0,0,4,New Delhi,Jyoti Structure,551,8.5,4683.5
22,22.0,1.0,20.0,1.0,0,4,New Delhi,KEC International,507,8.5,4309.5
23,22.0,3.0,11.0,1.0,0,4,New Delhi,Neueon Towers / Sujana Towers Ltd.,642,8.5,5457.0
8,18.0,2.0,17.0,1.0,0,4,New Delhi,GE T&D India Limited,438,8.5,3723.0
17,23.0,0.0,22.0,1.0,0,4,New Delhi,Unitech Power Transmission Ltd.,493,8.5,4190.5
15,22.0,3.0,6.0,1.0,0,4,New Delhi,Power Grid Corp,392,8.5,3332.0
7,17.0,1.0,19.0,7.0,0,4,New Delhi,Reliance Power,434,8.5,3689.0
15,22.0,3.0,16.0,1.0,0,4,New Delhi,Power Grid Corp,578,8.5,4913.0
5,23.0,0.0,5.0,1.0,0,4,New Delhi,Reliance Energy,327,8.5,2779.5
23,23.0,3.0,7.0,1.0,0,4,New Delhi,Optibelt Power Transmission India Private Limited,477,8.5,4054.5
20,22.0,1.0,6.0,1.0,0,4,New Delhi,Ratnagiri Gas and Power Pvt. Ltd. (RGPPL),402,8.5,3417.0
10,19.0,0.0,12.0,1.0,0,4,New Delhi,Sterlite Power Transmission Ltd,423,8.5,3595.5
16,23.0,2.0,21.0,1.0,0,4,New Delhi,Bonfiglioli Transmission Pvt. Ltd.,658,8.5,5593.0
19,22.0,3.0,11.0,1.0,0,4,New Delhi,NTPC Pvt. Ltd.,546,8.5,4641.0
10,20.0,1.0,16.0,1.0,0,4,New Delhi,Sunil Hitech Eng,554,8.5,4709.0
6,23.0,3.0,9.0,1.0,0,4,New Delhi,Reliance Power,390,8.5,3315.0
21,22.0,2.0,15.0,1.0,0,4,New Delhi,Optibelt Power Transmission India Private Limited,568,8.5,4828.0
21,22.0,2.0,16.0,1.0,0,4,New Delhi,Reliance Energy,466,8.5,3961.0
20,23.0,0.0,5.0,1.0,0,4,New Delhi,"Maha Transco – Maharashtra State Electricity Transmission Co, Ltd.",564,8.5,4794.0
14,22.0,1.0,22.0,12.0,0,4,New Delhi,NTPC Pvt. Ltd.,564,8.5,4794.0
17,22.0,1.0,4.0,1.0,0,4,New Delhi,KEC International,556,8.5,4726.0
5,20.0,2.0,12.0,1.0,0,4,New Delhi,TransRail Lighting,530,8.5,4505.0
12,23.0,3.0,14.0,12.0,0,4,New Delhi,Orient Green,530,8.5,4505.0
23,22.0,0.0,4.0,1.0,0,4,New Delhi,Optibelt Power Transmission India Private Limited,400,8.5,3400.0
6,20.0,0.0,6.0,7.0,0,4,New Delhi,CESC,400,8.5,3400.0
16,23.0,1.0,20.0,1.0,0,4,New Delhi,TransRail Lighting,665,8.5,5652.5
17,22.0,0.0,10.0,1.0,0,4,New Delhi,Reliance Energy,574,8.5,4879.0
15,22.0,2.0,10.0,12.0,0,4,New Delhi,TransRail Lighting,514,8.5,4369.0
7,18.0,3.0,16.0,1.0,0,4,New Delhi,NHPC,514,8.5,4369.0
16,23.0,2.0,8.0,12.0,0,4,New Delhi,Bonfiglioli Transmission Pvt. Ltd.,514,8.5,4369.0
17,22.0,0.0,7.0,1.0,0,4,New Delhi,Jyoti Structure,514,8.5,4369.0
10,22.0,0.0,13.0,1.0,0,4,New Delhi,Bonfiglioli Transmission Pvt. Ltd.,361,8.5,3068.5
21,22.0,3.0,3.0,12.0,0,4,New Delhi,Orient Green,570,8.5,4845.0
12,22.0,3.0,14.0,1.0,0,4,New Delhi,Indowind Energy,511,8.5,4343.5
8,18.0,2.0,13.0,1.0,0,4,New Delhi,Reliance Energy,511,8.5,4343.5
18,22.0,0.0,9.0,1.0,0,4,New Delhi,Sterlite Power Transmission Ltd,347,8.5,2949.5
18,23.0,2.0,18.0,1.0,0,4,New Delhi,Sterlite Power Transmission Ltd,509,8.5,4326.5
21,22.0,2.0,17.0,1.0,0,4,New Delhi,Optibelt Power Transmission India Private Limited,509,8.5,4326.5
16,22.0,1.0,14.0,1.0,0,4,New Delhi,Bonfiglioli Transmission Pvt. Ltd.,513,8.5,4360.5
12,22.0,2.0,13.0,12.0,0,4,New Delhi,Optibelt Power Transmission India Private Limited,475,8.5,4037.5
12,23.0,1.0,10.0,1.0,0,4,New Delhi,Toshiba Transmission & Distribution Systems (India) Pvt. Ltd.,475,8.5,4037.5
23,22.0,1.0,6.0,12.0,0,4,New Delhi,NLC India,455,8.5,3867.5
6,23.0,3.0,6.0,1.0,0,4,New Delhi,NLC India,455,8.5,3867.5
13,22.0,0.0,15.0,1.0,0,4,New Delhi,Unitech Power Transmission Ltd.,539,8.5,4581.5
23,23.0,0.0,15.0,12.0,0,4,New Delhi,Optibelt Power Transmission India Private Limited,539,8.5,4581.5
14,22.0,2.0,14.0,1.0,0,4,New Delhi,Toshiba Transmission & Distribution Systems (India) Pvt. Ltd.,462,8.5,3927.0
18,23.0,2.0,13.0,1.0,0,4,New Delhi,Indowind Energy,486,8.5,4131.0
9,18.0,3.0,4.0,1.0,0,4,New Delhi,Jaiprakash Power,486,8.5,4131.0
19,22.0,3.0,15.0,1.0,0,4,New Delhi,NHPC,558,8.5,4743.0
15,23.0,3.0,10.0,1.0,0,4,New Delhi,TransRail Lighting,646,8.5,5491.0
23,22.0,3.0,19.0,1.0,0,4,New Delhi,Indowind Energy,754,8.5,6409.0
23,22.0,1.0,9.0,1.0,0,4,New Delhi,Guj Ind Power,590,8.5,5015.0
5,22.0,0.0,14.0,1.0,0,4,New Delhi,NHPC,384,8.5,3264.0
18,23.0,2.0,4.0,1.0,0,4,New Delhi,Jyoti Structure,427,8.5,3629.5
21,23.0,2.0,8.0,1.0,0,4,New Delhi,Bonfiglioli Transmission Pvt. Ltd.,540,8.5,4590.0
22,22.0,1.0,9.0,1.0,0,4,New Delhi,Reliance Power,459,8.5,3901.5
19,23.0,2.0,13.0,1.0,0,4,New Delhi,Adani Power Ltd.,459,8.5,3901.5
18,22.0,2.0,14.0,1.0,0,4,New Delhi,Kalpataru Power,525,8.5,4462.5
22,22.0,0.0,4.0,1.0,0,4,New Delhi,NHPC,550,8.5,4675.0
12,22.0,2.0,14.0,1.0,0,4,New Delhi,Optibelt Power Transmission India Private Limited,412,8.5,3502.0
21,22.0,1.0,14.0,1.0,0,4,New Delhi,"Maha Transco – Maharashtra State Electricity Transmission Co, Ltd.",412,8.5,3502.0
19,23.0,0.0,15.0,1.0,0,4,New Delhi,L&T Transmission & Distribution,639,8.5,5431.5
11,22.0,0.0,22.0,1.0,0,4,New Delhi,L&T Transmission & Distribution,521,8.5,4428.5
6,17.0,2.0,8.0,1.0,0,4,New Delhi,Torrent Power Ltd.,473,8.5,4020.5
23,22.0,1.0,15.0,1.0,0,4,New Delhi,Reliance Power,621,8.5,5278.5
16,22.0,0.0,18.0,1.0,0,4,New Delhi,CESC,630,8.5,5355.0
14,22.0,3.0,21.0,1.0,0,4,New Delhi,Orient Green,630,8.5,5355.0
21,22.0,2.0,17.0,12.0,0,4,New Delhi,Ratnagiri Gas and Power Pvt. Ltd. (RGPPL),753,8.5,6400.5
10,18.0,2.0,7.0,1.0,0,4,New Delhi,Ratnagiri Gas and Power Pvt. Ltd. (RGPPL),448,8.5,3808.0
13,23.0,0.0,18.0,12.0,0,4,New Delhi,Ratnagiri Gas and Power Pvt. Ltd. (RGPPL),741,8.5,6298.5
18,22.0,2.0,3.0,1.0,0,4,New Delhi,Reliance Energy,421,8.5,3578.5
9,18.0,2.0,20.0,1.0,0,4,New Delhi,Unitech Power Transmission Ltd.,596,8.5,5066.0
16,22.0,2.0,12.0,1.0,0,4,New Delhi,Ringfeder Power Transmission India Pvt. Ltd.,596,8.5,5066.0
9,20.0,2.0,16.0,1.0,0,4,New Delhi,Jyoti Structure,407,8.5,3459.5
7,17.0,0.0,21.0,7.0,0,4,New Delhi,Torrent Power Ltd.,325,8.5,2762.5
17,22.0,0.0,8.0,1.0,0,4,New Delhi,Ringfeder Power Transmission India Pvt. Ltd.,296,8.5,2516.0
12,22.0,2.0,15.0,12.0,0,4,New Delhi,Unitech Power Transmission Ltd.,618,8.5,5253.0
18,22.0,2.0,7.0,1.0,0,4,New Delhi,L&T Transmission & Distribution,491,8.5,4173.5
7,20.0,0.0,9.0,7.0,0,4,New Delhi,Unitech Power Transmission Ltd.,474,8.5,4029.0
12,23.0,3.0,17.0,1.0,0,4,New Delhi,Guj Ind Power,474,8.5,4029.0
5,18.0,1.0,11.0,1.0,0,4,New Delhi,Bonfiglioli Transmission Pvt. Ltd.,267,8.5,2269.5
19,22.0,2.0,16.0,1.0,0,4,New Delhi,Indowind Energy,700,8.5,5950.0
5,17.0,1.0,10.0,1.0,0,4,New Delhi,Orient Green,404,8.5,3434.0
22,22.0,3.0,19.0,1.0,0,4,New Delhi,Optibelt Power Transmission India Private Limited,653,8.5,5550.5
10,20.0,1.0,16.0,7.0,0,4,New Delhi,"Maha Transco – Maharashtra State Electricity Transmission Co, Ltd.",517,8.5,4394.5
10,18.0,3.0,8.0,1.0,0,4,New Delhi,Optibelt Power Transmission India Private Limited,517,8.5,4394.5
22,23.0,3.0,12.0,1.0,0,4,New Delhi,Optibelt Power Transmission India Private Limited,517,8.5,4394.5
7,21.0,3.0,3.0,1.0,0,4,New Delhi,Optibelt Power Transmission India Private Limited,264,8.5,2244.0
7,19.0,0.0,6.0,1.0,0,4,New Delhi,Jaiprakash Power,275,8.5,2337.5
12,23.0,1.0,11.0,1.0,0,4,New Delhi,Tata Power Company Ltd.,394,8.5,3349.0
21,23.0,1.0,21.0,1.0,0,4,New Delhi,GE T&D India Limited,667,8.5,5669.5
23,22.0,3.0,5.0,1.0,0,4,New Delhi,Bonfiglioli Transmission Pvt. Ltd.,628,8.5,5338.0
8,23.0,1.0,21.0,1.0,0,4,New Delhi,Ringfeder Power Transmission India Pvt. Ltd.,628,8.5,5338.0
18,23.0,2.0,16.0,1.0,0,4,New Delhi,Jyoti Structure,652,8.5,5542.0
19,22.0,1.0,18.0,1.0,0,4,New Delhi,Jaiprakash Power,619,8.5,5261.5
15,23.0,2.0,22.0,1.0,0,4,New Delhi,Unitech Power Transmission Ltd.,743,8.5,6315.5
9,18.0,0.0,19.0,1.0,0,4,New Delhi,NHPC,411,8.5,3493.5
10,23.0,0.0,14.0,1.0,0,4,New Delhi,Orient Green,411,8.5,3493.5
15,22.0,3.0,4.0,1.0,0,4,New Delhi,NTPC Pvt. Ltd.,374,8.5,3179.0
18,22.0,3.0,18.0,12.0,0,4,New Delhi,Tata Power Company Ltd.,723,8.5,6145.5
6,18.0,1.0,5.0,1.0,0,4,New Delhi,Sterlite Power Transmission Ltd,298,8.5,2533.0
19,23.0,1.0,22.0,12.0,0,4,New Delhi,Jyoti Structure,650,8.5,5525.0
22,22.0,1.0,10.0,12.0,0,4,New Delhi,KEC International,718,8.5,6103.0
9,19.0,0.0,5.0,1.0,0,4,New Delhi,Power Grid Corp,193,8.5,1640.5
8,19.0,1.0,6.0,1.0,0,4,New Delhi,JSW Energy Ltd.,335,8.5,2847.5
21,22.0,1.0,21.0,12.0,0,4,New Delhi,NTPC Pvt. Ltd.,813,8.5,6910.5
9,23.0,2.0,6.0,1.0,0,4,New Delhi,SJVN Ltd.,446,8.5,3791.0
9,22.0,2.0,7.0,1.0,0,4,New Delhi,Reliance Energy,446,8.5,3791.0
7,18.0,1.0,7.0,1.0,0,4,New Delhi,GE T&D India Limited,223,8.5,1895.5
15,23.0,2.0,17.0,1.0,0,4,New Delhi,Reliance Power,571,8.5,4853.5
18,23.0,2.0,9.0,1.0,0,4,New Delhi,Bonfiglioli Transmission Pvt. Ltd.,571,8.5,4853.5
12,23.0,2.0,22.0,12.0,0,4,New Delhi,L&T Transmission & Distribution,571,8.5,4853.5
17,23.0,2.0,15.0,1.0,0,4,New Delhi,L&T Transmission & Distribution,483,8.5,4105.5
22,22.0,2.0,14.0,1.0,0,4,New Delhi,Tata Power Company Ltd.,483,8.5,4105.5
16,23.0,3.0,3.0,1.0,0,4,New Delhi,GE T&D India Limited,483,8.5,4105.5
23,23.0,1.0,18.0,12.0,0,4,New Delhi,Toshiba Transmission & Distribution Systems (India) Pvt. Ltd.,831,8.5,7063.5
22,22.0,3.0,18.0,12.0,0,4,New Delhi,TransRail Lighting,798,8.5,6783.0
17,22.0,3.0,11.0,1.0,0,4,New Delhi,Jaiprakash Power,675,8.5,5737.5
5,20.0,0.0,6.0,1.0,0,4,New Delhi,Neueon Towers / Sujana Towers Ltd.,257,8.5,2184.5
13,23.0,3.0,5.0,1.0,0,4,New Delhi,Ringfeder Power Transmission India Pvt. Ltd.,366,8.5,3111.0
23,22.0,3.0,7.0,1.0,0,4,New Delhi,Sunil Hitech Eng,634,8.5,5389.0
10,18.0,3.0,6.0,1.0,0,4,New Delhi,Jaiprakash Power,313,8.5,2660.5
22,23.0,1.0,21.0,1.0,0,4,New Delhi,CESC,692,8.5,5882.0
7,23.0,2.0,21.0,1.0,0,4,New Delhi,Indowind Energy,690,8.5,5865.0
6,23.0,1.0,11.0,1.0,0,4,New Delhi,Ringfeder Power Transmission India Pvt. Ltd.,297,8.5,2524.5
6,22.0,3.0,19.0,1.0,0,4,New Delhi,"Maha Transco – Maharashtra State Electricity Transmission Co, Ltd.",600,8.5,5100.0
7,22.0,0.0,4.0,1.0,0,4,New Delhi,Sterlite Power Transmission Ltd,239,8.5,2031.5
7,17.0,2.0,15.0,1.0,0,4,New Delhi,NLC India,278,8.5,2363.0
14,23.0,3.0,20.0,12.0,0,4,New Delhi,Optibelt Power Transmission India Private Limited,699,8.5,5941.5
18,22.0,3.0,5.0,1.0,0,4,New Delhi,Toshiba Transmission & Distribution Systems (India) Pvt. Ltd.,482,8.5,4097.0
20,23.0,0.0,10.0,12.0,0,4,New Delhi,SJVN Ltd.,668,8.5,5678.0
18,23.0,2.0,14.0,12.0,0,4,New Delhi,Guj Ind Power,707,8.5,6009.5
5,17.0,0.0,19.0,1.0,0,4,New Delhi,Jaiprakash Power,251,8.5,2133.5
16,22.0,2.0,16.0,1.0,0,4,New Delhi,GE T&D India Limited,495,8.5,4207.5
15,23.0,3.0,9.0,12.0,0,4,New Delhi,Torrent Power Ltd.,711,8.5,6043.5
18,22.0,2.0,22.0,1.0,0,4,New Delhi,Jaiprakash Power,726,8.5,6171.0
23,23.0,0.0,19.0,12.0,0,4,New Delhi,Kalpataru Power,708,8.5,6018.0
13,22.0,3.0,7.0,1.0,0,4,New Delhi,Ratnagiri Gas and Power Pvt. Ltd. (RGPPL),442,8.5,3757.0
15,23.0,3.0,19.0,1.0,0,5,Hyderabad,L&T Transmission & Distribution,632,8.4,5308.8
22,23.0,2.0,12.0,1.0,0,5,Hyderabad,GE T&D India Limited,704,8.4,5913.6
22,22.0,1.0,16.0,1.0,0,5,Hyderabad,Torrent Power Ltd.,704,8.4,5913.6
15,22.0,0.0,13.0,12.0,0,5,Hyderabad,GE T&D India Limited,704,8.4,5913.6
20,22.0,1.0,3.0,1.0,0,5,Hyderabad,Optibelt Power Transmission India Private Limited,484,8.4,4065.6000000000000
17,23.0,1.0,4.0,12.0,0,5,Hyderabad,Adani Power Ltd.,484,8.4,4065.6000000000000
6,20.0,1.0,3.0,1.0,0,5,Hyderabad,Neueon Towers / Sujana Towers Ltd.,242,8.4,2032.8000000000000
7,17.0,2.0,22.0,1.0,0,5,Hyderabad,Neueon Towers / Sujana Towers Ltd.,528,8.4,4435.2
12,22.0,1.0,13.0,1.0,0,5,Hyderabad,Orient Green,475,8.4,3990.0
20,22.0,1.0,16.0,1.0,0,5,Hyderabad,Adani Power Ltd.,570,8.4,4788.0
21,23.0,1.0,6.0,1.0,0,5,Hyderabad,L&T Transmission & Distribution,380,8.4,3192.0
9,19.0,2.0,5.0,1.0,0,5,Hyderabad,Ratnagiri Gas and Power Pvt. Ltd. (RGPPL),432,8.4,3628.8
12,22.0,3.0,3.0,12.0,0,5,Hyderabad,Bonfiglioli Transmission Pvt. Ltd.,621,8.4,5216.400000000000
7,22.0,0.0,16.0,1.0,0,5,Hyderabad,Jyoti Structure,540,8.4,4536.0
21,22.0,1.0,9.0,1.0,0,5,Hyderabad,Guj Ind Power,540,8.4,4536.0
10,20.0,3.0,7.0,7.0,0,5,Hyderabad,Sunil Hitech Eng,415,8.4,3486.0
13,23.0,1.0,21.0,1.0,0,5,Hyderabad,Guj Ind Power,508,8.4,4267.2
17,22.0,2.0,3.0,1.0,0,5,Hyderabad,CESC,444,8.4,3729.6000000000000
19,23.0,0.0,16.0,1.0,0,5,Hyderabad,JSW Energy Ltd.,444,8.4,3729.6000000000000
23,22.0,3.0,19.0,1.0,0,5,Hyderabad,CESC,691,8.4,5804.400000000000
16,23.0,1.0,22.0,1.0,0,5,Hyderabad,KEC International,691,8.4,5804.400000000000
10,19.0,2.0,14.0,1.0,0,5,Hyderabad,TransRail Lighting,599,8.4,5031.6
14,23.0,2.0,20.0,12.0,0,5,Hyderabad,SJVN Ltd.,659,8.4,5535.6
21,22.0,2.0,18.0,1.0,0,5,Hyderabad,Kalpataru Power,659,8.4,5535.6
6,20.0,3.0,19.0,7.0,0,5,Hyderabad,Tata Power Company Ltd.,587,8.4,4930.8
23,22.0,3.0,6.0,1.0,0,5,Hyderabad,Orient Green,576,8.4,4838.400000000000
5,22.0,0.0,19.0,1.0,0,5,Hyderabad,Unitech Power Transmission Ltd.,581,8.4,4880.400000000000
13,22.0,0.0,16.0,1.0,0,5,Hyderabad,L&T Transmission & Distribution,368,8.4,3091.2000000000000
21,22.0,1.0,6.0,1.0,0,5,Hyderabad,Orient Green,371,8.4,3116.4
19,22.0,2.0,9.0,1.0,0,5,Hyderabad,Indowind Energy,588,8.4,4939.2
10,20.0,2.0,19.0,1.0,0,5,Hyderabad,Unitech Power Transmission Ltd.,588,8.4,4939.2
9,21.0,1.0,14.0,1.0,0,5,Hyderabad,Neueon Towers / Sujana Towers Ltd.,531,8.4,4460.400000000000
23,23.0,1.0,13.0,1.0,0,5,Hyderabad,CESC,676,8.4,5678.400000000000
14,23.0,2.0,22.0,1.0,0,5,Hyderabad,TransRail Lighting,507,8.4,4258.8
6,19.0,0.0,12.0,1.0,0,5,Hyderabad,Tata Power Company Ltd.,256,8.4,2150.4
16,22.0,1.0,22.0,12.0,0,5,Hyderabad,Indowind Energy,642,8.4,5392.8
23,22.0,2.0,11.0,1.0,0,5,Hyderabad,KEC International,642,8.4,5392.8
14,22.0,3.0,17.0,1.0,0,5,Hyderabad,GE T&D India Limited,523,8.4,4393.2
14,22.0,0.0,20.0,1.0,0,5,Hyderabad,Orient Green,511,8.4,4292.400000000000
10,21.0,1.0,13.0,1.0,0,5,Hyderabad,Indowind Energy,568,8.4,4771.2
19,23.0,3.0,10.0,1.0,0,5,Hyderabad,CESC,633,8.4,5317.2
10,19.0,1.0,10.0,1.0,0,5,Hyderabad,L&T Transmission & Distribution,470,8.4,3948.0
20,22.0,1.0,11.0,1.0,0,5,Hyderabad,Guj Ind Power,536,8.4,4502.400000000000
18,23.0,1.0,9.0,1.0,0,5,Hyderabad,SJVN Ltd.,536,8.4,4502.400000000000
15,23.0,0.0,10.0,1.0,0,5,Hyderabad,L&T Transmission & Distribution,344,8.4,2889.6
22,22.0,1.0,6.0,1.0,0,5,Hyderabad,Jyoti Structure,573,8.4,4813.2
22,23.0,2.0,19.0,1.0,0,5,Hyderabad,Sunil Hitech Eng,573,8.4,4813.2
14,23.0,0.0,15.0,12.0,0,5,Hyderabad,KEC International,725,8.4,6090.0
7,20.0,2.0,19.0,1.0,0,5,Hyderabad,Torrent Power Ltd.,490,8.4,4116.0
20,23.0,0.0,15.0,1.0,0,5,Hyderabad,Optibelt Power Transmission India Private Limited,467,8.4,3922.8
12,23.0,2.0,5.0,1.0,0,5,Hyderabad,Ringfeder Power Transmission India Pvt. Ltd.,565,8.4,4746.0
7,22.0,2.0,9.0,7.0,0,5,Hyderabad,Torrent Power Ltd.,463,8.4,3889.2000000000000
17,23.0,0.0,21.0,1.0,0,5,Hyderabad,NLC India,485,8.4,4074.0
17,22.0,0.0,22.0,1.0,0,5,Hyderabad,Sunil Hitech Eng,563,8.4,4729.2
20,23.0,0.0,11.0,1.0,0,5,Hyderabad,NLC India,411,8.4,3452.4
7,19.0,3.0,3.0,1.0,0,5,Hyderabad,"Maha Transco – Maharashtra State Electricity Transmission Co, Ltd.",454,8.4,3813.6000000000000
5,20.0,3.0,12.0,1.0,0,5,Hyderabad,Toshiba Transmission & Distribution Systems (India) Pvt. Ltd.,438,8.4,3679.2000000000000
17,22.0,0.0,9.0,1.0,0,5,Hyderabad,Sunil Hitech Eng,426,8.4,3578.4
13,23.0,0.0,19.0,1.0,0,5,Hyderabad,Bonfiglioli Transmission Pvt. Ltd.,597,8.4,5014.8
20,22.0,3.0,6.0,1.0,0,5,Hyderabad,Toshiba Transmission & Distribution Systems (India) Pvt. Ltd.,414,8.4,3477.6000000000000
6,22.0,3.0,4.0,1.0,0,5,Hyderabad,SJVN Ltd.,335,8.4,2814.0
9,20.0,1.0,7.0,1.0,0,5,Hyderabad,TransRail Lighting,335,8.4,2814.0
16,22.0,1.0,10.0,1.0,0,5,Hyderabad,Kalpataru Power,504,8.4,4233.6
11,22.0,1.0,8.0,1.0,0,5,Hyderabad,Torrent Power Ltd.,557,8.4,4678.8
14,22.0,3.0,10.0,1.0,0,5,Hyderabad,CESC,595,8.4,4998.0
19,22.0,1.0,15.0,1.0,0,5,Hyderabad,Sterlite Power Transmission Ltd,577,8.4,4846.8
21,23.0,1.0,6.0,1.0,0,5,Hyderabad,Guj Ind Power,577,8.4,4846.8
9,17.0,0.0,6.0,1.0,0,5,Hyderabad,CESC,399,8.4,3351.6000000000000
7,20.0,2.0,11.0,1.0,0,5,Hyderabad,Torrent Power Ltd.,389,8.4,3267.6000000000000
22,22.0,0.0,10.0,1.0,0,5,Hyderabad,SJVN Ltd.,418,8.4,3511.2000000000000
19,23.0,1.0,9.0,1.0,0,5,Hyderabad,Indowind Energy,423,8.4,3553.2000000000000
15,23.0,0.0,5.0,1.0,0,5,Hyderabad,Tata Power Company Ltd.,308,8.4,2587.2000000000000
6,20.0,1.0,7.0,7.0,0,5,Hyderabad,SJVN Ltd.,544,8.4,4569.6
8,18.0,3.0,15.0,1.0,0,5,Hyderabad,CESC,544,8.4,4569.6
22,22.0,0.0,4.0,1.0,0,5,Hyderabad,JSW Energy Ltd.,544,8.4,4569.6
5,21.0,0.0,5.0,1.0,0,5,Hyderabad,Jyoti Structure,351,8.4,2948.4
13,23.0,0.0,18.0,1.0,0,5,Hyderabad,Kalpataru Power,506,8.4,4250.400000000000
8,22.0,1.0,21.0,1.0,0,5,Hyderabad,Guj Ind Power,617,8.4,5182.8
21,22.0,3.0,12.0,1.0,0,5,Hyderabad,Reliance Power,623,8.4,5233.2
16,22.0,2.0,15.0,1.0,0,5,Hyderabad,Jaiprakash Power,623,8.4,5233.2
15,22.0,1.0,14.0,12.0,0,5,Hyderabad,NTPC Pvt. Ltd.,623,8.4,5233.2
8,23.0,1.0,19.0,1.0,0,5,Hyderabad,Neueon Towers / Sujana Towers Ltd.,419,8.4,3519.6000000000000
16,22.0,3.0,21.0,1.0,0,5,Hyderabad,Torrent Power Ltd.,562,8.4,4720.8
15,23.0,2.0,12.0,1.0,0,5,Hyderabad,Orient Green,515,8.4,4326.0
21,23.0,1.0,6.0,1.0,0,5,Hyderabad,Jaiprakash Power,515,8.4,4326.0
20,23.0,0.0,19.0,1.0,0,5,Hyderabad,Jyoti Structure,515,8.4,4326.0
9,17.0,2.0,7.0,1.0,0,5,Hyderabad,Power Grid Corp,424,8.4,3561.6000000000000
17,22.0,0.0,3.0,12.0,0,5,Hyderabad,Reliance Energy,458,8.4,3847.2000000000000
14,23.0,1.0,10.0,1.0,0,5,Hyderabad,Optibelt Power Transmission India Private Limited,555,8.4,4662.0
14,23.0,2.0,8.0,1.0,0,5,Hyderabad,KEC International,580,8.4,4872.0
15,22.0,2.0,16.0,12.0,0,5,Hyderabad,Jaiprakash Power,651,8.4,5468.400000000000
12,23.0,1.0,13.0,1.0,0,5,Hyderabad,Reliance Energy,446,8.4,3746.4
21,23.0,1.0,9.0,1.0,0,5,Hyderabad,Torrent Power Ltd.,537,8.4,4510.8
17,22.0,3.0,11.0,1.0,0,5,Hyderabad,Power Grid Corp,535,8.4,4494.0
13,23.0,3.0,8.0,1.0,0,5,Hyderabad,Kalpataru Power,441,8.4,3704.4
16,23.0,1.0,16.0,12.0,0,5,Hyderabad,Jaiprakash Power,644,8.4,5409.6
16,22.0,1.0,8.0,1.0,0,5,Hyderabad,Kalpataru Power,468,8.4,3931.2000000000000
18,22.0,0.0,21.0,1.0,0,5,Hyderabad,NTPC Pvt. Ltd.,468,8.4,3931.2000000000000
16,23.0,3.0,17.0,1.0,0,5,Hyderabad,Toshiba Transmission & Distribution Systems (India) Pvt. Ltd.,598,8.4,5023.2
13,23.0,3.0,3.0,1.0,0,5,Hyderabad,Optibelt Power Transmission India Private Limited,345,8.4,2898.0
23,22.0,3.0,5.0,1.0,0,5,Hyderabad,Adani Power Ltd.,527,8.4,4426.8
15,23.0,1.0,11.0,1.0,0,5,Hyderabad,Adani Power Ltd.,492,8.4,4132.8
13,22.0,0.0,12.0,1.0,0,5,Hyderabad,Orient Green,455,8.4,3822.0
8,20.0,3.0,8.0,1.0,0,5,Hyderabad,Unitech Power Transmission Ltd.,546,8.4,4586.400000000000
10,19.0,3.0,6.0,1.0,0,5,Hyderabad,Bonfiglioli Transmission Pvt. Ltd.,440,8.4,3696.0
17,22.0,0.0,20.0,1.0,0,5,Hyderabad,Kalpataru Power,605,8.4,5082.0
5,17.0,3.0,6.0,7.0,0,5,Hyderabad,Guj Ind Power,561,8.4,4712.400000000000
12,22.0,0.0,17.0,1.0,0,5,Hyderabad,Indowind Energy,561,8.4,4712.400000000000
22,23.0,1.0,10.0,12.0,0,5,Hyderabad,Kalpataru Power,561,8.4,4712.400000000000
15,23.0,2.0,21.0,1.0,0,5,Hyderabad,Guj Ind Power,539,8.4,4527.6
16,23.0,0.0,7.0,1.0,0,5,Hyderabad,Orient Green,396,8.4,3326.4
20,22.0,1.0,9.0,1.0,0,5,Hyderabad,Sterlite Power Transmission Ltd,396,8.4,3326.4
5,23.0,0.0,14.0,1.0,0,5,Hyderabad,Power Grid Corp,403,8.4,3385.2000000000000
23,22.0,1.0,10.0,1.0,0,5,Hyderabad,Toshiba Transmission & Distribution Systems (India) Pvt. Ltd.,403,8.4,3385.2000000000000
23,23.0,3.0,8.0,1.0,0,5,Hyderabad,Sterlite Power Transmission Ltd,637,8.4,5350.8
19,23.0,2.0,20.0,1.0,0,5,Hyderabad,Sterlite Power Transmission Ltd,637,8.4,5350.8
11,23.0,1.0,12.0,1.0,0,5,Hyderabad,L&T Transmission & Distribution,533,8.4,4477.2
14,22.0,3.0,11.0,1.0,0,5,Hyderabad,Torrent Power Ltd.,462,8.4,3880.8
8,20.0,2.0,14.0,1.0,0,5,Hyderabad,Sterlite Power Transmission Ltd,361,8.4,3032.4
7,18.0,2.0,6.0,1.0,0,5,Hyderabad,Power Grid Corp,324,8.4,2721.6
17,22.0,1.0,21.0,1.0,0,5,Hyderabad,Ratnagiri Gas and Power Pvt. Ltd. (RGPPL),478,8.4,4015.2000000000000
15,23.0,2.0,14.0,1.0,0,5,Hyderabad,Reliance Power,480,8.4,4032.0
6,21.0,0.0,9.0,1.0,0,5,Hyderabad,Unitech Power Transmission Ltd.,447,8.4,3754.8
7,17.0,2.0,14.0,1.0,0,5,Hyderabad,Bonfiglioli Transmission Pvt. Ltd.,315,8.4,2646.0
9,22.0,1.0,10.0,1.0,0,5,Hyderabad,Torrent Power Ltd.,315,8.4,2646.0
16,22.0,1.0,16.0,12.0,0,5,Hyderabad,Indowind Energy,619,8.4,5199.6
13,22.0,2.0,10.0,1.0,0,5,Hyderabad,Ratnagiri Gas and Power Pvt. Ltd. (RGPPL),482,8.4,4048.8
14,23.0,2.0,17.0,1.0,0,5,Hyderabad,Sunil Hitech Eng,525,8.4,4410.0
23,22.0,1.0,3.0,12.0,0,5,Hyderabad,Toshiba Transmission & Distribution Systems (India) Pvt. Ltd.,461,8.4,3872.4
13,23.0,2.0,4.0,1.0,0,5,Hyderabad,SJVN Ltd.,328,8.4,2755.2000000000000
22,22.0,3.0,22.0,1.0,0,5,Hyderabad,Tata Power Company Ltd.,590,8.4,4956.0
21,22.0,3.0,18.0,1.0,0,5,Hyderabad,Optibelt Power Transmission India Private Limited,590,8.4,4956.0
8,23.0,3.0,14.0,7.0,0,5,Hyderabad,Kalpataru Power,608,8.4,5107.2
23,22.0,1.0,18.0,1.0,0,5,Hyderabad,Orient Green,608,8.4,5107.2
12,22.0,3.0,12.0,1.0,0,5,Hyderabad,Neueon Towers / Sujana Towers Ltd.,433,8.4,3637.2000000000000
6,23.0,1.0,17.0,1.0,0,5,Hyderabad,Neueon Towers / Sujana Towers Ltd.,433,8.4,3637.2000000000000
5,22.0,1.0,17.0,1.0,0,5,Hyderabad,Jaiprakash Power,412,8.4,3460.8
20,22.0,2.0,3.0,1.0,0,5,Hyderabad,Adani Power Ltd.,350,8.4,2940.0
12,23.0,1.0,14.0,1.0,0,5,Hyderabad,GE T&D India Limited,408,8.4,3427.2000000000000
16,22.0,0.0,7.0,1.0,0,5,Hyderabad,NTPC Pvt. Ltd.,312,8.4,2620.8
6,22.0,3.0,13.0,7.0,0,5,Hyderabad,Ratnagiri Gas and Power Pvt. Ltd. (RGPPL),532,8.4,4468.8
10,17.0,3.0,21.0,1.0,0,5,Hyderabad,NTPC Pvt. Ltd.,560,8.4,4704.0
19,23.0,2.0,12.0,1.0,0,5,Hyderabad,Power Grid Corp,479,8.4,4023.6000000000000
5,19.0,2.0,14.0,1.0,0,5,Hyderabad,TransRail Lighting,479,8.4,4023.6000000000000
22,22.0,3.0,7.0,1.0,0,5,Hyderabad,SJVN Ltd.,479,8.4,4023.6000000000000
22,22.0,3.0,12.0,1.0,0,5,Hyderabad,Jyoti Structure,530,8.4,4452.0
14,22.0,1.0,13.0,1.0,0,5,Hyderabad,Adani Power Ltd.,530,8.4,4452.0
14,23.0,2.0,9.0,1.0,0,5,Hyderabad,Orient Green,471,8.4,3956.4
10,22.0,2.0,5.0,1.0,0,5,Hyderabad,Torrent Power Ltd.,477,8.4,4006.8
17,23.0,1.0,8.0,1.0,0,5,Hyderabad,Unitech Power Transmission Ltd.,357,8.4,2998.8
8,18.0,0.0,8.0,7.0,0,5,Hyderabad,Ringfeder Power Transmission India Pvt. Ltd.,300,8.4,2520.0
9,23.0,3.0,19.0,1.0,0,5,Hyderabad,Power Grid Corp,541,8.4,4544.400000000000
19,23.0,2.0,17.0,1.0,0,5,Hyderabad,L&T Transmission & Distribution,541,8.4,4544.400000000000
18,23.0,2.0,11.0,1.0,0,5,Hyderabad,Bonfiglioli Transmission Pvt. Ltd.,541,8.4,4544.400000000000
9,22.0,1.0,12.0,7.0,0,5,Hyderabad,Kalpataru Power,654,8.4,5493.6
16,23.0,1.0,6.0,1.0,0,5,Hyderabad,Unitech Power Transmission Ltd.,505,8.4,4242.0
23,23.0,0.0,11.0,1.0,0,5,Hyderabad,Reliance Power,505,8.4,4242.0
19,23.0,1.0,11.0,1.0,0,5,Hyderabad,Indowind Energy,630,8.4,5292.0
10,21.0,1.0,22.0,1.0,0,5,Hyderabad,Toshiba Transmission & Distribution Systems (India) Pvt. Ltd.,473,8.4,3973.2000000000000
8,21.0,2.0,3.0,1.0,0,5,Hyderabad,Torrent Power Ltd.,491,8.4,4124.400000000000
21,22.0,0.0,13.0,1.0,0,5,Hyderabad,TransRail Lighting,491,8.4,4124.400000000000
8,23.0,0.0,16.0,1.0,0,5,Hyderabad,Power Grid Corp,538,8.4,4519.2
11,23.0,3.0,4.0,1.0,0,5,Hyderabad,NHPC,538,8.4,4519.2
9,19.0,1.0,21.0,7.0,0,5,Hyderabad,SJVN Ltd.,453,8.4,3805.2000000000000
12,23.0,2.0,11.0,1.0,0,5,Hyderabad,Tata Power Company Ltd.,393,8.4,3301.2000000000000
10,20.0,1.0,7.0,1.0,0,5,Hyderabad,Reliance Power,442,8.4,3712.8
8,20.0,2.0,9.0,1.0,0,5,Hyderabad,Jaiprakash Power,325,8.4,2730.0
9,18.0,0.0,20.0,1.0,0,5,Hyderabad,Unitech Power Transmission Ltd.,338,8.4,2839.2000000000000
6,20.0,0.0,5.0,1.0,0,5,Hyderabad,GE T&D India Limited,333,8.4,2797.2000000000000
10,19.0,2.0,17.0,7.0,0,5,Hyderabad,Indowind Energy,693,8.4,5821.2
10,18.0,0.0,12.0,1.0,0,5,Hyderabad,Reliance Power,260,8.4,2184.0
19,23.0,3.0,12.0,1.0,0,5,Hyderabad,Kalpataru Power,675,8.4,5670.0
15,23.0,0.0,17.0,1.0,0,5,Hyderabad,L&T Transmission & Distribution,648,8.4,5443.2
5,18.0,2.0,21.0,1.0,0,5,Hyderabad,Sterlite Power Transmission Ltd,501,8.4,4208.400000000000
21,23.0,2.0,16.0,1.0,0,5,Hyderabad,Unitech Power Transmission Ltd.,501,8.4,4208.400000000000
10,17.0,3.0,3.0,7.0,0,5,Hyderabad,"Maha Transco – Maharashtra State Electricity Transmission Co, Ltd.",548,8.4,4603.2
22,23.0,3.0,12.0,1.0,0,5,Hyderabad,Kalpataru Power,746,8.4,6266.400000000000
15,22.0,0.0,16.0,1.0,0,5,Hyderabad,Reliance Energy,496,8.4,4166.400000000000
19,23.0,0.0,15.0,1.0,0,5,Hyderabad,Jyoti Structure,496,8.4,4166.400000000000
22,23.0,2.0,4.0,1.0,0,5,Hyderabad,KEC International,578,8.4,4855.2
18,22.0,0.0,7.0,1.0,0,5,Hyderabad,KEC International,578,8.4,4855.2
5,18.0,3.0,14.0,1.0,0,5,Hyderabad,JSW Energy Ltd.,383,8.4,3217.2000000000000
7,21.0,0.0,8.0,1.0,0,5,Hyderabad,TransRail Lighting,303,8.4,2545.2000000000000
8,20.0,3.0,13.0,1.0,0,5,Hyderabad,Neueon Towers / Sujana Towers Ltd.,575,8.4,4830.0
22,22.0,3.0,16.0,1.0,0,5,Hyderabad,Optibelt Power Transmission India Private Limited,575,8.4,4830.0
13,23.0,2.0,15.0,12.0,0,5,Hyderabad,SJVN Ltd.,715,8.4,6006.0
18,22.0,1.0,7.0,12.0,0,5,Hyderabad,Neueon Towers / Sujana Towers Ltd.,460,8.4,3864.0
12,22.0,3.0,19.0,12.0,0,5,Hyderabad,GE T&D India Limited,744,8.4,6249.6
20,22.0,2.0,11.0,1.0,0,5,Hyderabad,NTPC Pvt. Ltd.,677,8.4,5686.8
12,23.0,2.0,4.0,1.0,0,5,Hyderabad,SJVN Ltd.,425,8.4,3570.0
17,22.0,0.0,17.0,1.0,0,5,Hyderabad,Toshiba Transmission & Distribution Systems (India) Pvt. Ltd.,425,8.4,3570.0
11,23.0,0.0,14.0,12.0,0,5,Hyderabad,Bonfiglioli Transmission Pvt. Ltd.,526,8.4,4418.400000000000
21,22.0,1.0,14.0,1.0,0,5,Hyderabad,Jaiprakash Power,526,8.4,4418.400000000000
11,22.0,0.0,11.0,1.0,0,5,Hyderabad,GE T&D India Limited,349,8.4,2931.6
19,23.0,3.0,16.0,1.0,0,5,Hyderabad,L&T Transmission & Distribution,655,8.4,5502.0
9,22.0,0.0,22.0,1.0,0,5,Hyderabad,CESC,592,8.4,4972.8
15,22.0,1.0,19.0,1.0,0,5,Hyderabad,GE T&D India Limited,592,8.4,4972.8
21,23.0,1.0,15.0,1.0,0,5,Hyderabad,GE T&D India Limited,516,8.4,4334.400000000000
7,22.0,0.0,11.0,1.0,0,5,Hyderabad,Toshiba Transmission & Distribution Systems (India) Pvt. Ltd.,366,8.4,3074.4
9,21.0,0.0,7.0,1.0,0,5,Hyderabad,Sterlite Power Transmission Ltd,360,8.4,3024.0
22,23.0,3.0,7.0,1.0,0,5,Hyderabad,L&T Transmission & Distribution,686,8.4,5762.400000000000
5,23.0,2.0,20.0,1.0,0,5,Hyderabad,L&T Transmission & Distribution,697,8.4,5854.8
13,23.0,3.0,15.0,1.0,0,5,Hyderabad,Ratnagiri Gas and Power Pvt. Ltd. (RGPPL),697,8.4,5854.8
5,19.0,1.0,17.0,1.0,0,5,Hyderabad,NTPC Pvt. Ltd.,495,8.4,4158.0
9,18.0,2.0,5.0,7.0,0,5,Hyderabad,Bonfiglioli Transmission Pvt. Ltd.,495,8.4,4158.0
23,23.0,3.0,10.0,1.0,0,5,Hyderabad,CESC,671,8.4,5636.400000000000
12,23.0,3.0,14.0,1.0,0,5,Hyderabad,Optibelt Power Transmission India Private Limited,671,8.4,5636.400000000000
18,22.0,3.0,8.0,12.0,0,5,Hyderabad,Neueon Towers / Sujana Towers Ltd.,759,8.4,6375.6
20,22.0,3.0,9.0,1.0,0,5,Hyderabad,"Maha Transco – Maharashtra State Electricity Transmission Co, Ltd.",674,8.4,5661.6
12,23.0,3.0,17.0,12.0,0,5,Hyderabad,Sunil Hitech Eng,657,8.4,5518.8
17,22.0,3.0,20.0,12.0,0,5,Hyderabad,KEC International,701,8.4,5888.400000000000
8,19.0,0.0,5.0,7.0,0,5,Hyderabad,Orient Green,358,8.4,3007.2000000000000
17,22.0,0.0,17.0,1.0,0,5,Hyderabad,Unitech Power Transmission Ltd.,400,8.4,3360.0
9,17.0,1.0,11.0,1.0,0,5,Hyderabad,Ringfeder Power Transmission India Pvt. Ltd.,302,8.4,2536.8
23,22.0,1.0,4.0,1.0,0,5,Hyderabad,Power Grid Corp,593,8.4,4981.2
19,23.0,3.0,12.0,1.0,0,5,Hyderabad,Jyoti Structure,646,8.4,5426.400000000000
13,23.0,0.0,17.0,1.0,0,5,Hyderabad,Jyoti Structure,472,8.4,3964.8
20,23.0,3.0,22.0,1.0,0,5,Hyderabad,L&T Transmission & Distribution,750,8.4,6300.0
21,23.0,2.0,19.0,1.0,0,5,Hyderabad,KEC International,672,8.4,5644.8
23,23.0,2.0,20.0,1.0,0,5,Hyderabad,NLC India,672,8.4,5644.8
17,23.0,3.0,13.0,12.0,0,5,Hyderabad,GE T&D India Limited,672,8.4,5644.8
16,22.0,0.0,15.0,12.0,0,5,Hyderabad,Ratnagiri Gas and Power Pvt. Ltd. (RGPPL),672,8.4,5644.8
17,22.0,3.0,17.0,1.0,0,5,Hyderabad,Kalpataru Power,742,8.4,6232.8
13,23.0,3.0,8.0,12.0,0,5,Hyderabad,Reliance Power,679,8.4,5703.6
7,20.0,0.0,7.0,1.0,0,5,Hyderabad,Indowind Energy,254,8.4,2133.6
8,21.0,3.0,16.0,7.0,0,5,Hyderabad,Reliance Power,687,8.4,5770.8
22,23.0,0.0,17.0,12.0,0,5,Hyderabad,Jaiprakash Power,741,8.4,6224.400000000000
12,22.0,0.0,9.0,12.0,0,5,Hyderabad,Adani Power Ltd.,394,8.4,3309.6000000000000
11,23.0,0.0,4.0,1.0,0,5,Hyderabad,Sunil Hitech Eng,321,8.4,2696.4
9,22.0,0.0,14.0,7.0,0,5,Hyderabad,Reliance Energy,582,8.4,4888.8
7,17.0,0.0,11.0,1.0,0,5,Hyderabad,"Maha Transco – Maharashtra State Electricity Transmission Co, Ltd.",306,8.4,2570.4
9,21.0,1.0,22.0,1.0,0,5,Hyderabad,SJVN Ltd.,596,8.4,5006.400000000000
23,22.0,3.0,4.0,1.0,0,5,Hyderabad,"Maha Transco – Maharashtra State Electricity Transmission Co, Ltd.",670,8.4,5628.0
15,22.0,1.0,20.0,1.0,0,5,Hyderabad,Adani Power Ltd.,707,8.4,5938.8
9,17.0,1.0,3.0,1.0,0,5,Hyderabad,Jyoti Structure,227,8.4,1906.8000000000000
23,22.0,0.0,17.0,12.0,0,5,Hyderabad,TransRail Lighting,698,8.4,5863.2
7,20.0,1.0,15.0,1.0,0,5,Nagpur,TransRail Lighting,553,8.9,4921.7
7,21.0,3.0,19.0,1.0,0,5,Nagpur,Reliance Energy,553,8.9,4921.7
11,22.0,3.0,6.0,1.0,0,5,Nagpur,NLC India,528,8.9,4699.2
21,23.0,2.0,3.0,1.0,0,5,Nagpur,Optibelt Power Transmission India Private Limited,528,8.9,4699.2
10,21.0,3.0,13.0,1.0,0,5,Nagpur,L&T Transmission & Distribution,616,8.9,5482.400000000000
7,21.0,1.0,3.0,1.0,0,5,Nagpur,Reliance Power,380,8.9,3382.0
18,22.0,1.0,7.0,1.0,0,5,Nagpur,NLC India,532,8.9,4734.8
12,22.0,2.0,5.0,1.0,0,5,Nagpur,NLC India,532,8.9,4734.8
12,23.0,3.0,22.0,1.0,0,5,Nagpur,NTPC Pvt. Ltd.,532,8.9,4734.8
20,23.0,3.0,4.0,1.0,0,5,Nagpur,Jyoti Structure,486,8.9,4325.400000000000
10,18.0,3.0,16.0,1.0,0,5,Nagpur,GE T&D India Limited,405,8.9,3604.5
21,23.0,2.0,14.0,1.0,0,5,Nagpur,L&T Transmission & Distribution,672,8.9,5980.8
18,22.0,0.0,12.0,1.0,0,5,Nagpur,KEC International,588,8.9,5233.2
13,23.0,1.0,4.0,1.0,0,5,Nagpur,JSW Energy Ltd.,435,8.9,3871.5
6,22.0,1.0,15.0,7.0,0,5,Nagpur,Power Grid Corp,389,8.9,3462.1000000000000
11,22.0,3.0,4.0,1.0,0,5,Nagpur,Ringfeder Power Transmission India Pvt. Ltd.,389,8.9,3462.1000000000000
21,22.0,0.0,12.0,1.0,0,5,Nagpur,Sunil Hitech Eng,554,8.9,4930.6
11,22.0,1.0,21.0,1.0,0,5,Nagpur,GE T&D India Limited,463,8.9,4120.7
6,20.0,3.0,21.0,1.0,0,5,Nagpur,Unitech Power Transmission Ltd.,463,8.9,4120.7
22,23.0,1.0,5.0,1.0,0,5,Nagpur,KEC International,431,8.9,3835.9
20,22.0,1.0,10.0,1.0,0,5,Nagpur,Optibelt Power Transmission India Private Limited,431,8.9,3835.9
7,20.0,1.0,17.0,1.0,0,5,Nagpur,Kalpataru Power,506,8.9,4503.400000000000
9,21.0,2.0,21.0,1.0,0,5,Nagpur,L&T Transmission & Distribution,587,8.9,5224.3
18,22.0,3.0,3.0,1.0,0,5,Nagpur,Optibelt Power Transmission India Private Limited,587,8.9,5224.3
22,23.0,2.0,13.0,1.0,0,5,Nagpur,Jyoti Structure,691,8.9,6149.900000000000
14,23.0,3.0,16.0,12.0,0,5,Nagpur,L&T Transmission & Distribution,721,8.9,6416.900000000000
18,23.0,3.0,14.0,12.0,0,5,Nagpur,Guj Ind Power,633,8.9,5633.7
8,18.0,1.0,6.0,7.0,0,5,Nagpur,SJVN Ltd.,276,8.9,2456.4
17,22.0,1.0,14.0,1.0,0,5,Nagpur,NHPC,504,8.9,4485.6
20,23.0,2.0,16.0,1.0,0,5,Nagpur,SJVN Ltd.,488,8.9,4343.2
17,23.0,1.0,8.0,12.0,0,5,Nagpur,NTPC Pvt. Ltd.,551,8.9,4903.900000000000
12,22.0,1.0,7.0,1.0,0,5,Nagpur,Jaiprakash Power,410,8.9,3649.0
5,23.0,2.0,5.0,1.0,0,5,Nagpur,CESC,307,8.9,2732.3
23,23.0,1.0,5.0,1.0,0,5,Nagpur,Guj Ind Power,522,8.9,4645.8
5,21.0,0.0,14.0,1.0,0,5,Nagpur,SJVN Ltd.,518,8.9,4610.2
22,23.0,2.0,13.0,1.0,0,5,Nagpur,Guj Ind Power,542,8.9,4823.8
17,22.0,0.0,19.0,12.0,0,5,Nagpur,Tata Power Company Ltd.,696,8.9,6194.400000000000
15,23.0,2.0,21.0,1.0,0,5,Nagpur,Reliance Power,696,8.9,6194.400000000000
15,22.0,3.0,11.0,1.0,0,5,Nagpur,Power Grid Corp,561,8.9,4992.900000000000
10,19.0,3.0,7.0,1.0,0,5,Nagpur,Torrent Power Ltd.,561,8.9,4992.900000000000
16,23.0,1.0,6.0,1.0,0,5,Nagpur,Neueon Towers / Sujana Towers Ltd.,423,8.9,3764.7000000000000
18,23.0,0.0,11.0,12.0,0,5,Nagpur,Guj Ind Power,475,8.9,4227.5
14,23.0,3.0,17.0,1.0,0,5,Nagpur,Indowind Energy,594,8.9,5286.6
18,22.0,3.0,5.0,1.0,0,5,Nagpur,SJVN Ltd.,574,8.9,5108.6
10,23.0,3.0,14.0,1.0,0,5,Nagpur,Reliance Power,494,8.9,4396.6
22,22.0,0.0,21.0,1.0,0,5,Nagpur,Adani Power Ltd.,676,8.9,6016.400000000000
11,22.0,3.0,15.0,1.0,0,5,Nagpur,Bonfiglioli Transmission Pvt. Ltd.,558,8.9,4966.2
11,22.0,1.0,11.0,12.0,0,5,Nagpur,GE T&D India Limited,558,8.9,4966.2
6,23.0,2.0,6.0,1.0,0,5,Nagpur,Kalpataru Power,306,8.9,2723.4
20,22.0,1.0,21.0,1.0,0,5,Nagpur,CESC,689,8.9,6132.1
22,22.0,1.0,12.0,1.0,0,5,Nagpur,Adani Power Ltd.,459,8.9,4085.1000000000000
15,23.0,1.0,12.0,1.0,0,5,Nagpur,Sunil Hitech Eng,536,8.9,4770.400000000000
19,23.0,2.0,19.0,1.0,0,5,Nagpur,Optibelt Power Transmission India Private Limited,699,8.9,6221.1
18,22.0,2.0,22.0,1.0,0,5,Nagpur,GE T&D India Limited,699,8.9,6221.1
10,17.0,0.0,13.0,1.0,0,5,Nagpur,Unitech Power Transmission Ltd.,360,8.9,3204.0
6,23.0,3.0,18.0,1.0,0,5,Nagpur,Reliance Energy,442,8.9,3933.8
8,23.0,3.0,17.0,1.0,0,5,Nagpur,Ringfeder Power Transmission India Pvt. Ltd.,575,8.9,5117.5
18,23.0,2.0,11.0,1.0,0,5,Nagpur,Sterlite Power Transmission Ltd,497,8.9,4423.3
11,23.0,3.0,19.0,1.0,0,5,Nagpur,Sterlite Power Transmission Ltd,515,8.9,4583.5
10,18.0,1.0,16.0,1.0,0,5,Nagpur,Bonfiglioli Transmission Pvt. Ltd.,413,8.9,3675.7000000000000
23,22.0,0.0,7.0,1.0,0,5,Nagpur,Unitech Power Transmission Ltd.,469,8.9,4174.1
8,23.0,3.0,12.0,1.0,0,5,Nagpur,SJVN Ltd.,469,8.9,4174.1
22,23.0,2.0,20.0,1.0,0,5,Nagpur,CESC,794,8.9,7066.6
22,23.0,1.0,13.0,12.0,0,5,Nagpur,Adani Power Ltd.,793,8.9,7057.700000000000
21,23.0,0.0,20.0,12.0,0,5,Nagpur,L&T Transmission & Distribution,793,8.9,7057.700000000000
23,23.0,3.0,4.0,1.0,0,5,Nagpur,Toshiba Transmission & Distribution Systems (India) Pvt. Ltd.,629,8.9,5598.1
13,22.0,2.0,18.0,1.0,0,5,Nagpur,Reliance Power,512,8.9,4556.8
7,19.0,1.0,5.0,1.0,0,5,Nagpur,Guj Ind Power,327,8.9,2910.3
7,17.0,0.0,4.0,7.0,0,5,Nagpur,Jaiprakash Power,386,8.9,3435.4
18,23.0,0.0,13.0,1.0,0,5,Nagpur,"Maha Transco – Maharashtra State Electricity Transmission Co, Ltd.",386,8.9,3435.4
19,22.0,2.0,22.0,1.0,0,5,Nagpur,Tata Power Company Ltd.,784,8.9,6977.6
20,22.0,1.0,4.0,1.0,0,5,Nagpur,TransRail Lighting,345,8.9,3070.5
11,22.0,2.0,22.0,1.0,0,5,Nagpur,TransRail Lighting,592,8.9,5268.8
15,22.0,0.0,13.0,12.0,0,5,Nagpur,"Maha Transco – Maharashtra State Electricity Transmission Co, Ltd.",654,8.9,5820.6
6,17.0,0.0,10.0,1.0,0,5,Nagpur,L&T Transmission & Distribution,445,8.9,3960.5
14,23.0,2.0,7.0,1.0,0,5,Nagpur,NTPC Pvt. Ltd.,622,8.9,5535.8
9,22.0,3.0,15.0,1.0,0,5,Nagpur,Reliance Energy,622,8.9,5535.8
22,23.0,1.0,14.0,1.0,0,5,Nagpur,GE T&D India Limited,623,8.9,5544.7
19,23.0,0.0,11.0,12.0,0,5,Nagpur,Optibelt Power Transmission India Private Limited,505,8.9,4494.5
5,17.0,1.0,19.0,1.0,0,5,Nagpur,Reliance Energy,375,8.9,3337.5
22,22.0,0.0,9.0,12.0,0,5,Nagpur,Sunil Hitech Eng,610,8.9,5429.0
18,22.0,3.0,6.0,1.0,0,5,Nagpur,TransRail Lighting,565,8.9,5028.5
23,22.0,2.0,5.0,1.0,0,5,Nagpur,SJVN Ltd.,617,8.9,5491.3
14,23.0,0.0,18.0,1.0,0,5,Nagpur,"Maha Transco – Maharashtra State Electricity Transmission Co, Ltd.",467,8.9,4156.3
17,23.0,1.0,10.0,1.0,0,5,Nagpur,Neueon Towers / Sujana Towers Ltd.,453,8.9,4031.7000000000000
9,21.0,2.0,7.0,1.0,0,5,Nagpur,Adani Power Ltd.,509,8.9,4530.1
20,23.0,1.0,7.0,1.0,0,5,Nagpur,NTPC Pvt. Ltd.,429,8.9,3818.1000000000000
10,18.0,1.0,8.0,1.0,0,5,Nagpur,KEC International,426,8.9,3791.4
5,22.0,1.0,20.0,7.0,0,5,Nagpur,Orient Green,655,8.9,5829.5
14,22.0,2.0,20.0,1.0,0,5,Nagpur,Guj Ind Power,473,8.9,4209.7
22,23.0,1.0,17.0,1.0,0,5,Nagpur,Torrent Power Ltd.,717,8.9,6381.3
21,22.0,0.0,20.0,1.0,0,5,Nagpur,Sunil Hitech Eng,563,8.9,5010.7
16,22.0,0.0,20.0,1.0,0,5,Nagpur,Adani Power Ltd.,590,8.9,5251.0
15,22.0,1.0,20.0,1.0,0,5,Nagpur,Kalpataru Power,521,8.9,4636.900000000000
11,23.0,3.0,19.0,1.0,0,5,Nagpur,NLC India,485,8.9,4316.5
15,23.0,2.0,22.0,12.0,0,5,Nagpur,TransRail Lighting,630,8.9,5607.0
22,22.0,3.0,6.0,1.0,0,5,Nagpur,Bonfiglioli Transmission Pvt. Ltd.,514,8.9,4574.6
22,22.0,2.0,11.0,12.0,0,5,Nagpur,Power Grid Corp,642,8.9,5713.8
7,20.0,1.0,5.0,1.0,0,5,Nagpur,KEC International,246,8.9,2189.4
23,23.0,0.0,9.0,1.0,0,5,Nagpur,KEC International,546,8.9,4859.400000000000
6,23.0,0.0,7.0,1.0,0,5,Nagpur,Torrent Power Ltd.,462,8.9,4111.8
5,18.0,3.0,13.0,1.0,0,5,Nagpur,Reliance Energy,390,8.9,3471.0
6,21.0,0.0,16.0,1.0,0,5,Nagpur,SJVN Ltd.,304,8.9,2705.6
8,20.0,0.0,5.0,1.0,0,5,Nagpur,Kalpataru Power,332,8.9,2954.8
23,23.0,1.0,5.0,1.0,0,5,Nagpur,NLC India,557,8.9,4957.3
15,23.0,0.0,5.0,12.0,0,5,Nagpur,Bonfiglioli Transmission Pvt. Ltd.,584,8.9,5197.6
20,23.0,3.0,3.0,1.0,0,5,Nagpur,Unitech Power Transmission Ltd.,584,8.9,5197.6
19,22.0,2.0,8.0,12.0,0,5,Nagpur,Neueon Towers / Sujana Towers Ltd.,584,8.9,5197.6
22,22.0,0.0,12.0,1.0,0,5,Nagpur,Kalpataru Power,624,8.9,5553.6
19,22.0,0.0,18.0,1.0,0,5,Nagpur,Reliance Power,451,8.9,4013.9
17,22.0,0.0,13.0,1.0,0,5,Nagpur,Indowind Energy,433,8.9,3853.7000000000000
11,22.0,2.0,6.0,1.0,0,5,Nagpur,TransRail Lighting,331,8.9,2945.9
14,22.0,2.0,15.0,1.0,0,5,Nagpur,NHPC,458,8.9,4076.2000000000000
9,22.0,2.0,12.0,1.0,0,5,Nagpur,Sterlite Power Transmission Ltd,474,8.9,4218.6
6,21.0,3.0,15.0,1.0,0,5,Nagpur,NLC India,474,8.9,4218.6
10,22.0,0.0,22.0,1.0,0,5,Nagpur,Ringfeder Power Transmission India Pvt. Ltd.,519,8.9,4619.1
18,22.0,3.0,13.0,12.0,0,5,Nagpur,Guj Ind Power,707,8.9,6292.3
14,22.0,0.0,10.0,1.0,0,5,Nagpur,Orient Green,418,8.9,3720.2000000000000
21,23.0,0.0,11.0,1.0,0,5,Nagpur,GE T&D India Limited,418,8.9,3720.2000000000000
10,23.0,0.0,3.0,1.0,0,5,Nagpur,Guj Ind Power,344,8.9,3061.6
17,22.0,1.0,13.0,1.0,0,5,Nagpur,GE T&D India Limited,516,8.9,4592.400000000000
7,18.0,2.0,16.0,1.0,0,5,Nagpur,Jyoti Structure,367,8.9,3266.3
7,17.0,2.0,19.0,1.0,0,5,Nagpur,TransRail Lighting,367,8.9,3266.3
5,20.0,3.0,16.0,7.0,0,5,Nagpur,Reliance Power,470,8.9,4183.0
18,23.0,3.0,7.0,1.0,0,5,Nagpur,NHPC,470,8.9,4183.0
10,19.0,0.0,12.0,1.0,0,5,Nagpur,Neueon Towers / Sujana Towers Ltd.,470,8.9,4183.0
12,23.0,2.0,7.0,1.0,0,5,Nagpur,TransRail Lighting,507,8.9,4512.3
18,23.0,0.0,18.0,1.0,0,5,Nagpur,KEC International,628,8.9,5589.2
23,23.0,3.0,21.0,1.0,0,5,Nagpur,Power Grid Corp,628,8.9,5589.2
14,23.0,3.0,17.0,1.0,0,5,Nagpur,Sterlite Power Transmission Ltd,628,8.9,5589.2
15,22.0,3.0,4.0,1.0,0,5,Nagpur,CESC,417,8.9,3711.3
11,22.0,1.0,3.0,1.0,0,5,Nagpur,NTPC Pvt. Ltd.,498,8.9,4432.2
22,23.0,3.0,9.0,1.0,0,5,Nagpur,GE T&D India Limited,498,8.9,4432.2
5,21.0,0.0,18.0,1.0,0,5,Nagpur,"Maha Transco – Maharashtra State Electricity Transmission Co, Ltd.",498,8.9,4432.2
12,22.0,2.0,3.0,1.0,0,5,Nagpur,NTPC Pvt. Ltd.,394,8.9,3506.6000000000000
23,22.0,3.0,7.0,1.0,0,5,Nagpur,Indowind Energy,698,8.9,6212.2
12,23.0,0.0,13.0,12.0,0,5,Nagpur,Jyoti Structure,698,8.9,6212.2
20,23.0,3.0,17.0,1.0,0,5,Nagpur,Jaiprakash Power,733,8.9,6523.7
15,23.0,3.0,10.0,12.0,0,5,Nagpur,Reliance Power,666,8.9,5927.400000000000
20,23.0,3.0,11.0,1.0,0,5,Nagpur,KEC International,595,8.9,5295.5
13,22.0,2.0,13.0,1.0,0,5,Nagpur,GE T&D India Limited,613,8.9,5455.7
20,23.0,0.0,11.0,1.0,0,5,Nagpur,NTPC Pvt. Ltd.,613,8.9,5455.7
17,23.0,1.0,16.0,12.0,0,5,Nagpur,TransRail Lighting,613,8.9,5455.7
23,23.0,0.0,11.0,1.0,0,5,Nagpur,"Maha Transco – Maharashtra State Electricity Transmission Co, Ltd.",483,8.9,4298.7
23,23.0,0.0,5.0,1.0,0,5,Nagpur,L&T Transmission & Distribution,339,8.9,3017.1
10,22.0,1.0,10.0,1.0,0,5,Nagpur,Sunil Hitech Eng,339,8.9,3017.1
8,22.0,0.0,6.0,1.0,0,5,Nagpur,Ringfeder Power Transmission India Pvt. Ltd.,457,8.9,4067.3
20,23.0,3.0,5.0,12.0,0,5,Nagpur,NTPC Pvt. Ltd.,632,8.9,5624.8
14,22.0,1.0,17.0,1.0,0,5,Nagpur,CESC,520,8.9,4628.0
7,17.0,2.0,16.0,7.0,0,5,Nagpur,KEC International,489,8.9,4352.1
8,21.0,1.0,20.0,7.0,0,5,Nagpur,Torrent Power Ltd.,489,8.9,4352.1
20,23.0,1.0,17.0,1.0,0,5,Nagpur,Power Grid Corp,523,8.9,4654.7
20,22.0,1.0,3.0,1.0,0,5,Nagpur,"Maha Transco – Maharashtra State Electricity Transmission Co, Ltd.",523,8.9,4654.7
16,23.0,3.0,18.0,1.0,0,5,Nagpur,CESC,547,8.9,4868.3
12,22.0,2.0,8.0,1.0,0,5,Nagpur,Torrent Power Ltd.,547,8.9,4868.3
11,23.0,0.0,15.0,1.0,0,5,Nagpur,Sterlite Power Transmission Ltd,438,8.9,3898.2000000000000
17,23.0,2.0,4.0,1.0,0,5,Nagpur,Neueon Towers / Sujana Towers Ltd.,372,8.9,3310.8
21,22.0,3.0,5.0,12.0,0,5,Nagpur,SJVN Ltd.,510,8.9,4539.0
5,23.0,0.0,5.0,1.0,0,5,Nagpur,Sunil Hitech Eng,328,8.9,2919.2000000000000
6,23.0,2.0,4.0,7.0,0,5,Nagpur,Jaiprakash Power,341,8.9,3034.9
11,23.0,3.0,11.0,12.0,0,5,Nagpur,Torrent Power Ltd.,652,8.9,5802.8
6,22.0,1.0,20.0,1.0,0,5,Nagpur,"Maha Transco – Maharashtra State Electricity Transmission Co, Ltd.",620,8.9,5518.0
14,22.0,1.0,11.0,1.0,0,5,Nagpur,Adani Power Ltd.,620,8.9,5518.0
16,22.0,2.0,3.0,1.0,0,5,Nagpur,Torrent Power Ltd.,479,8.9,4263.1
20,23.0,0.0,13.0,1.0,0,5,Nagpur,KEC International,479,8.9,4263.1
12,22.0,1.0,6.0,1.0,0,5,Nagpur,Sunil Hitech Eng,362,8.9,3221.8
19,23.0,2.0,21.0,1.0,0,5,Nagpur,GE T&D India Limited,637,8.9,5669.3
12,22.0,1.0,22.0,1.0,0,5,Nagpur,Indowind Energy,573,8.9,5099.7
8,18.0,3.0,14.0,1.0,0,5,Nagpur,Neueon Towers / Sujana Towers Ltd.,466,8.9,4147.400000000000
12,22.0,1.0,7.0,1.0,0,5,Nagpur,Jyoti Structure,466,8.9,4147.400000000000
10,23.0,1.0,14.0,1.0,0,5,Nagpur,Neueon Towers / Sujana Towers Ltd.,634,8.9,5642.6
20,22.0,3.0,12.0,12.0,0,5,Nagpur,GE T&D India Limited,684,8.9,6087.6
21,22.0,1.0,22.0,1.0,0,5,Nagpur,Reliance Energy,657,8.9,5847.3
14,23.0,2.0,11.0,1.0,0,5,Nagpur,KEC International,562,8.9,5001.8
15,23.0,3.0,22.0,1.0,0,5,Nagpur,Tata Power Company Ltd.,739,8.9,6577.1
16,22.0,0.0,7.0,1.0,0,5,Nagpur,"Maha Transco – Maharashtra State Electricity Transmission Co, Ltd.",371,8.9,3301.9
8,18.0,3.0,22.0,1.0,0,5,Nagpur,Guj Ind Power,627,8.9,5580.3
22,22.0,0.0,13.0,1.0,0,5,Nagpur,JSW Energy Ltd.,627,8.9,5580.3
17,22.0,0.0,19.0,1.0,0,5,Nagpur,Orient Green,499,8.9,4441.1
6,19.0,0.0,17.0,7.0,0,5,Nagpur,Jaiprakash Power,499,8.9,4441.1
7,17.0,2.0,22.0,1.0,0,5,Nagpur,Reliance Power,374,8.9,3328.6
6,21.0,2.0,5.0,1.0,0,5,Nagpur,Bonfiglioli Transmission Pvt. Ltd.,401,8.9,3568.9
12,23.0,2.0,13.0,1.0,0,5,Nagpur,Indowind Energy,495,8.9,4405.5
11,22.0,1.0,18.0,1.0,0,5,Nagpur,Ringfeder Power Transmission India Pvt. Ltd.,495,8.9,4405.5
18,22.0,1.0,20.0,1.0,0,5,Nagpur,Toshiba Transmission & Distribution Systems (India) Pvt. Ltd.,730,8.9,6497.0
12,22.0,3.0,4.0,1.0,0,5,Nagpur,Ratnagiri Gas and Power Pvt. Ltd. (RGPPL),404,8.9,3595.6000000000000
17,22.0,1.0,9.0,1.0,0,5,Nagpur,Reliance Power,402,8.9,3577.8
9,19.0,3.0,5.0,1.0,0,5,Nagpur,Jyoti Structure,533,8.9,4743.7
16,23.0,0.0,5.0,1.0,0,5,Nagpur,Optibelt Power Transmission India Private Limited,508,8.9,4521.2
7,23.0,2.0,16.0,1.0,0,5,Nagpur,Tata Power Company Ltd.,589,8.9,5242.1
17,22.0,0.0,4.0,1.0,0,5,Nagpur,Kalpataru Power,478,8.9,4254.2
9,23.0,0.0,16.0,1.0,0,5,Nagpur,GE T&D India Limited,478,8.9,4254.2
21,23.0,2.0,15.0,1.0,0,5,Nagpur,NHPC,478,8.9,4254.2
15,23.0,1.0,17.0,1.0,0,5,Nagpur,"Maha Transco – Maharashtra State Electricity Transmission Co, Ltd.",537,8.9,4779.3
9,20.0,2.0,22.0,1.0,0,5,Nagpur,Tata Power Company Ltd.,537,8.9,4779.3
14,23.0,1.0,13.0,1.0,0,5,Nagpur,Toshiba Transmission & Distribution Systems (India) Pvt. Ltd.,604,8.9,5375.6
20,22.0,0.0,21.0,12.0,0,5,Nagpur,TransRail Lighting,569,8.9,5064.1
12,23.0,2.0,8.0,1.0,0,5,Nagpur,Adani Power Ltd.,378,8.9,3364.2000000000000
6,20.0,1.0,6.0,1.0,0,5,Nagpur,Tata Power Company Ltd.,256,8.9,2278.4
12,23.0,3.0,17.0,12.0,0,5,Nagpur,Reliance Energy,619,8.9,5509.1
21,22.0,1.0,18.0,12.0,0,5,Nagpur,Tata Power Company Ltd.,682,8.9,6069.8
10,17.0,1.0,14.0,1.0,0,5,Nagpur,Reliance Power,403,8.9,3586.7000000000000
17,22.0,1.0,19.0,1.0,0,5,Nagpur,SJVN Ltd.,675,8.9,6007.5
16,23.0,3.0,16.0,1.0,0,5,Nagpur,Bonfiglioli Transmission Pvt. Ltd.,723,8.9,6434.7
19,23.0,2.0,7.0,12.0,0,5,Nagpur,L&T Transmission & Distribution,674,8.9,5998.6
5,18.0,1.0,10.0,1.0,0,5,Nagpur,NHPC,346,8.9,3079.4
19,22.0,0.0,9.0,12.0,0,5,Nagpur,Jyoti Structure,683,8.9,6078.7
19,22.0,3.0,19.0,12.0,0,5,Nagpur,Orient Green,683,8.9,6078.7
13,23.0,1.0,12.0,1.0,0,5,Nagpur,Jyoti Structure,376,8.9,3346.4
7,21.0,1.0,3.0,1.0,0,5,Nagpur,Guj Ind Power,376,8.9,3346.4
5,21.0,2.0,22.0,1.0,0,5,Nagpur,TransRail Lighting,568,8.9,5055.2
21,23.0,2.0,20.0,12.0,0,5,Nagpur,SJVN Ltd.,663,8.9,5900.7
5,19.0,0.0,19.0,1.0,0,5,Nagpur,Sunil Hitech Eng,305,8.9,2714.5
8,20.0,1.0,3.0,1.0,0,5,Nagpur,CESC,305,8.9,2714.5
22,22.0,2.0,6.0,1.0,0,5,Nagpur,GE T&D India Limited,645,8.9,5740.5
6,23.0,1.0,8.0,7.0,0,5,Nagpur,L&T Transmission & Distribution,351,8.9,3123.9
13,23.0,1.0,5.0,1.0,0,5,Nagpur,Jaiprakash Power,314,8.9,2794.6
11,23.0,0.0,22.0,12.0,0,5,Nagpur,TransRail Lighting,701,8.9,6238.900000000000
23,22.0,3.0,21.0,1.0,0,5,Nagpur,Sunil Hitech Eng,814,8.9,7244.6
5,18.0,0.0,9.0,1.0,0,5,Nagpur,Unitech Power Transmission Ltd.,192,8.9,1708.8000000000000
9,17.0,3.0,18.0,1.0,0,5,Nagpur,NTPC Pvt. Ltd.,382,8.9,3399.8
6,17.0,0.0,7.0,1.0,0,5,Nagpur,"Maha Transco – Maharashtra State Electricity Transmission Co, Ltd.",261,8.9,2322.9
14,23.0,2.0,12.0,12.0,0,5,Nagpur,Jaiprakash Power,712,8.9,6336.8
14,22.0,3.0,13.0,1.0,0,5,Nagpur,Sunil Hitech Eng,580,8.9,5162.0
8,20.0,0.0,20.0,1.0,0,5,Nagpur,TransRail Lighting,580,8.9,5162.0
21,23.0,3.0,17.0,1.0,0,5,Nagpur,CESC,718,8.9,6390.2
18,22.0,3.0,16.0,12.0,0,5,Nagpur,SJVN Ltd.,831,8.9,7395.900000000000
10,23.0,1.0,9.0,1.0,0,5,Nagpur,GE T&D India Limited,447,8.9,3978.3
15,22.0,3.0,19.0,1.0,0,5,Nagpur,Kalpataru Power,746,8.9,6639.400000000000
6,20.0,2.0,14.0,1.0,0,5,Nagpur,Reliance Energy,482,8.9,4289.8
22,22.0,2.0,16.0,1.0,0,5,Nagpur,KEC International,658,8.9,5856.2
15,22.0,1.0,8.0,1.0,0,5,Nagpur,Power Grid Corp,353,8.9,3141.7000000000000
9,19.0,0.0,13.0,1.0,0,5,Nagpur,NLC India,353,8.9,3141.7000000000000
5,22.0,1.0,4.0,1.0,0,5,Nagpur,Sunil Hitech Eng,309,8.9,2750.1
10,18.0,3.0,12.0,1.0,0,5,Nagpur,Kalpataru Power,548,8.9,4877.2
7,17.0,1.0,5.0,1.0,0,5,Nagpur,Reliance Energy,291,8.9,2589.9
18,23.0,0.0,21.0,1.0,0,5,Nagpur,JSW Energy Ltd.,706,8.9,6283.400000000000
12,23.0,1.0,18.0,12.0,0,5,Nagpur,L&T Transmission & Distribution,709,8.9,6310.1
11,23.0,3.0,21.0,1.0,0,5,Nagpur,TransRail Lighting,545,8.9,4850.5
10,20.0,3.0,6.0,1.0,0,5,Mumbai,Indowind Energy,352,9.2,3238.4000000000000
7,23.0,2.0,21.0,1.0,0,5,Mumbai,CESC,484,9.2,4452.800000000000
18,22.0,0.0,18.0,1.0,0,5,Mumbai,Reliance Energy,484,9.2,4452.800000000000
22,22.0,1.0,22.0,12.0,0,5,Mumbai,GE T&D India Limited,682,9.2,6274.4
6,20.0,2.0,11.0,7.0,0,5,Mumbai,Reliance Energy,513,9.2,4719.600000000000
23,22.0,3.0,12.0,1.0,0,5,Mumbai,Reliance Power,532,9.2,4894.4
8,19.0,0.0,19.0,1.0,0,5,Mumbai,Toshiba Transmission & Distribution Systems (India) Pvt. Ltd.,567,9.2,5216.4
23,23.0,1.0,21.0,1.0,0,5,Mumbai,Guj Ind Power,567,9.2,5216.4
19,23.0,0.0,6.0,12.0,0,5,Mumbai,Toshiba Transmission & Distribution Systems (India) Pvt. Ltd.,567,9.2,5216.4
16,22.0,2.0,4.0,1.0,0,5,Mumbai,Ratnagiri Gas and Power Pvt. Ltd. (RGPPL),567,9.2,5216.4
6,23.0,1.0,8.0,1.0,0,5,Mumbai,CESC,462,9.2,4250.4
5,20.0,3.0,13.0,1.0,0,5,Mumbai,Reliance Energy,462,9.2,4250.4
20,23.0,2.0,11.0,1.0,0,5,Mumbai,Torrent Power Ltd.,462,9.2,4250.4
12,22.0,0.0,7.0,12.0,0,5,Mumbai,NHPC,588,9.2,5409.600000000000
20,22.0,3.0,3.0,1.0,0,5,Mumbai,TransRail Lighting,435,9.2,4002.0000000000000
12,22.0,2.0,16.0,1.0,0,5,Mumbai,Orient Green,435,9.2,4002.0000000000000
12,22.0,2.0,14.0,1.0,0,5,Mumbai,Optibelt Power Transmission India Private Limited,437,9.2,4020.4000000000000
14,23.0,1.0,19.0,1.0,0,5,Mumbai,"Maha Transco – Maharashtra State Electricity Transmission Co, Ltd.",488,9.2,4489.600000000000
7,21.0,0.0,11.0,1.0,0,5,Mumbai,Optibelt Power Transmission India Private Limited,321,9.2,2953.2
5,21.0,3.0,5.0,1.0,0,5,Mumbai,Ringfeder Power Transmission India Pvt. Ltd.,321,9.2,2953.2
12,22.0,3.0,9.0,12.0,0,5,Mumbai,Toshiba Transmission & Distribution Systems (India) Pvt. Ltd.,618,9.2,5685.600000000000
23,22.0,2.0,3.0,1.0,0,5,Mumbai,CESC,618,9.2,5685.600000000000
18,23.0,2.0,16.0,1.0,0,5,Mumbai,Sunil Hitech Eng,621,9.2,5713.2
16,22.0,0.0,11.0,1.0,0,5,Mumbai,Unitech Power Transmission Ltd.,442,9.2,4066.4000000000000
17,22.0,3.0,14.0,1.0,0,5,Mumbai,GE T&D India Limited,689,9.2,6338.800000000000
18,22.0,0.0,15.0,1.0,0,5,Mumbai,"Maha Transco – Maharashtra State Electricity Transmission Co, Ltd.",631,9.2,5805.2
11,22.0,3.0,3.0,12.0,0,5,Mumbai,"Maha Transco – Maharashtra State Electricity Transmission Co, Ltd.",631,9.2,5805.2
13,22.0,3.0,18.0,12.0,0,5,Mumbai,Jyoti Structure,641,9.2,5897.2
12,22.0,1.0,20.0,1.0,0,5,Mumbai,JSW Energy Ltd.,557,9.2,5124.4
12,23.0,2.0,4.0,1.0,0,5,Mumbai,Bonfiglioli Transmission Pvt. Ltd.,556,9.2,5115.2
23,22.0,1.0,6.0,12.0,0,5,Mumbai,TransRail Lighting,583,9.2,5363.600000000000
23,22.0,3.0,22.0,1.0,0,5,Mumbai,Adani Power Ltd.,707,9.2,6504.4
14,22.0,1.0,10.0,12.0,0,5,Mumbai,TransRail Lighting,527,9.2,4848.4
16,22.0,0.0,3.0,1.0,0,5,Mumbai,KEC International,527,9.2,4848.4
21,22.0,0.0,21.0,1.0,0,5,Mumbai,Jyoti Structure,527,9.2,4848.4
11,23.0,1.0,16.0,1.0,0,5,Mumbai,Adani Power Ltd.,515,9.2,4738.0
12,22.0,3.0,20.0,1.0,0,5,Mumbai,GE T&D India Limited,558,9.2,5133.600000000000
18,22.0,0.0,7.0,1.0,0,5,Mumbai,Tata Power Company Ltd.,490,9.2,4508.0
21,23.0,2.0,15.0,1.0,0,5,Mumbai,Neueon Towers / Sujana Towers Ltd.,520,9.2,4784.0
20,22.0,0.0,4.0,1.0,0,5,Mumbai,JSW Energy Ltd.,394,9.2,3624.8000000000000
11,22.0,2.0,10.0,1.0,0,5,Mumbai,Adani Power Ltd.,512,9.2,4710.4
18,22.0,2.0,11.0,12.0,0,5,Mumbai,NHPC,512,9.2,4710.4
22,23.0,0.0,21.0,1.0,0,5,Mumbai,Reliance Power,507,9.2,4664.4
15,23.0,2.0,15.0,1.0,0,5,Mumbai,Guj Ind Power,507,9.2,4664.4
10,17.0,0.0,21.0,7.0,0,5,Mumbai,Ratnagiri Gas and Power Pvt. Ltd. (RGPPL),443,9.2,4075.6
17,22.0,2.0,13.0,1.0,0,5,Mumbai,Reliance Energy,577,9.2,5308.4
8,18.0,3.0,10.0,1.0,0,5,Mumbai,TransRail Lighting,456,9.2,4195.2
22,22.0,2.0,18.0,1.0,0,5,Mumbai,Unitech Power Transmission Ltd.,726,9.2,6679.2
12,23.0,3.0,20.0,12.0,0,5,Mumbai,Unitech Power Transmission Ltd.,654,9.2,6016.800000000000
10,22.0,0.0,11.0,7.0,0,5,Mumbai,Adani Power Ltd.,448,9.2,4121.600000000000
19,23.0,2.0,3.0,12.0,0,5,Mumbai,GE T&D India Limited,509,9.2,4682.800000000000
11,23.0,3.0,12.0,12.0,0,5,Mumbai,Jaiprakash Power,546,9.2,5023.2
23,23.0,1.0,12.0,12.0,0,5,Mumbai,Orient Green,546,9.2,5023.2
8,17.0,2.0,8.0,1.0,0,5,Mumbai,Orient Green,384,9.2,3532.8000000000000
7,23.0,2.0,8.0,7.0,0,5,Mumbai,Jaiprakash Power,530,9.2,4876.0
7,19.0,2.0,18.0,1.0,0,5,Mumbai,JSW Energy Ltd.,408,9.2,3753.6
18,22.0,3.0,15.0,1.0,0,5,Mumbai,TransRail Lighting,523,9.2,4811.600000000000
9,21.0,3.0,10.0,7.0,0,5,Mumbai,L&T Transmission & Distribution,523,9.2,4811.600000000000
16,23.0,1.0,8.0,12.0,0,5,Mumbai,Power Grid Corp,619,9.2,5694.800000000000
9,19.0,0.0,17.0,7.0,0,5,Mumbai,CESC,598,9.2,5501.600000000000
17,22.0,0.0,11.0,12.0,0,5,Mumbai,"Maha Transco – Maharashtra State Electricity Transmission Co, Ltd.",504,9.2,4636.800000000000
17,23.0,1.0,3.0,1.0,0,5,Mumbai,Orient Green,345,9.2,3174.0000000000000
11,22.0,1.0,14.0,12.0,0,5,Mumbai,Reliance Power,524,9.2,4820.800000000000
9,18.0,0.0,17.0,1.0,0,5,Mumbai,Unitech Power Transmission Ltd.,524,9.2,4820.800000000000
8,17.0,2.0,21.0,1.0,0,5,Mumbai,Reliance Energy,524,9.2,4820.800000000000
19,22.0,3.0,11.0,1.0,0,5,Mumbai,NLC India,579,9.2,5326.800000000000
12,23.0,0.0,21.0,1.0,0,5,Mumbai,Orient Green,579,9.2,5326.800000000000
23,23.0,2.0,10.0,1.0,0,5,Mumbai,Tata Power Company Ltd.,702,9.2,6458.4
16,23.0,1.0,19.0,1.0,0,5,Mumbai,SJVN Ltd.,695,9.2,6394.000000000000
10,20.0,2.0,21.0,1.0,0,5,Mumbai,KEC International,584,9.2,5372.800000000000
17,22.0,0.0,18.0,1.0,0,5,Mumbai,Guj Ind Power,652,9.2,5998.4
23,23.0,3.0,10.0,12.0,0,5,Mumbai,"Maha Transco – Maharashtra State Electricity Transmission Co, Ltd.",652,9.2,5998.4
13,22.0,0.0,9.0,1.0,0,5,Mumbai,Indowind Energy,469,9.2,4314.800000000000
8,23.0,3.0,11.0,7.0,0,5,Mumbai,NLC India,469,9.2,4314.800000000000
23,22.0,0.0,19.0,1.0,0,5,Mumbai,Bonfiglioli Transmission Pvt. Ltd.,470,9.2,4324.0
18,23.0,1.0,12.0,1.0,0,5,Mumbai,Torrent Power Ltd.,656,9.2,6035.2
23,22.0,2.0,11.0,1.0,0,5,Mumbai,JSW Energy Ltd.,473,9.2,4351.600000000000
16,22.0,0.0,21.0,1.0,0,5,Mumbai,NHPC,526,9.2,4839.2
10,20.0,3.0,16.0,1.0,0,5,Mumbai,Power Grid Corp,526,9.2,4839.2
13,22.0,2.0,14.0,1.0,0,5,Mumbai,NLC India,409,9.2,3762.8000000000000
19,23.0,1.0,14.0,1.0,0,5,Mumbai,CESC,482,9.2,4434.4
6,22.0,1.0,21.0,1.0,0,5,Mumbai,Adani Power Ltd.,538,9.2,4949.600000000000
6,21.0,3.0,15.0,1.0,0,5,Mumbai,NTPC Pvt. Ltd.,628,9.2,5777.600000000000
13,23.0,1.0,14.0,1.0,0,5,Mumbai,Power Grid Corp,616,9.2,5667.2
5,17.0,2.0,12.0,1.0,0,5,Mumbai,JSW Energy Ltd.,402,9.2,3698.4000000000000
23,22.0,3.0,15.0,12.0,0,5,Mumbai,CESC,755,9.2,6946.000000000000
18,23.0,2.0,15.0,1.0,0,5,Mumbai,Unitech Power Transmission Ltd.,511,9.2,4701.2
23,22.0,0.0,6.0,1.0,0,5,Mumbai,Guj Ind Power,596,9.2,5483.2
15,22.0,2.0,19.0,1.0,0,5,Mumbai,Bonfiglioli Transmission Pvt. Ltd.,564,9.2,5188.800000000000
14,23.0,2.0,20.0,1.0,0,5,Mumbai,NLC India,564,9.2,5188.800000000000
9,20.0,2.0,16.0,1.0,0,5,Mumbai,L&T Transmission & Distribution,493,9.2,4535.600000000000
18,23.0,0.0,3.0,1.0,0,5,Mumbai,Reliance Power,493,9.2,4535.600000000000
12,23.0,3.0,4.0,12.0,0,5,Mumbai,TransRail Lighting,662,9.2,6090.4
6,21.0,2.0,19.0,1.0,0,5,Mumbai,Adani Power Ltd.,663,9.2,6099.600000000000
20,22.0,2.0,10.0,1.0,0,5,Mumbai,Bonfiglioli Transmission Pvt. Ltd.,505,9.2,4646.0
17,23.0,0.0,7.0,1.0,0,5,Mumbai,Neueon Towers / Sujana Towers Ltd.,539,9.2,4958.800000000000
8,21.0,3.0,16.0,7.0,0,5,Mumbai,SJVN Ltd.,718,9.2,6605.600000000000
7,21.0,0.0,3.0,1.0,0,5,Mumbai,Power Grid Corp,371,9.2,3413.2
7,23.0,0.0,15.0,7.0,0,5,Mumbai,Ratnagiri Gas and Power Pvt. Ltd. (RGPPL),445,9.2,4094.0000000000000
8,22.0,3.0,5.0,1.0,0,5,Mumbai,CESC,372,9.2,3422.4000000000000
20,22.0,3.0,15.0,1.0,0,5,Mumbai,Jaiprakash Power,651,9.2,5989.2
9,19.0,0.0,18.0,1.0,0,5,Mumbai,Guj Ind Power,510,9.2,4692.0
15,23.0,2.0,8.0,1.0,0,5,Mumbai,Indowind Energy,510,9.2,4692.0
11,23.0,1.0,22.0,1.0,0,5,Mumbai,TransRail Lighting,637,9.2,5860.4
7,19.0,3.0,9.0,1.0,0,5,Mumbai,Orient Green,316,9.2,2907.2
14,22.0,3.0,7.0,1.0,0,5,Mumbai,Bonfiglioli Transmission Pvt. Ltd.,440,9.2,4048.0000000000000
9,18.0,3.0,16.0,1.0,0,5,Mumbai,L&T Transmission & Distribution,551,9.2,5069.2
10,20.0,3.0,3.0,1.0,0,5,Mumbai,Optibelt Power Transmission India Private Limited,486,9.2,4471.2
16,22.0,1.0,9.0,1.0,0,5,Mumbai,GE T&D India Limited,486,9.2,4471.2
6,21.0,3.0,8.0,1.0,0,5,Mumbai,Guj Ind Power,332,9.2,3054.4000000000000
21,23.0,3.0,15.0,1.0,0,5,Mumbai,Toshiba Transmission & Distribution Systems (India) Pvt. Ltd.,522,9.2,4802.4
12,23.0,0.0,16.0,1.0,0,5,Mumbai,Sunil Hitech Eng,522,9.2,4802.4
6,19.0,2.0,5.0,1.0,0,5,Mumbai,NHPC,457,9.2,4204.4
12,22.0,2.0,22.0,1.0,0,5,Mumbai,Jaiprakash Power,536,9.2,4931.2
7,17.0,0.0,22.0,1.0,0,5,Mumbai,L&T Transmission & Distribution,392,9.2,3606.4000000000000
22,23.0,2.0,10.0,1.0,0,5,Mumbai,Optibelt Power Transmission India Private Limited,516,9.2,4747.2
19,22.0,0.0,14.0,1.0,0,5,Mumbai,NLC India,516,9.2,4747.2
15,22.0,3.0,7.0,1.0,0,5,Mumbai,Ratnagiri Gas and Power Pvt. Ltd. (RGPPL),401,9.2,3689.2
11,23.0,0.0,9.0,12.0,0,5,Mumbai,Sterlite Power Transmission Ltd,541,9.2,4977.2
16,23.0,2.0,18.0,1.0,0,5,Mumbai,Torrent Power Ltd.,568,9.2,5225.600000000000
17,23.0,0.0,10.0,1.0,0,5,Mumbai,NLC India,434,9.2,3992.8000000000000
23,23.0,0.0,20.0,1.0,0,5,Mumbai,Guj Ind Power,476,9.2,4379.2
6,23.0,3.0,6.0,1.0,0,5,Mumbai,Sunil Hitech Eng,400,9.2,3680.0000000000000
6,20.0,1.0,21.0,1.0,0,5,Mumbai,GE T&D India Limited,400,9.2,3680.0000000000000
14,23.0,3.0,10.0,1.0,0,5,Mumbai,Guj Ind Power,685,9.2,6302.000000000000
20,23.0,1.0,6.0,1.0,0,5,Mumbai,Adani Power Ltd.,569,9.2,5234.800000000000
17,23.0,2.0,9.0,12.0,0,5,Mumbai,Sunil Hitech Eng,569,9.2,5234.800000000000
15,23.0,1.0,17.0,1.0,0,5,Mumbai,Optibelt Power Transmission India Private Limited,508,9.2,4673.600000000000
15,22.0,0.0,21.0,1.0,0,5,Mumbai,Tata Power Company Ltd.,477,9.2,4388.4
21,22.0,0.0,4.0,1.0,0,5,Mumbai,Torrent Power Ltd.,477,9.2,4388.4
16,22.0,2.0,18.0,1.0,0,5,Mumbai,Sunil Hitech Eng,477,9.2,4388.4
15,23.0,2.0,6.0,1.0,0,5,Mumbai,Optibelt Power Transmission India Private Limited,506,9.2,4655.2
21,23.0,3.0,19.0,1.0,0,5,Mumbai,Sterlite Power Transmission Ltd,623,9.2,5731.600000000000
5,18.0,1.0,14.0,7.0,0,5,Mumbai,GE T&D India Limited,356,9.2,3275.2
17,23.0,1.0,10.0,1.0,0,5,Mumbai,Jaiprakash Power,447,9.2,4112.4
8,23.0,2.0,13.0,1.0,0,5,Mumbai,Unitech Power Transmission Ltd.,497,9.2,4572.4
12,23.0,0.0,19.0,12.0,0,5,Mumbai,Jyoti Structure,562,9.2,5170.4
9,22.0,0.0,18.0,1.0,0,5,Mumbai,Adani Power Ltd.,548,9.2,5041.600000000000
11,23.0,3.0,18.0,1.0,0,5,Mumbai,Torrent Power Ltd.,608,9.2,5593.600000000000
19,22.0,0.0,7.0,12.0,0,5,Mumbai,TransRail Lighting,423,9.2,3891.6
16,23.0,3.0,18.0,1.0,0,5,Mumbai,Bonfiglioli Transmission Pvt. Ltd.,617,9.2,5676.4
17,23.0,1.0,13.0,12.0,0,5,Mumbai,L&T Transmission & Distribution,617,9.2,5676.4
21,23.0,1.0,13.0,1.0,0,5,Mumbai,NHPC,694,9.2,6384.800000000000
10,20.0,1.0,20.0,1.0,0,5,Mumbai,Tata Power Company Ltd.,385,9.2,3542.0000000000000
9,22.0,0.0,12.0,1.0,0,5,Mumbai,Jaiprakash Power,374,9.2,3440.8000000000000
12,22.0,2.0,8.0,1.0,0,5,Mumbai,SJVN Ltd.,475,9.2,4370.0
7,19.0,3.0,3.0,1.0,0,5,Mumbai,Reliance Power,475,9.2,4370.0
8,22.0,3.0,14.0,1.0,0,5,Mumbai,Jyoti Structure,625,9.2,5750.0
19,22.0,1.0,17.0,12.0,0,5,Mumbai,L&T Transmission & Distribution,746,9.2,6863.2
5,19.0,0.0,21.0,1.0,0,5,Mumbai,"Maha Transco – Maharashtra State Electricity Transmission Co, Ltd.",547,9.2,5032.4
23,23.0,3.0,17.0,1.0,0,5,Mumbai,JSW Energy Ltd.,642,9.2,5906.4
15,22.0,1.0,13.0,1.0,0,5,Mumbai,Reliance Power,397,9.2,3652.4000000000000
7,18.0,0.0,20.0,1.0,0,5,Mumbai,Reliance Energy,397,9.2,3652.4000000000000
18,22.0,2.0,10.0,1.0,0,5,Mumbai,JSW Energy Ltd.,417,9.2,3836.4000000000000
22,23.0,0.0,3.0,1.0,0,5,Mumbai,Torrent Power Ltd.,417,9.2,3836.4000000000000
17,23.0,1.0,18.0,12.0,0,5,Mumbai,Power Grid Corp,773,9.2,7111.600000000000
17,23.0,3.0,4.0,1.0,0,5,Mumbai,Toshiba Transmission & Distribution Systems (India) Pvt. Ltd.,593,9.2,5455.600000000000
12,22.0,1.0,13.0,1.0,0,5,Mumbai,KEC International,593,9.2,5455.600000000000
22,22.0,2.0,12.0,1.0,0,5,Mumbai,Adani Power Ltd.,478,9.2,4397.600000000000
9,21.0,1.0,14.0,1.0,0,5,Mumbai,Adani Power Ltd.,478,9.2,4397.600000000000
23,22.0,1.0,9.0,1.0,0,5,Mumbai,Indowind Energy,478,9.2,4397.600000000000
5,20.0,1.0,7.0,7.0,0,5,Mumbai,JSW Energy Ltd.,350,9.2,3220.0000000000000
18,23.0,3.0,3.0,1.0,0,5,Mumbai,Tata Power Company Ltd.,576,9.2,5299.2
18,23.0,1.0,15.0,1.0,0,5,Mumbai,GE T&D India Limited,576,9.2,5299.2
23,23.0,2.0,18.0,1.0,0,5,Mumbai,Guj Ind Power,576,9.2,5299.2
21,22.0,3.0,7.0,1.0,0,5,Mumbai,JSW Energy Ltd.,599,9.2,5510.800000000000
19,23.0,3.0,10.0,12.0,0,5,Mumbai,Neueon Towers / Sujana Towers Ltd.,687,9.2,6320.4
12,22.0,0.0,3.0,1.0,0,5,Mumbai,NHPC,288,9.2,2649.6
23,23.0,0.0,10.0,1.0,0,5,Mumbai,Kalpataru Power,586,9.2,5391.2
20,23.0,3.0,19.0,12.0,0,5,Mumbai,Guj Ind Power,698,9.2,6421.600000000000
15,23.0,3.0,22.0,12.0,0,5,Mumbai,Reliance Energy,722,9.2,6642.4
16,22.0,3.0,16.0,1.0,0,5,Mumbai,Indowind Energy,722,9.2,6642.4
20,22.0,2.0,4.0,1.0,0,5,Mumbai,Neueon Towers / Sujana Towers Ltd.,565,9.2,5198.0
12,22.0,2.0,17.0,12.0,0,5,Mumbai,Torrent Power Ltd.,537,9.2,4940.4
14,22.0,1.0,8.0,12.0,0,5,Mumbai,NLC India,606,9.2,5575.2
19,23.0,0.0,7.0,12.0,0,5,Mumbai,Reliance Energy,606,9.2,5575.2
21,22.0,1.0,10.0,1.0,0,5,Mumbai,Neueon Towers / Sujana Towers Ltd.,643,9.2,5915.600000000000
22,22.0,3.0,13.0,12.0,0,5,Mumbai,Bonfiglioli Transmission Pvt. Ltd.,675,9.2,6210.000000000000
13,22.0,3.0,17.0,1.0,0,5,Mumbai,Reliance Energy,675,9.2,6210.000000000000
21,22.0,0.0,4.0,1.0,0,5,Mumbai,Jyoti Structure,312,9.2,2870.4000000000000
15,22.0,1.0,9.0,1.0,0,5,Mumbai,Tata Power Company Ltd.,446,9.2,4103.2
15,23.0,1.0,17.0,1.0,0,5,Mumbai,Orient Green,446,9.2,4103.2
23,23.0,1.0,15.0,1.0,0,5,Mumbai,Sterlite Power Transmission Ltd,611,9.2,5621.2
17,23.0,1.0,8.0,12.0,0,5,Mumbai,Ratnagiri Gas and Power Pvt. Ltd. (RGPPL),611,9.2,5621.2
8,21.0,1.0,5.0,1.0,0,5,Mumbai,GE T&D India Limited,362,9.2,3330.4000000000000
14,22.0,0.0,3.0,1.0,0,5,Mumbai,Jyoti Structure,362,9.2,3330.4000000000000
15,22.0,2.0,18.0,12.0,0,5,Mumbai,CESC,752,9.2,6918.4
20,22.0,2.0,18.0,1.0,0,5,Mumbai,L&T Transmission & Distribution,592,9.2,5446.4
20,22.0,2.0,21.0,1.0,0,5,Mumbai,Power Grid Corp,701,9.2,6449.2
21,23.0,2.0,16.0,12.0,0,5,Mumbai,Ringfeder Power Transmission India Pvt. Ltd.,658,9.2,6053.600000000000
18,23.0,1.0,16.0,1.0,0,5,Mumbai,Orient Green,703,9.2,6467.600000000000
18,23.0,2.0,18.0,1.0,0,5,Mumbai,Orient Green,753,9.2,6927.600000000000
13,23.0,2.0,21.0,1.0,0,5,Mumbai,Adani Power Ltd.,691,9.2,6357.2
22,23.0,3.0,15.0,12.0,0,5,Mumbai,Kalpataru Power,691,9.2,6357.2
15,22.0,2.0,22.0,1.0,0,5,Mumbai,Kalpataru Power,634,9.2,5832.800000000000
21,22.0,3.0,7.0,12.0,0,5,Mumbai,Power Grid Corp,634,9.2,5832.800000000000
19,22.0,3.0,12.0,1.0,0,5,Mumbai,KEC International,634,9.2,5832.800000000000
13,22.0,2.0,17.0,1.0,0,5,Mumbai,NHPC,686,9.2,6311.2
19,23.0,2.0,14.0,1.0,0,5,Mumbai,Power Grid Corp,655,9.2,6026.000000000000
16,22.0,3.0,11.0,1.0,0,5,Mumbai,Sunil Hitech Eng,655,9.2,6026.000000000000
10,17.0,0.0,7.0,1.0,0,5,Mumbai,Sunil Hitech Eng,181,9.2,1665.2000000000000
12,23.0,2.0,3.0,1.0,0,5,Mumbai,Tata Power Company Ltd.,311,9.2,2861.2
23,22.0,0.0,20.0,1.0,0,5,Mumbai,SJVN Ltd.,723,9.2,6651.600000000000
8,18.0,2.0,3.0,7.0,0,5,Mumbai,Ratnagiri Gas and Power Pvt. Ltd. (RGPPL),436,9.2,4011.2
5,17.0,1.0,22.0,1.0,0,5,Mumbai,Adani Power Ltd.,319,9.2,2934.8000000000000
22,22.0,2.0,6.0,12.0,0,5,Mumbai,Sterlite Power Transmission Ltd,554,9.2,5096.800000000000
8,18.0,2.0,3.0,1.0,0,5,Mumbai,Orient Green,277,9.2,2548.4000000000000
10,21.0,0.0,5.0,1.0,0,5,Mumbai,Orient Green,281,9.2,2585.2
22,22.0,2.0,4.0,12.0,0,5,Mumbai,Bonfiglioli Transmission Pvt. Ltd.,676,9.2,6219.2
10,19.0,3.0,10.0,1.0,0,5,Mumbai,Neueon Towers / Sujana Towers Ltd.,398,9.2,3661.6
6,20.0,1.0,3.0,1.0,0,5,Mumbai,KEC International,253,9.2,2327.6
19,23.0,1.0,22.0,12.0,0,5,Mumbai,Guj Ind Power,767,9.2,7056.4
8,19.0,3.0,5.0,1.0,0,5,Mumbai,Ratnagiri Gas and Power Pvt. Ltd. (RGPPL),411,9.2,3781.2
12,23.0,3.0,20.0,12.0,0,5,Mumbai,Bonfiglioli Transmission Pvt. Ltd.,819,9.2,7534.800000000000
19,23.0,2.0,7.0,1.0,0,5,Mumbai,JSW Energy Ltd.,626,9.2,5759.2
18,23.0,1.0,20.0,1.0,0,5,New Delhi,Unitech Power Transmission Ltd.,704,8.5,5984.0
11,22.0,1.0,7.0,1.0,0,5,New Delhi,Jaiprakash Power,440,8.5,3740.0
21,23.0,1.0,17.0,12.0,0,5,New Delhi,NTPC Pvt. Ltd.,567,8.5,4819.5
23,22.0,0.0,22.0,1.0,0,5,New Delhi,CESC,581,8.5,4938.5
12,23.0,1.0,22.0,1.0,0,5,New Delhi,NLC India,588,8.5,4998.0
19,23.0,2.0,12.0,12.0,0,5,New Delhi,TransRail Lighting,696,8.5,5916.0
8,18.0,2.0,11.0,1.0,0,5,New Delhi,"Maha Transco – Maharashtra State Electricity Transmission Co, Ltd.",435,8.5,3697.5
5,21.0,1.0,5.0,1.0,0,5,New Delhi,Guj Ind Power,435,8.5,3697.5
7,18.0,1.0,4.0,1.0,0,5,New Delhi,Sunil Hitech Eng,435,8.5,3697.5
20,22.0,1.0,13.0,1.0,0,5,New Delhi,SJVN Ltd.,435,8.5,3697.5
8,17.0,2.0,20.0,1.0,0,5,New Delhi,NLC India,445,8.5,3782.5
9,17.0,2.0,11.0,1.0,0,5,New Delhi,Torrent Power Ltd.,445,8.5,3782.5
9,17.0,3.0,8.0,1.0,0,5,New Delhi,Sterlite Power Transmission Ltd,372,8.5,3162.0
15,23.0,3.0,16.0,1.0,0,5,New Delhi,Jyoti Structure,744,8.5,6324.0
18,22.0,2.0,12.0,1.0,0,5,New Delhi,"Maha Transco – Maharashtra State Electricity Transmission Co, Ltd.",663,8.5,5635.5
15,22.0,0.0,17.0,12.0,0,5,New Delhi,Guj Ind Power,663,8.5,5635.5
6,21.0,2.0,15.0,1.0,0,5,New Delhi,Power Grid Corp,577,8.5,4904.5
20,22.0,0.0,9.0,1.0,0,5,New Delhi,Reliance Power,413,8.5,3510.5
7,21.0,2.0,13.0,1.0,0,5,New Delhi,NHPC,386,8.5,3281.0
23,23.0,3.0,10.0,1.0,0,5,New Delhi,Ratnagiri Gas and Power Pvt. Ltd. (RGPPL),561,8.5,4768.5
15,22.0,1.0,22.0,1.0,0,5,New Delhi,Tata Power Company Ltd.,561,8.5,4768.5
19,23.0,2.0,11.0,1.0,0,5,New Delhi,Jyoti Structure,697,8.5,5924.5
23,22.0,3.0,5.0,12.0,0,5,New Delhi,Sunil Hitech Eng,697,8.5,5924.5
10,17.0,0.0,22.0,1.0,0,5,New Delhi,Orient Green,541,8.5,4598.5
7,23.0,3.0,18.0,1.0,0,5,New Delhi,Optibelt Power Transmission India Private Limited,450,8.5,3825.0
15,22.0,0.0,14.0,1.0,0,5,New Delhi,Sterlite Power Transmission Ltd,450,8.5,3825.0
5,21.0,2.0,7.0,1.0,0,5,New Delhi,SJVN Ltd.,436,8.5,3706.0
5,23.0,3.0,15.0,1.0,0,5,New Delhi,Sunil Hitech Eng,673,8.5,5720.5
15,23.0,1.0,18.0,1.0,0,5,New Delhi,Reliance Power,615,8.5,5227.5
17,23.0,1.0,5.0,1.0,0,5,New Delhi,Indowind Energy,429,8.5,3646.5
8,19.0,1.0,13.0,1.0,0,5,New Delhi,Guj Ind Power,429,8.5,3646.5
11,22.0,2.0,5.0,1.0,0,5,New Delhi,Reliance Energy,429,8.5,3646.5
17,23.0,0.0,18.0,1.0,0,5,New Delhi,Sterlite Power Transmission Ltd,476,8.5,4046.0
16,23.0,3.0,5.0,1.0,0,5,New Delhi,Optibelt Power Transmission India Private Limited,399,8.5,3391.5
9,23.0,0.0,13.0,1.0,0,5,New Delhi,Unitech Power Transmission Ltd.,383,8.5,3255.5
5,21.0,1.0,14.0,1.0,0,5,New Delhi,Jaiprakash Power,503,8.5,4275.5
8,21.0,0.0,22.0,1.0,0,5,New Delhi,Reliance Power,503,8.5,4275.5
17,23.0,1.0,8.0,12.0,0,5,New Delhi,TransRail Lighting,629,8.5,5346.5
12,22.0,2.0,5.0,1.0,0,5,New Delhi,Unitech Power Transmission Ltd.,469,8.5,3986.5
23,23.0,1.0,14.0,1.0,0,5,New Delhi,Ringfeder Power Transmission India Pvt. Ltd.,538,8.5,4573.0
7,17.0,3.0,12.0,1.0,0,5,New Delhi,NLC India,538,8.5,4573.0
12,22.0,0.0,10.0,1.0,0,5,New Delhi,Indowind Energy,543,8.5,4615.5
6,20.0,3.0,12.0,1.0,0,5,New Delhi,Bonfiglioli Transmission Pvt. Ltd.,595,8.5,5057.5
12,23.0,2.0,9.0,1.0,0,5,New Delhi,Bonfiglioli Transmission Pvt. Ltd.,512,8.5,4352.0
10,18.0,2.0,17.0,1.0,0,5,New Delhi,Toshiba Transmission & Distribution Systems (India) Pvt. Ltd.,592,8.5,5032.0
20,23.0,0.0,12.0,1.0,0,5,New Delhi,Indowind Energy,414,8.5,3519.0
22,22.0,3.0,5.0,1.0,0,5,New Delhi,Adani Power Ltd.,593,8.5,5040.5
22,22.0,1.0,21.0,1.0,0,5,New Delhi,Ratnagiri Gas and Power Pvt. Ltd. (RGPPL),610,8.5,5185.0
16,23.0,2.0,12.0,1.0,0,5,New Delhi,NTPC Pvt. Ltd.,610,8.5,5185.0
7,17.0,3.0,17.0,1.0,0,5,New Delhi,"Maha Transco – Maharashtra State Electricity Transmission Co, Ltd.",510,8.5,4335.0
16,22.0,0.0,11.0,1.0,0,5,New Delhi,Kalpataru Power,562,8.5,4777.0
19,23.0,3.0,15.0,12.0,0,5,New Delhi,Indowind Energy,769,8.5,6536.5
7,18.0,2.0,9.0,7.0,0,5,New Delhi,Jyoti Structure,457,8.5,3884.5
6,21.0,3.0,19.0,1.0,0,5,New Delhi,Orient Green,589,8.5,5006.5
8,20.0,0.0,14.0,1.0,0,5,New Delhi,Torrent Power Ltd.,500,8.5,4250.0
11,23.0,3.0,11.0,1.0,0,5,New Delhi,Ringfeder Power Transmission India Pvt. Ltd.,500,8.5,4250.0
22,23.0,0.0,4.0,1.0,0,5,New Delhi,SJVN Ltd.,500,8.5,4250.0
17,22.0,2.0,11.0,1.0,0,5,New Delhi,Sterlite Power Transmission Ltd,492,8.5,4182.0
23,23.0,3.0,22.0,1.0,0,5,New Delhi,Toshiba Transmission & Distribution Systems (India) Pvt. Ltd.,778,8.5,6613.0
15,23.0,0.0,20.0,1.0,0,5,New Delhi,Sunil Hitech Eng,464,8.5,3944.0
9,19.0,1.0,21.0,1.0,0,5,New Delhi,SJVN Ltd.,490,8.5,4165.0
5,23.0,1.0,16.0,1.0,0,5,New Delhi,Reliance Energy,490,8.5,4165.0
14,22.0,1.0,9.0,1.0,0,5,New Delhi,Optibelt Power Transmission India Private Limited,490,8.5,4165.0
21,23.0,2.0,5.0,1.0,0,5,New Delhi,SJVN Ltd.,431,8.5,3663.5
6,23.0,0.0,13.0,7.0,0,5,New Delhi,Optibelt Power Transmission India Private Limited,431,8.5,3663.5
6,19.0,2.0,3.0,1.0,0,5,New Delhi,SJVN Ltd.,431,8.5,3663.5
12,22.0,1.0,12.0,1.0,0,5,New Delhi,Ratnagiri Gas and Power Pvt. Ltd. (RGPPL),431,8.5,3663.5
14,23.0,3.0,7.0,1.0,0,5,New Delhi,Jaiprakash Power,431,8.5,3663.5
11,23.0,3.0,14.0,1.0,0,5,New Delhi,Orient Green,689,8.5,5856.5
17,23.0,3.0,10.0,1.0,0,5,New Delhi,NLC India,689,8.5,5856.5
13,22.0,3.0,7.0,1.0,0,5,New Delhi,Sterlite Power Transmission Ltd,443,8.5,3765.5
15,23.0,1.0,3.0,12.0,0,5,New Delhi,Ratnagiri Gas and Power Pvt. Ltd. (RGPPL),443,8.5,3765.5
9,18.0,0.0,7.0,1.0,0,5,New Delhi,Reliance Power,461,8.5,3918.5
10,18.0,0.0,13.0,7.0,0,5,New Delhi,GE T&D India Limited,485,8.5,4122.5
15,22.0,0.0,9.0,1.0,0,5,New Delhi,Tata Power Company Ltd.,485,8.5,4122.5
6,19.0,1.0,6.0,7.0,0,5,New Delhi,"Maha Transco – Maharashtra State Electricity Transmission Co, Ltd.",409,8.5,3476.5
8,21.0,3.0,3.0,7.0,0,5,New Delhi,GE T&D India Limited,409,8.5,3476.5
19,22.0,0.0,17.0,1.0,0,5,New Delhi,Torrent Power Ltd.,529,8.5,4496.5
5,23.0,0.0,19.0,1.0,0,5,New Delhi,Toshiba Transmission & Distribution Systems (India) Pvt. Ltd.,388,8.5,3298.0
10,18.0,3.0,13.0,1.0,0,5,New Delhi,Guj Ind Power,378,8.5,3213.0
7,21.0,3.0,8.0,1.0,0,5,New Delhi,Reliance Energy,378,8.5,3213.0
20,23.0,1.0,5.0,1.0,0,5,New Delhi,SJVN Ltd.,454,8.5,3859.0
12,23.0,0.0,11.0,12.0,0,5,New Delhi,Ratnagiri Gas and Power Pvt. Ltd. (RGPPL),480,8.5,4080.0
21,23.0,2.0,17.0,1.0,0,5,New Delhi,NTPC Pvt. Ltd.,624,8.5,5304.0
21,23.0,2.0,15.0,1.0,0,5,New Delhi,Torrent Power Ltd.,678,8.5,5763.0
10,18.0,3.0,10.0,1.0,0,5,New Delhi,Indowind Energy,370,8.5,3145.0
18,23.0,3.0,12.0,1.0,0,5,New Delhi,GE T&D India Limited,691,8.5,5873.5
15,22.0,2.0,12.0,12.0,0,5,New Delhi,Sterlite Power Transmission Ltd,694,8.5,5899.0
23,22.0,0.0,22.0,1.0,0,5,New Delhi,Neueon Towers / Sujana Towers Ltd.,671,8.5,5703.5
21,22.0,2.0,10.0,1.0,0,5,New Delhi,Reliance Energy,671,8.5,5703.5
11,22.0,1.0,9.0,1.0,0,5,New Delhi,Torrent Power Ltd.,397,8.5,3374.5
15,23.0,2.0,10.0,1.0,0,5,New Delhi,Bonfiglioli Transmission Pvt. Ltd.,397,8.5,3374.5
17,23.0,1.0,13.0,12.0,0,5,New Delhi,Ratnagiri Gas and Power Pvt. Ltd. (RGPPL),528,8.5,4488.0
22,22.0,3.0,10.0,1.0,0,5,New Delhi,Ratnagiri Gas and Power Pvt. Ltd. (RGPPL),706,8.5,6001.0
17,23.0,1.0,22.0,1.0,0,5,New Delhi,CESC,706,8.5,6001.0
10,19.0,2.0,9.0,1.0,0,5,New Delhi,Unitech Power Transmission Ltd.,526,8.5,4471.0
18,22.0,2.0,10.0,1.0,0,5,New Delhi,JSW Energy Ltd.,449,8.5,3816.5
11,22.0,3.0,4.0,1.0,0,5,New Delhi,JSW Energy Ltd.,449,8.5,3816.5
9,18.0,2.0,10.0,1.0,0,5,New Delhi,Neueon Towers / Sujana Towers Ltd.,449,8.5,3816.5
8,17.0,3.0,13.0,7.0,0,5,New Delhi,Ringfeder Power Transmission India Pvt. Ltd.,410,8.5,3485.0
7,23.0,3.0,7.0,7.0,0,5,New Delhi,Optibelt Power Transmission India Private Limited,410,8.5,3485.0
7,17.0,1.0,8.0,7.0,0,5,New Delhi,Torrent Power Ltd.,468,8.5,3978.0
19,22.0,0.0,22.0,1.0,0,5,New Delhi,Indowind Energy,468,8.5,3978.0
21,23.0,1.0,16.0,1.0,0,5,New Delhi,Orient Green,632,8.5,5372.0
21,23.0,1.0,5.0,1.0,0,5,New Delhi,Ringfeder Power Transmission India Pvt. Ltd.,352,8.5,2992.0
8,21.0,0.0,20.0,1.0,0,5,New Delhi,Indowind Energy,352,8.5,2992.0
10,18.0,3.0,14.0,1.0,0,5,New Delhi,Sterlite Power Transmission Ltd,352,8.5,2992.0
9,18.0,2.0,6.0,1.0,0,5,New Delhi,Guj Ind Power,279,8.5,2371.5
8,19.0,3.0,12.0,1.0,0,5,New Delhi,Torrent Power Ltd.,365,8.5,3102.5
22,22.0,3.0,7.0,1.0,0,5,New Delhi,Guj Ind Power,560,8.5,4760.0
13,22.0,1.0,17.0,12.0,0,5,New Delhi,NTPC Pvt. Ltd.,524,8.5,4454.0
23,22.0,0.0,5.0,1.0,0,5,New Delhi,Sterlite Power Transmission Ltd,430,8.5,3655.0
8,22.0,2.0,14.0,1.0,0,5,New Delhi,TransRail Lighting,430,8.5,3655.0
11,23.0,2.0,6.0,12.0,0,5,New Delhi,Jyoti Structure,430,8.5,3655.0
17,22.0,0.0,20.0,1.0,0,5,New Delhi,Torrent Power Ltd.,489,8.5,4156.5
5,18.0,1.0,7.0,1.0,0,5,New Delhi,Orient Green,336,8.5,2856.0
9,21.0,1.0,15.0,7.0,0,5,New Delhi,Toshiba Transmission & Distribution Systems (India) Pvt. Ltd.,401,8.5,3408.5
19,22.0,3.0,13.0,1.0,0,5,New Delhi,GE T&D India Limited,655,8.5,5567.5
15,23.0,1.0,11.0,12.0,0,5,New Delhi,Tata Power Company Ltd.,515,8.5,4377.5
22,22.0,1.0,4.0,1.0,0,5,New Delhi,Sterlite Power Transmission Ltd,515,8.5,4377.5
16,23.0,1.0,19.0,1.0,0,5,New Delhi,Guj Ind Power,467,8.5,3969.5
18,23.0,3.0,13.0,1.0,0,5,New Delhi,KEC International,507,8.5,4309.5
6,21.0,3.0,17.0,7.0,0,5,New Delhi,Orient Green,507,8.5,4309.5
7,18.0,2.0,3.0,1.0,0,5,New Delhi,Neueon Towers / Sujana Towers Ltd.,207,8.5,1759.5
11,23.0,0.0,11.0,1.0,0,5,New Delhi,Reliance Energy,493,8.5,4190.5
12,23.0,1.0,20.0,1.0,0,5,New Delhi,L&T Transmission & Distribution,434,8.5,3689.0
6,22.0,3.0,15.0,7.0,0,5,New Delhi,Ratnagiri Gas and Power Pvt. Ltd. (RGPPL),583,8.5,4955.5
9,23.0,0.0,21.0,1.0,0,5,New Delhi,Tata Power Company Ltd.,396,8.5,3366.0
18,22.0,1.0,22.0,1.0,0,5,New Delhi,Unitech Power Transmission Ltd.,477,8.5,4054.5
12,23.0,2.0,5.0,1.0,0,5,New Delhi,SJVN Ltd.,584,8.5,4964.0
21,22.0,2.0,7.0,1.0,0,5,New Delhi,Unitech Power Transmission Ltd.,584,8.5,4964.0
16,22.0,2.0,8.0,1.0,0,5,New Delhi,Jaiprakash Power,402,8.5,3417.0
10,21.0,1.0,6.0,1.0,0,5,New Delhi,NTPC Pvt. Ltd.,402,8.5,3417.0
11,22.0,3.0,12.0,1.0,0,5,New Delhi,Jaiprakash Power,497,8.5,4224.5
21,22.0,3.0,9.0,1.0,0,5,New Delhi,Ringfeder Power Transmission India Pvt. Ltd.,658,8.5,5593.0
6,19.0,0.0,4.0,1.0,0,5,New Delhi,Unitech Power Transmission Ltd.,406,8.5,3451.0
11,23.0,1.0,6.0,1.0,0,5,New Delhi,Jyoti Structure,338,8.5,2873.0
5,21.0,2.0,7.0,1.0,0,5,New Delhi,CESC,338,8.5,2873.0
10,21.0,2.0,5.0,1.0,0,5,New Delhi,CESC,466,8.5,3961.0
7,21.0,1.0,22.0,1.0,0,5,New Delhi,Toshiba Transmission & Distribution Systems (India) Pvt. Ltd.,556,8.5,4726.0
12,22.0,0.0,7.0,1.0,0,5,New Delhi,Jyoti Structure,345,8.5,2932.5
18,22.0,0.0,17.0,1.0,0,5,New Delhi,NHPC,400,8.5,3400.0
17,22.0,2.0,14.0,1.0,0,5,New Delhi,L&T Transmission & Distribution,665,8.5,5652.5
14,22.0,2.0,6.0,1.0,0,5,New Delhi,Bonfiglioli Transmission Pvt. Ltd.,516,8.5,4386.0
6,20.0,1.0,13.0,7.0,0,5,New Delhi,Ringfeder Power Transmission India Pvt. Ltd.,361,8.5,3068.5
19,22.0,1.0,5.0,12.0,0,5,New Delhi,Orient Green,501,8.5,4258.5
10,22.0,0.0,4.0,1.0,0,5,New Delhi,NHPC,501,8.5,4258.5
11,23.0,0.0,8.0,12.0,0,5,New Delhi,Kalpataru Power,572,8.5,4862.0
23,22.0,2.0,13.0,1.0,0,5,New Delhi,Neueon Towers / Sujana Towers Ltd.,612,8.5,5202.0
6,18.0,3.0,15.0,1.0,0,5,New Delhi,L&T Transmission & Distribution,608,8.5,5168.0
18,23.0,3.0,9.0,1.0,0,5,New Delhi,Guj Ind Power,608,8.5,5168.0
10,22.0,3.0,19.0,1.0,0,5,New Delhi,Sterlite Power Transmission Ltd,608,8.5,5168.0
9,22.0,2.0,7.0,1.0,0,5,New Delhi,Guj Ind Power,315,8.5,2677.5
13,22.0,0.0,18.0,1.0,0,5,New Delhi,Sunil Hitech Eng,484,8.5,4114.0
15,23.0,1.0,20.0,1.0,0,5,New Delhi,Unitech Power Transmission Ltd.,565,8.5,4802.5
17,23.0,0.0,6.0,1.0,0,5,New Delhi,SJVN Ltd.,542,8.5,4607.0
6,19.0,3.0,19.0,7.0,0,5,New Delhi,Adani Power Ltd.,611,8.5,5193.5
7,20.0,3.0,17.0,1.0,0,5,New Delhi,JSW Energy Ltd.,544,8.5,4624.0
21,23.0,3.0,7.0,1.0,0,5,New Delhi,Ringfeder Power Transmission India Pvt. Ltd.,475,8.5,4037.5
16,22.0,1.0,17.0,1.0,0,5,New Delhi,Jyoti Structure,475,8.5,4037.5
15,22.0,2.0,3.0,1.0,0,5,New Delhi,Tata Power Company Ltd.,455,8.5,3867.5
11,22.0,0.0,18.0,1.0,0,5,New Delhi,NTPC Pvt. Ltd.,373,8.5,3170.5
8,23.0,2.0,13.0,7.0,0,5,New Delhi,Jyoti Structure,594,8.5,5049.0
13,22.0,3.0,3.0,12.0,0,5,New Delhi,Indowind Energy,472,8.5,4012.0
12,23.0,3.0,15.0,12.0,0,5,New Delhi,Reliance Energy,590,8.5,5015.0
22,22.0,2.0,15.0,1.0,0,5,New Delhi,Guj Ind Power,649,8.5,5516.5
19,22.0,1.0,9.0,1.0,0,5,New Delhi,"Maha Transco – Maharashtra State Electricity Transmission Co, Ltd.",557,8.5,4734.5
13,22.0,0.0,15.0,1.0,0,5,New Delhi,Power Grid Corp,585,8.5,4972.5
17,22.0,0.0,15.0,1.0,0,5,New Delhi,Bonfiglioli Transmission Pvt. Ltd.,525,8.5,4462.5
13,22.0,3.0,11.0,1.0,0,5,New Delhi,CESC,525,8.5,4462.5
12,22.0,2.0,14.0,1.0,0,5,New Delhi,Reliance Power,550,8.5,4675.0
11,22.0,1.0,11.0,12.0,0,5,New Delhi,JSW Energy Ltd.,639,8.5,5431.5
14,23.0,2.0,4.0,1.0,0,5,New Delhi,Jyoti Structure,349,8.5,2966.5
11,23.0,3.0,22.0,1.0,0,5,New Delhi,NTPC Pvt. Ltd.,630,8.5,5355.0
10,17.0,0.0,20.0,1.0,0,5,New Delhi,TransRail Lighting,421,8.5,3578.5
18,23.0,0.0,22.0,1.0,0,5,New Delhi,Orient Green,627,8.5,5329.5
21,22.0,2.0,13.0,1.0,0,5,New Delhi,L&T Transmission & Distribution,607,8.5,5159.5
17,23.0,1.0,19.0,12.0,0,5,New Delhi,JSW Energy Ltd.,737,8.5,6264.5
8,20.0,2.0,21.0,1.0,0,5,New Delhi,Guj Ind Power,471,8.5,4003.5
21,22.0,0.0,5.0,1.0,0,5,New Delhi,Orient Green,407,8.5,3459.5
18,23.0,0.0,7.0,1.0,0,5,New Delhi,JSW Energy Ltd.,325,8.5,2762.5
6,17.0,1.0,20.0,1.0,0,5,New Delhi,Orient Green,325,8.5,2762.5
5,17.0,1.0,17.0,1.0,0,5,New Delhi,GE T&D India Limited,379,8.5,3221.5
13,22.0,0.0,13.0,1.0,0,5,New Delhi,Orient Green,491,8.5,4173.5
8,19.0,1.0,20.0,1.0,0,5,New Delhi,NLC India,474,8.5,4029.0
5,21.0,2.0,4.0,1.0,0,5,New Delhi,Orient Green,267,8.5,2269.5
16,23.0,3.0,12.0,12.0,0,5,New Delhi,Optibelt Power Transmission India Private Limited,653,8.5,5550.5
19,22.0,2.0,13.0,1.0,0,5,New Delhi,SJVN Ltd.,653,8.5,5550.5
10,18.0,1.0,6.0,1.0,0,5,New Delhi,Adani Power Ltd.,394,8.5,3349.0
12,23.0,3.0,15.0,12.0,0,5,New Delhi,Optibelt Power Transmission India Private Limited,667,8.5,5669.5
14,22.0,1.0,22.0,1.0,0,5,New Delhi,Reliance Power,628,8.5,5338.0
5,21.0,0.0,3.0,1.0,0,5,New Delhi,CESC,411,8.5,3493.5
16,23.0,2.0,14.0,12.0,0,5,New Delhi,Indowind Energy,650,8.5,5525.0
7,23.0,2.0,11.0,7.0,0,5,New Delhi,CESC,650,8.5,5525.0
14,22.0,3.0,17.0,12.0,0,5,New Delhi,Neueon Towers / Sujana Towers Ltd.,813,8.5,6910.5
6,18.0,1.0,14.0,1.0,0,5,New Delhi,"Maha Transco – Maharashtra State Electricity Transmission Co, Ltd.",446,8.5,3791.0
19,22.0,1.0,12.0,1.0,0,5,New Delhi,Power Grid Corp,571,8.5,4853.5
8,21.0,0.0,11.0,1.0,0,5,New Delhi,Sterlite Power Transmission Ltd,483,8.5,4105.5
11,22.0,2.0,18.0,1.0,0,5,New Delhi,TransRail Lighting,690,8.5,5865.0
17,22.0,1.0,15.0,12.0,0,5,New Delhi,Power Grid Corp,600,8.5,5100.0
15,22.0,1.0,22.0,1.0,0,5,New Delhi,NHPC,600,8.5,5100.0
9,18.0,0.0,5.0,1.0,0,5,New Delhi,Jaiprakash Power,239,8.5,2031.5
9,18.0,2.0,3.0,1.0,0,5,New Delhi,NHPC,278,8.5,2363.0
19,23.0,2.0,18.0,1.0,0,5,New Delhi,L&T Transmission & Distribution,495,8.5,4207.5
23,22.0,3.0,20.0,12.0,0,5,New Delhi,Kalpataru Power,755,8.5,6417.5
23,22.0,2.0,19.0,1.0,0,5,New Delhi,L&T Transmission & Distribution,755,8.5,6417.5
16,22.0,2.0,15.0,1.0,0,5,New Delhi,Neueon Towers / Sujana Towers Ltd.,613,8.5,5210.5
14,23.0,3.0,10.0,1.0,0,5,New Delhi,Reliance Power,625,8.5,5312.5
14,22.0,0.0,20.0,12.0,0,5,New Delhi,Bonfiglioli Transmission Pvt. Ltd.,625,8.5,5312.5
18,22.0,2.0,16.0,12.0,0,5,New Delhi,Bonfiglioli Transmission Pvt. Ltd.,780,8.5,6630.0
22,23.0,3.0,17.0,1.0,0,5,New Delhi,Indowind Energy,677,8.5,5754.5
17,23.0,3.0,18.0,1.0,0,5,New Delhi,CESC,677,8.5,5754.5
17,23.0,1.0,22.0,1.0,0,5,New Delhi,JSW Energy Ltd.,633,8.5,5380.5
19,22.0,0.0,14.0,1.0,0,5,New Delhi,CESC,633,8.5,5380.5
6,19.0,1.0,3.0,7.0,0,5,New Delhi,Unitech Power Transmission Ltd.,273,8.5,2320.5
19,23.0,0.0,8.0,1.0,0,5,New Delhi,Sunil Hitech Eng,334,8.5,2839.0
12,23.0,0.0,18.0,12.0,0,5,New Delhi,Torrent Power Ltd.,749,8.5,6366.5
11,23.0,3.0,9.0,12.0,0,5,New Delhi,Guj Ind Power,508,8.5,4318.0
6,20.0,0.0,5.0,1.0,0,5,New Delhi,"Maha Transco – Maharashtra State Electricity Transmission Co, Ltd.",350,8.5,2975.0
5,19.0,2.0,8.0,1.0,0,5,New Delhi,Sterlite Power Transmission Ltd,303,8.5,2575.5
6,18.0,2.0,9.0,1.0,0,5,New Delhi,Unitech Power Transmission Ltd.,277,8.5,2354.5
8,17.0,1.0,13.0,1.0,0,5,New Delhi,CESC,502,8.5,4267.0
5,19.0,0.0,7.0,1.0,0,5,New Delhi,"Maha Transco – Maharashtra State Electricity Transmission Co, Ltd.",189,8.5,1606.5
6,17.0,3.0,5.0,1.0,0,5,New Delhi,Ratnagiri Gas and Power Pvt. Ltd. (RGPPL),283,8.5,2405.5
21,23.0,2.0,4.0,12.0,0,5,New Delhi,NLC India,641,8.5,5448.5
10,17.0,0.0,7.0,1.0,0,5,New Delhi,Power Grid Corp,321,8.5,2728.5
7,19.0,3.0,9.0,1.0,0,5,New Delhi,Reliance Power,337,8.5,2864.5
23,23.0,2.0,12.0,1.0,0,5,New Delhi,GE T&D India Limited,731,8.5,6213.5
18,23.0,2.0,16.0,12.0,0,5,New Delhi,Bonfiglioli Transmission Pvt. Ltd.,638,8.5,5423.0
19,23.0,1.0,18.0,1.0,0,5,New Delhi,Tata Power Company Ltd.,717,8.5,6094.5
21,23.0,0.0,16.0,12.0,0,5,New Delhi,Reliance Power,717,8.5,6094.5
10,23.0,3.0,19.0,1.0,0,5,New Delhi,Kalpataru Power,748,8.5,6358.0
23,22.0,3.0,18.0,1.0,0,5,New Delhi,Jaiprakash Power,748,8.5,6358.0
7,18.0,0.0,19.0,1.0,0,5,New Delhi,GE T&D India Limited,360,8.5,3060.0
6,17.0,1.0,3.0,1.0,0,5,New Delhi,Reliance Energy,153,8.5,1300.5
8,21.0,3.0,8.0,1.0,0,5,New Delhi,JSW Energy Ltd.,437,8.5,3714.5
18,23.0,0.0,9.0,1.0,0,5,New Delhi,"Maha Transco – Maharashtra State Electricity Transmission Co, Ltd.",356,8.5,3026.0
22,23.0,2.0,3.0,12.0,0,6,Hyderabad,JSW Energy Ltd.,474,8.4,3981.6000000000000
6,18.0,3.0,13.0,1.0,0,6,Hyderabad,Sterlite Power Transmission Ltd,474,8.4,3981.6000000000000
12,23.0,1.0,16.0,1.0,0,6,Hyderabad,Toshiba Transmission & Distribution Systems (India) Pvt. Ltd.,632,8.4,5308.8
16,22.0,2.0,7.0,1.0,0,6,Hyderabad,NLC India,484,8.4,4065.6000000000000
13,22.0,1.0,14.0,1.0,0,6,Hyderabad,L&T Transmission & Distribution,484,8.4,4065.6000000000000
5,17.0,0.0,11.0,7.0,0,6,Hyderabad,Toshiba Transmission & Distribution Systems (India) Pvt. Ltd.,484,8.4,4065.6000000000000
11,22.0,3.0,14.0,1.0,0,6,Hyderabad,Sterlite Power Transmission Ltd,528,8.4,4435.2
8,18.0,3.0,12.0,7.0,0,6,Hyderabad,Torrent Power Ltd.,374,8.4,3141.6
22,22.0,3.0,4.0,1.0,0,6,Hyderabad,Adani Power Ltd.,456,8.4,3830.4
10,18.0,3.0,17.0,1.0,0,6,Hyderabad,Optibelt Power Transmission India Private Limited,456,8.4,3830.4
18,23.0,2.0,13.0,12.0,0,6,Hyderabad,Tata Power Company Ltd.,570,8.4,4788.0
23,23.0,2.0,14.0,1.0,0,6,Hyderabad,Jaiprakash Power,570,8.4,4788.0
15,22.0,2.0,16.0,1.0,0,6,Hyderabad,Sunil Hitech Eng,570,8.4,4788.0
11,23.0,3.0,3.0,1.0,0,6,Hyderabad,NHPC,437,8.4,3670.8
11,22.0,0.0,14.0,1.0,0,6,Hyderabad,NLC India,432,8.4,3628.8
5,21.0,3.0,17.0,1.0,0,6,Hyderabad,Power Grid Corp,444,8.4,3729.6000000000000
17,23.0,1.0,13.0,1.0,0,6,Hyderabad,TransRail Lighting,444,8.4,3729.6000000000000
11,23.0,1.0,15.0,1.0,0,6,Hyderabad,Unitech Power Transmission Ltd.,444,8.4,3729.6000000000000
9,23.0,1.0,7.0,1.0,0,6,Hyderabad,Power Grid Corp,444,8.4,3729.6000000000000
20,22.0,3.0,14.0,12.0,0,6,Hyderabad,Tata Power Company Ltd.,599,8.4,5031.6
17,23.0,1.0,7.0,1.0,0,6,Hyderabad,Guj Ind Power,434,8.4,3645.6000000000000
14,23.0,3.0,18.0,1.0,0,6,Hyderabad,Jyoti Structure,588,8.4,4939.2
10,23.0,3.0,11.0,1.0,0,6,Hyderabad,Adani Power Ltd.,487,8.4,4090.8
19,22.0,3.0,9.0,12.0,0,6,Hyderabad,Reliance Power,531,8.4,4460.400000000000
16,23.0,1.0,10.0,1.0,0,6,Hyderabad,Guj Ind Power,531,8.4,4460.400000000000
12,23.0,2.0,16.0,1.0,0,6,Hyderabad,Indowind Energy,531,8.4,4460.400000000000
15,23.0,2.0,6.0,1.0,0,6,Hyderabad,NLC India,507,8.4,4258.8
20,23.0,3.0,4.0,1.0,0,6,Hyderabad,NTPC Pvt. Ltd.,443,8.4,3721.2000000000000
9,20.0,3.0,15.0,7.0,0,6,Hyderabad,JSW Energy Ltd.,443,8.4,3721.2000000000000
18,23.0,2.0,5.0,1.0,0,6,Hyderabad,Torrent Power Ltd.,523,8.4,4393.2
12,22.0,1.0,22.0,1.0,0,6,Hyderabad,Jaiprakash Power,523,8.4,4393.2
17,23.0,3.0,5.0,1.0,0,6,Hyderabad,Guj Ind Power,511,8.4,4292.400000000000
15,23.0,3.0,4.0,12.0,0,6,Hyderabad,Toshiba Transmission & Distribution Systems (India) Pvt. Ltd.,568,8.4,4771.2
13,23.0,3.0,9.0,1.0,0,6,Hyderabad,Guj Ind Power,633,8.4,5317.2
17,22.0,1.0,3.0,12.0,0,6,Hyderabad,L&T Transmission & Distribution,470,8.4,3948.0
19,23.0,1.0,12.0,1.0,0,6,Hyderabad,NTPC Pvt. Ltd.,470,8.4,3948.0
12,22.0,0.0,19.0,1.0,0,6,Hyderabad,Kalpataru Power,536,8.4,4502.400000000000
20,23.0,2.0,14.0,1.0,0,6,Hyderabad,Indowind Energy,551,8.4,4628.400000000000
16,23.0,2.0,19.0,1.0,0,6,Hyderabad,Adani Power Ltd.,500,8.4,4200.0
18,23.0,3.0,18.0,1.0,0,6,Hyderabad,JSW Energy Ltd.,502,8.4,4216.8
11,23.0,3.0,11.0,1.0,0,6,Hyderabad,NTPC Pvt. Ltd.,573,8.4,4813.2
23,23.0,0.0,21.0,1.0,0,6,Hyderabad,Ringfeder Power Transmission India Pvt. Ltd.,720,8.4,6048.0
6,23.0,3.0,13.0,1.0,0,6,Hyderabad,TransRail Lighting,449,8.4,3771.6000000000000
17,23.0,3.0,11.0,1.0,0,6,Hyderabad,JSW Energy Ltd.,449,8.4,3771.6000000000000
22,23.0,1.0,10.0,1.0,0,6,Hyderabad,L&T Transmission & Distribution,490,8.4,4116.0
6,20.0,3.0,5.0,1.0,0,6,Hyderabad,CESC,467,8.4,3922.8
12,22.0,2.0,6.0,1.0,0,6,Hyderabad,Jaiprakash Power,463,8.4,3889.2000000000000
13,22.0,3.0,22.0,1.0,0,6,Hyderabad,Ringfeder Power Transmission India Pvt. Ltd.,485,8.4,4074.0
12,23.0,2.0,18.0,1.0,0,6,Hyderabad,Bonfiglioli Transmission Pvt. Ltd.,614,8.4,5157.6
14,22.0,3.0,20.0,1.0,0,6,Hyderabad,NHPC,645,8.4,5418.0
11,23.0,2.0,4.0,1.0,0,6,Hyderabad,Unitech Power Transmission Ltd.,410,8.4,3444.0
8,19.0,0.0,22.0,7.0,0,6,Hyderabad,Adani Power Ltd.,410,8.4,3444.0
15,22.0,2.0,18.0,12.0,0,6,Hyderabad,Optibelt Power Transmission India Private Limited,604,8.4,5073.6
13,23.0,2.0,16.0,1.0,0,6,Hyderabad,Orient Green,464,8.4,3897.6000000000000
9,23.0,2.0,9.0,1.0,0,6,Hyderabad,Bonfiglioli Transmission Pvt. Ltd.,426,8.4,3578.4
10,18.0,0.0,22.0,7.0,0,6,Hyderabad,Optibelt Power Transmission India Private Limited,521,8.4,4376.400000000000
9,23.0,0.0,21.0,7.0,0,6,Hyderabad,Ringfeder Power Transmission India Pvt. Ltd.,521,8.4,4376.400000000000
19,23.0,3.0,14.0,1.0,0,6,Hyderabad,Jaiprakash Power,597,8.4,5014.8
19,23.0,1.0,8.0,1.0,0,6,Hyderabad,Bonfiglioli Transmission Pvt. Ltd.,451,8.4,3788.4
5,22.0,2.0,18.0,1.0,0,6,Hyderabad,Torrent Power Ltd.,529,8.4,4443.6
11,23.0,2.0,5.0,1.0,0,6,Hyderabad,Neueon Towers / Sujana Towers Ltd.,335,8.4,2814.0
18,22.0,2.0,14.0,1.0,0,6,Hyderabad,Power Grid Corp,629,8.4,5283.6
19,23.0,2.0,3.0,1.0,0,6,Hyderabad,TransRail Lighting,445,8.4,3738.0
7,20.0,2.0,12.0,7.0,0,6,Hyderabad,L&T Transmission & Distribution,595,8.4,4998.0
11,22.0,2.0,19.0,1.0,0,6,Hyderabad,SJVN Ltd.,595,8.4,4998.0
20,22.0,3.0,3.0,1.0,0,6,Hyderabad,Unitech Power Transmission Ltd.,566,8.4,4754.400000000000
7,18.0,1.0,6.0,7.0,0,6,Hyderabad,Orient Green,399,8.4,3351.6000000000000
18,22.0,2.0,11.0,1.0,0,6,Hyderabad,"Maha Transco – Maharashtra State Electricity Transmission Co, Ltd.",389,8.4,3267.6000000000000
17,23.0,0.0,14.0,1.0,0,6,Hyderabad,Optibelt Power Transmission India Private Limited,459,8.4,3855.6000000000000
16,22.0,3.0,9.0,1.0,0,6,Hyderabad,Jaiprakash Power,418,8.4,3511.2000000000000
12,23.0,2.0,17.0,1.0,0,6,Hyderabad,KEC International,418,8.4,3511.2000000000000
6,18.0,3.0,16.0,1.0,0,6,Hyderabad,Jaiprakash Power,524,8.4,4401.6
12,22.0,0.0,3.0,1.0,0,6,Hyderabad,Adani Power Ltd.,308,8.4,2587.2000000000000
13,22.0,2.0,8.0,1.0,0,6,Hyderabad,Ratnagiri Gas and Power Pvt. Ltd. (RGPPL),351,8.4,2948.4
17,22.0,1.0,15.0,1.0,0,6,Hyderabad,Neueon Towers / Sujana Towers Ltd.,506,8.4,4250.400000000000
8,22.0,3.0,11.0,1.0,0,6,Hyderabad,NTPC Pvt. Ltd.,419,8.4,3519.6000000000000
7,22.0,2.0,13.0,7.0,0,6,Hyderabad,Bonfiglioli Transmission Pvt. Ltd.,562,8.4,4720.8
8,22.0,1.0,11.0,1.0,0,6,Hyderabad,L&T Transmission & Distribution,509,8.4,4275.6
23,23.0,0.0,11.0,1.0,0,6,Hyderabad,NLC India,509,8.4,4275.6
16,23.0,0.0,3.0,1.0,0,6,Hyderabad,Reliance Energy,515,8.4,4326.0
8,22.0,2.0,4.0,1.0,0,6,Hyderabad,Jyoti Structure,515,8.4,4326.0
12,23.0,0.0,22.0,1.0,0,6,Hyderabad,SJVN Ltd.,634,8.4,5325.6
23,23.0,3.0,6.0,1.0,0,6,Hyderabad,JSW Energy Ltd.,424,8.4,3561.6000000000000
13,22.0,0.0,12.0,1.0,0,6,Hyderabad,Unitech Power Transmission Ltd.,446,8.4,3746.4
14,22.0,1.0,7.0,1.0,0,6,Hyderabad,Torrent Power Ltd.,537,8.4,4510.8
19,23.0,1.0,11.0,1.0,0,6,Hyderabad,NHPC,535,8.4,4494.0
18,23.0,3.0,5.0,1.0,0,6,Hyderabad,NHPC,535,8.4,4494.0
16,23.0,2.0,5.0,1.0,0,6,Hyderabad,CESC,341,8.4,2864.4
6,22.0,2.0,11.0,1.0,0,6,Hyderabad,Bonfiglioli Transmission Pvt. Ltd.,341,8.4,2864.4
14,23.0,0.0,5.0,1.0,0,6,Hyderabad,Ratnagiri Gas and Power Pvt. Ltd. (RGPPL),404,8.4,3393.6000000000000
7,17.0,2.0,13.0,1.0,0,6,Hyderabad,Torrent Power Ltd.,441,8.4,3704.4
8,20.0,1.0,21.0,7.0,0,6,Hyderabad,Sterlite Power Transmission Ltd,644,8.4,5409.6
8,19.0,1.0,9.0,1.0,0,6,Hyderabad,Optibelt Power Transmission India Private Limited,286,8.4,2402.4
9,21.0,1.0,3.0,1.0,0,6,Hyderabad,Jyoti Structure,395,8.4,3318.0
16,22.0,2.0,7.0,1.0,0,6,Hyderabad,SJVN Ltd.,522,8.4,4384.8
21,23.0,3.0,7.0,12.0,0,6,Hyderabad,Jaiprakash Power,609,8.4,5115.6
15,22.0,1.0,12.0,1.0,0,6,Hyderabad,TransRail Lighting,527,8.4,4426.8
12,23.0,0.0,16.0,1.0,0,6,Hyderabad,Ringfeder Power Transmission India Pvt. Ltd.,527,8.4,4426.8
9,17.0,2.0,15.0,1.0,0,6,Hyderabad,Bonfiglioli Transmission Pvt. Ltd.,492,8.4,4132.8
13,23.0,2.0,11.0,12.0,0,6,Hyderabad,Guj Ind Power,492,8.4,4132.8
5,18.0,3.0,22.0,1.0,0,6,Hyderabad,NHPC,624,8.4,5241.6
17,23.0,3.0,21.0,1.0,0,6,Hyderabad,Adani Power Ltd.,728,8.4,6115.2
9,17.0,0.0,18.0,1.0,0,6,Hyderabad,Indowind Energy,429,8.4,3603.6000000000000
9,22.0,3.0,3.0,7.0,0,6,Hyderabad,Bonfiglioli Transmission Pvt. Ltd.,455,8.4,3822.0
20,23.0,0.0,8.0,1.0,0,6,Hyderabad,TransRail Lighting,455,8.4,3822.0
5,20.0,1.0,6.0,1.0,0,6,Hyderabad,NHPC,247,8.4,2074.8
16,22.0,3.0,21.0,1.0,0,6,Hyderabad,Ratnagiri Gas and Power Pvt. Ltd. (RGPPL),611,8.4,5132.400000000000
8,17.0,2.0,10.0,1.0,0,6,Hyderabad,Toshiba Transmission & Distribution Systems (India) Pvt. Ltd.,296,8.4,2486.4
13,23.0,3.0,3.0,12.0,0,6,Hyderabad,NLC India,660,8.4,5544.0
5,18.0,1.0,6.0,7.0,0,6,Hyderabad,L&T Transmission & Distribution,363,8.4,3049.2000000000000
21,22.0,2.0,4.0,1.0,0,6,Hyderabad,Guj Ind Power,363,8.4,3049.2000000000000
7,21.0,2.0,15.0,1.0,0,6,Hyderabad,KEC International,561,8.4,4712.400000000000
10,17.0,0.0,7.0,1.0,0,6,Hyderabad,Optibelt Power Transmission India Private Limited,416,8.4,3494.4
10,20.0,2.0,16.0,7.0,0,6,Hyderabad,CESC,403,8.4,3385.2000000000000
23,23.0,1.0,18.0,1.0,0,6,Hyderabad,CESC,533,8.4,4477.2
14,22.0,3.0,21.0,1.0,0,6,Hyderabad,Kalpataru Power,533,8.4,4477.2
22,23.0,0.0,10.0,1.0,0,6,Hyderabad,Indowind Energy,417,8.4,3502.8
7,19.0,3.0,7.0,1.0,0,6,Hyderabad,Reliance Energy,417,8.4,3502.8
9,23.0,1.0,16.0,1.0,0,6,Hyderabad,TransRail Lighting,478,8.4,4015.2000000000000
16,23.0,0.0,15.0,12.0,0,6,Hyderabad,SJVN Ltd.,480,8.4,4032.0
17,23.0,1.0,15.0,1.0,0,6,Hyderabad,NHPC,564,8.4,4737.6
8,22.0,1.0,11.0,1.0,0,6,Hyderabad,Ringfeder Power Transmission India Pvt. Ltd.,447,8.4,3754.8
18,22.0,3.0,9.0,1.0,0,6,Hyderabad,Guj Ind Power,447,8.4,3754.8
17,23.0,0.0,15.0,1.0,0,6,Hyderabad,Reliance Power,385,8.4,3234.0
9,23.0,3.0,11.0,1.0,0,6,Hyderabad,L&T Transmission & Distribution,619,8.4,5199.6
15,23.0,0.0,17.0,1.0,0,6,Hyderabad,Ringfeder Power Transmission India Pvt. Ltd.,482,8.4,4048.8
9,18.0,1.0,18.0,1.0,0,6,Hyderabad,Torrent Power Ltd.,482,8.4,4048.8
8,22.0,2.0,14.0,7.0,0,6,Hyderabad,Toshiba Transmission & Distribution Systems (India) Pvt. Ltd.,482,8.4,4048.8
15,23.0,3.0,21.0,1.0,0,6,Hyderabad,Adani Power Ltd.,525,8.4,4410.0
9,18.0,1.0,15.0,1.0,0,6,Hyderabad,Jaiprakash Power,525,8.4,4410.0
8,23.0,3.0,20.0,1.0,0,6,Hyderabad,Torrent Power Ltd.,586,8.4,4922.400000000000
5,23.0,1.0,20.0,1.0,0,6,Hyderabad,Orient Green,635,8.4,5334.0
21,22.0,3.0,17.0,12.0,0,6,Hyderabad,Unitech Power Transmission Ltd.,685,8.4,5754.0
7,22.0,1.0,8.0,7.0,0,6,Hyderabad,Indowind Energy,430,8.4,3612.0
7,19.0,3.0,22.0,1.0,0,6,Hyderabad,Sunil Hitech Eng,457,8.4,3838.8
7,20.0,3.0,11.0,1.0,0,6,Hyderabad,CESC,328,8.4,2755.2000000000000
12,23.0,0.0,6.0,1.0,0,6,Hyderabad,L&T Transmission & Distribution,328,8.4,2755.2000000000000
14,22.0,3.0,17.0,1.0,0,6,Hyderabad,Reliance Energy,590,8.4,4956.0
13,22.0,1.0,11.0,1.0,0,6,Hyderabad,Optibelt Power Transmission India Private Limited,590,8.4,4956.0
19,22.0,2.0,8.0,12.0,0,6,Hyderabad,Optibelt Power Transmission India Private Limited,692,8.4,5812.8
17,22.0,3.0,6.0,1.0,0,6,Hyderabad,SJVN Ltd.,600,8.4,5040.0
14,22.0,1.0,4.0,12.0,0,6,Hyderabad,SJVN Ltd.,600,8.4,5040.0
5,19.0,2.0,22.0,1.0,0,6,Hyderabad,NLC India,608,8.4,5107.2
20,23.0,1.0,18.0,1.0,0,6,Hyderabad,Reliance Power,665,8.4,5586.0
17,22.0,1.0,21.0,1.0,0,6,Hyderabad,Orient Green,665,8.4,5586.0
9,17.0,3.0,20.0,7.0,0,6,Hyderabad,Orient Green,469,8.4,3939.6000000000000
19,23.0,1.0,17.0,1.0,0,6,Hyderabad,Optibelt Power Transmission India Private Limited,469,8.4,3939.6000000000000
11,22.0,1.0,19.0,1.0,0,6,Hyderabad,Toshiba Transmission & Distribution Systems (India) Pvt. Ltd.,579,8.4,4863.6
14,22.0,0.0,22.0,1.0,0,6,Hyderabad,JSW Energy Ltd.,471,8.4,3956.4
21,22.0,1.0,18.0,1.0,0,6,Hyderabad,Sterlite Power Transmission Ltd,477,8.4,4006.8
7,22.0,3.0,3.0,1.0,0,6,Hyderabad,Power Grid Corp,367,8.4,3082.8
15,22.0,0.0,15.0,1.0,0,6,Hyderabad,Ringfeder Power Transmission India Pvt. Ltd.,541,8.4,4544.400000000000
22,22.0,1.0,11.0,12.0,0,6,Hyderabad,Toshiba Transmission & Distribution Systems (India) Pvt. Ltd.,647,8.4,5434.8
16,22.0,1.0,14.0,1.0,0,6,Hyderabad,SJVN Ltd.,413,8.4,3469.2000000000000
5,21.0,3.0,13.0,1.0,0,6,Hyderabad,Ringfeder Power Transmission India Pvt. Ltd.,413,8.4,3469.2000000000000
23,22.0,2.0,16.0,1.0,0,6,Hyderabad,Ringfeder Power Transmission India Pvt. Ltd.,700,8.4,5880.0
19,23.0,1.0,5.0,1.0,0,6,Hyderabad,"Maha Transco – Maharashtra State Electricity Transmission Co, Ltd.",339,8.4,2847.6
8,20.0,2.0,9.0,1.0,0,6,Hyderabad,Bonfiglioli Transmission Pvt. Ltd.,388,8.4,3259.2000000000000
22,23.0,2.0,16.0,1.0,0,6,Hyderabad,NLC India,630,8.4,5292.0
15,23.0,2.0,20.0,1.0,0,6,Hyderabad,Ringfeder Power Transmission India Pvt. Ltd.,473,8.4,3973.2000000000000
20,23.0,1.0,14.0,1.0,0,6,Hyderabad,Adani Power Ltd.,473,8.4,3973.2000000000000
9,18.0,3.0,14.0,1.0,0,6,Hyderabad,NLC India,491,8.4,4124.400000000000
15,23.0,1.0,7.0,1.0,0,6,Hyderabad,Bonfiglioli Transmission Pvt. Ltd.,538,8.4,4519.2
14,23.0,3.0,15.0,1.0,0,6,Hyderabad,JSW Energy Ltd.,453,8.4,3805.2000000000000
12,23.0,0.0,7.0,1.0,0,6,Hyderabad,Adani Power Ltd.,298,8.4,2503.2000000000000
7,18.0,0.0,14.0,1.0,0,6,Hyderabad,JSW Energy Ltd.,393,8.4,3301.2000000000000
5,23.0,2.0,4.0,1.0,0,6,Hyderabad,Jaiprakash Power,493,8.4,4141.2
19,22.0,3.0,6.0,1.0,0,6,Hyderabad,Torrent Power Ltd.,391,8.4,3284.4
15,22.0,0.0,16.0,1.0,0,6,Hyderabad,SJVN Ltd.,391,8.4,3284.4
20,23.0,2.0,22.0,1.0,0,6,Hyderabad,Ringfeder Power Transmission India Pvt. Ltd.,510,8.4,4284.0
14,22.0,3.0,16.0,1.0,0,6,Hyderabad,Jyoti Structure,510,8.4,4284.0
13,22.0,3.0,14.0,1.0,0,6,Hyderabad,Kalpataru Power,510,8.4,4284.0
13,23.0,1.0,22.0,1.0,0,6,Hyderabad,Neueon Towers / Sujana Towers Ltd.,442,8.4,3712.8
8,19.0,0.0,19.0,1.0,0,6,Hyderabad,L&T Transmission & Distribution,325,8.4,2730.0
6,21.0,0.0,17.0,1.0,0,6,Hyderabad,Sunil Hitech Eng,325,8.4,2730.0
5,23.0,1.0,11.0,1.0,0,6,Hyderabad,Adani Power Ltd.,338,8.4,2839.2000000000000
19,22.0,0.0,4.0,1.0,0,6,Hyderabad,Sunil Hitech Eng,333,8.4,2797.2000000000000
21,23.0,0.0,5.0,1.0,0,6,Hyderabad,Neueon Towers / Sujana Towers Ltd.,333,8.4,2797.2000000000000
23,23.0,3.0,12.0,12.0,0,6,Hyderabad,TransRail Lighting,722,8.4,6064.8
12,23.0,0.0,22.0,1.0,0,6,Hyderabad,Indowind Energy,675,8.4,5670.0
17,23.0,2.0,22.0,1.0,0,6,Hyderabad,SJVN Ltd.,648,8.4,5443.2
6,23.0,3.0,11.0,1.0,0,6,Hyderabad,TransRail Lighting,501,8.4,4208.400000000000
9,19.0,3.0,20.0,7.0,0,6,Hyderabad,Jaiprakash Power,723,8.4,6073.2
16,23.0,2.0,5.0,1.0,0,6,Hyderabad,Jaiprakash Power,383,8.4,3217.2000000000000
13,22.0,0.0,14.0,1.0,0,6,Hyderabad,SJVN Ltd.,348,8.4,2923.2000000000000
12,22.0,1.0,19.0,1.0,0,6,Hyderabad,TransRail Lighting,575,8.4,4830.0
21,22.0,2.0,18.0,1.0,0,6,Hyderabad,SJVN Ltd.,575,8.4,4830.0
14,23.0,2.0,8.0,1.0,0,6,Hyderabad,Ratnagiri Gas and Power Pvt. Ltd. (RGPPL),460,8.4,3864.0
12,23.0,1.0,22.0,1.0,0,6,Hyderabad,Power Grid Corp,545,8.4,4578.0
8,20.0,3.0,5.0,1.0,0,6,Hyderabad,Orient Green,349,8.4,2931.6
22,23.0,1.0,13.0,1.0,0,6,Hyderabad,Neueon Towers / Sujana Towers Ltd.,592,8.4,4972.8
12,22.0,1.0,9.0,1.0,0,6,Hyderabad,"Maha Transco – Maharashtra State Electricity Transmission Co, Ltd.",343,8.4,2881.2000000000000
22,22.0,1.0,6.0,1.0,0,6,Hyderabad,NLC India,366,8.4,3074.4
18,22.0,0.0,3.0,1.0,0,6,Hyderabad,Jaiprakash Power,375,8.4,3150.0
20,23.0,2.0,15.0,12.0,0,6,Hyderabad,NTPC Pvt. Ltd.,816,8.4,6854.400000000000
18,22.0,3.0,10.0,12.0,0,6,Hyderabad,Jyoti Structure,688,8.4,5779.2
19,23.0,3.0,21.0,1.0,0,6,Hyderabad,Kalpataru Power,622,8.4,5224.8
11,23.0,2.0,19.0,1.0,0,6,Hyderabad,TransRail Lighting,686,8.4,5762.400000000000
11,22.0,1.0,14.0,12.0,0,6,Hyderabad,Adani Power Ltd.,697,8.4,5854.8
12,22.0,1.0,15.0,1.0,0,6,Hyderabad,Power Grid Corp,584,8.4,4905.6
17,23.0,1.0,19.0,1.0,0,6,Hyderabad,Power Grid Corp,556,8.4,4670.400000000000
17,22.0,3.0,19.0,1.0,0,6,Hyderabad,JSW Energy Ltd.,674,8.4,5661.6
19,22.0,1.0,22.0,12.0,0,6,Hyderabad,Jyoti Structure,701,8.4,5888.400000000000
22,22.0,3.0,19.0,1.0,0,6,Hyderabad,JSW Energy Ltd.,701,8.4,5888.400000000000
17,23.0,0.0,22.0,1.0,0,6,Hyderabad,Guj Ind Power,701,8.4,5888.400000000000
17,23.0,2.0,8.0,12.0,0,6,Hyderabad,Jaiprakash Power,625,8.4,5250.0
23,23.0,2.0,6.0,1.0,0,6,Hyderabad,Bonfiglioli Transmission Pvt. Ltd.,499,8.4,4191.6
10,21.0,3.0,13.0,1.0,0,6,Hyderabad,GE T&D India Limited,499,8.4,4191.6
7,17.0,2.0,17.0,1.0,0,6,Hyderabad,L&T Transmission & Distribution,381,8.4,3200.4
17,22.0,1.0,3.0,1.0,0,6,Hyderabad,Toshiba Transmission & Distribution Systems (India) Pvt. Ltd.,358,8.4,3007.2000000000000
12,23.0,2.0,9.0,1.0,0,6,Hyderabad,JSW Energy Ltd.,358,8.4,3007.2000000000000
22,22.0,1.0,17.0,12.0,0,6,Hyderabad,Jyoti Structure,799,8.4,6711.6
21,23.0,1.0,11.0,12.0,0,6,Hyderabad,Jaiprakash Power,542,8.4,4552.8
23,22.0,1.0,7.0,1.0,0,6,Hyderabad,Jaiprakash Power,593,8.4,4981.2
5,18.0,1.0,10.0,1.0,0,6,Hyderabad,Jaiprakash Power,253,8.4,2125.2000000000000
5,23.0,1.0,19.0,1.0,0,6,Hyderabad,Sunil Hitech Eng,472,8.4,3964.8
21,23.0,3.0,13.0,1.0,0,6,Hyderabad,SJVN Ltd.,672,8.4,5644.8
16,22.0,0.0,22.0,1.0,0,6,Hyderabad,Reliance Power,672,8.4,5644.8
20,23.0,1.0,19.0,1.0,0,6,Hyderabad,NLC India,687,8.4,5770.8
11,23.0,0.0,7.0,1.0,0,6,Hyderabad,Ringfeder Power Transmission India Pvt. Ltd.,394,8.4,3309.6000000000000
11,23.0,3.0,19.0,1.0,0,6,Hyderabad,Toshiba Transmission & Distribution Systems (India) Pvt. Ltd.,698,8.4,5863.2
23,23.0,2.0,7.0,12.0,0,6,Hyderabad,JSW Energy Ltd.,543,8.4,4561.2
19,23.0,3.0,8.0,12.0,0,6,Hyderabad,GE T&D India Limited,710,8.4,5964.0
20,23.0,3.0,12.0,1.0,0,6,Hyderabad,Reliance Power,710,8.4,5964.0
21,23.0,3.0,11.0,12.0,0,6,Hyderabad,KEC International,800,8.4,6720.0
15,22.0,3.0,9.0,1.0,0,6,Hyderabad,Tata Power Company Ltd.,392,8.4,3292.8
9,20.0,0.0,13.0,1.0,0,6,Hyderabad,KEC International,392,8.4,3292.8
14,23.0,1.0,22.0,12.0,0,6,Hyderabad,Sunil Hitech Eng,781,8.4,6560.400000000000
6,20.0,0.0,6.0,1.0,0,6,Hyderabad,Indowind Energy,310,8.4,2604.0
17,22.0,3.0,10.0,1.0,0,6,Hyderabad,Tata Power Company Ltd.,606,8.4,5090.400000000000
20,23.0,3.0,13.0,12.0,0,6,Hyderabad,Jyoti Structure,822,8.4,6904.8
16,23.0,3.0,21.0,12.0,0,6,Hyderabad,NTPC Pvt. Ltd.,762,8.4,6400.8
20,22.0,2.0,21.0,1.0,0,6,Hyderabad,Sterlite Power Transmission Ltd,754,8.4,6333.6
13,23.0,3.0,20.0,12.0,0,6,Hyderabad,Guj Ind Power,846,8.4,7106.400000000000
6,18.0,0.0,3.0,1.0,0,6,Hyderabad,Bonfiglioli Transmission Pvt. Ltd.,144,8.4,1209.6000000000000
21,23.0,3.0,20.0,1.0,0,6,Hyderabad,Indowind Energy,803,8.4,6745.200000000000
10,20.0,0.0,10.0,1.0,0,6,Hyderabad,Jyoti Structure,422,8.4,3544.8
23,22.0,3.0,10.0,12.0,0,6,Hyderabad,Reliance Energy,753,8.4,6325.2
6,20.0,3.0,5.0,1.0,0,6,Nagpur,Ratnagiri Gas and Power Pvt. Ltd. (RGPPL),440,8.9,3916.0
7,20.0,2.0,19.0,1.0,0,6,Nagpur,Ringfeder Power Transmission India Pvt. Ltd.,532,8.9,4734.8
8,21.0,3.0,18.0,1.0,0,6,Nagpur,Sterlite Power Transmission Ltd,672,8.9,5980.8
18,23.0,3.0,21.0,1.0,0,6,Nagpur,Sterlite Power Transmission Ltd,588,8.9,5233.2
23,22.0,1.0,6.0,1.0,0,6,Nagpur,Reliance Power,554,8.9,4930.6
15,23.0,2.0,11.0,12.0,0,6,Nagpur,Ringfeder Power Transmission India Pvt. Ltd.,651,8.9,5793.900000000000
16,22.0,0.0,11.0,12.0,0,6,Nagpur,Ratnagiri Gas and Power Pvt. Ltd. (RGPPL),463,8.9,4120.7
6,22.0,0.0,8.0,1.0,0,6,Nagpur,Jaiprakash Power,431,8.9,3835.9
18,22.0,0.0,10.0,1.0,0,6,Nagpur,Ratnagiri Gas and Power Pvt. Ltd. (RGPPL),506,8.9,4503.400000000000
19,22.0,3.0,3.0,1.0,0,6,Nagpur,TransRail Lighting,598,8.9,5322.2
20,23.0,2.0,15.0,1.0,0,6,Nagpur,GE T&D India Limited,605,8.9,5384.5
19,22.0,2.0,4.0,1.0,0,6,Nagpur,Indowind Energy,461,8.9,4102.900000000000
17,22.0,3.0,6.0,12.0,0,6,Nagpur,Sunil Hitech Eng,461,8.9,4102.900000000000
21,22.0,0.0,16.0,1.0,0,6,Nagpur,Optibelt Power Transmission India Private Limited,608,8.9,5411.2
20,23.0,0.0,20.0,1.0,0,6,Nagpur,Sterlite Power Transmission Ltd,526,8.9,4681.400000000000
9,20.0,2.0,18.0,1.0,0,6,Nagpur,CESC,526,8.9,4681.400000000000
11,23.0,2.0,15.0,1.0,0,6,Nagpur,Ringfeder Power Transmission India Pvt. Ltd.,526,8.9,4681.400000000000
20,23.0,3.0,9.0,1.0,0,6,Nagpur,CESC,611,8.9,5437.900000000000
11,23.0,2.0,3.0,1.0,0,6,Nagpur,NHPC,504,8.9,4485.6
18,22.0,0.0,5.0,12.0,0,6,Nagpur,GE T&D India Limited,504,8.9,4485.6
6,22.0,3.0,17.0,1.0,0,6,Nagpur,NTPC Pvt. Ltd.,583,8.9,5188.7
9,22.0,0.0,16.0,1.0,0,6,Nagpur,JSW Energy Ltd.,343,8.9,3052.7000000000000
22,22.0,3.0,7.0,1.0,0,6,Nagpur,Adani Power Ltd.,551,8.9,4903.900000000000
22,22.0,1.0,12.0,1.0,0,6,Nagpur,Power Grid Corp,410,8.9,3649.0
20,22.0,1.0,15.0,1.0,0,6,Nagpur,Sterlite Power Transmission Ltd,664,8.9,5909.6
17,23.0,3.0,6.0,12.0,0,6,Nagpur,Reliance Energy,513,8.9,4565.7
10,17.0,0.0,20.0,1.0,0,6,Nagpur,JSW Energy Ltd.,456,8.9,4058.4
22,22.0,0.0,15.0,1.0,0,6,Nagpur,CESC,593,8.9,5277.7
7,17.0,3.0,14.0,1.0,0,6,Nagpur,Optibelt Power Transmission India Private Limited,561,8.9,4992.900000000000
20,23.0,0.0,3.0,1.0,0,6,Nagpur,KEC International,277,8.9,2465.3
7,22.0,1.0,3.0,1.0,0,6,Nagpur,TransRail Lighting,277,8.9,2465.3
16,23.0,3.0,4.0,12.0,0,6,Nagpur,NHPC,594,8.9,5286.6
8,21.0,0.0,11.0,7.0,0,6,Nagpur,KEC International,441,8.9,3924.9
22,22.0,3.0,9.0,1.0,0,6,Nagpur,Power Grid Corp,574,8.9,5108.6
17,22.0,0.0,10.0,1.0,0,6,Nagpur,Kalpataru Power,574,8.9,5108.6
23,23.0,1.0,20.0,1.0,0,6,Nagpur,TransRail Lighting,494,8.9,4396.6
17,22.0,3.0,7.0,1.0,0,6,Nagpur,Toshiba Transmission & Distribution Systems (India) Pvt. Ltd.,428,8.9,3809.2000000000000
11,23.0,1.0,17.0,1.0,0,6,Nagpur,Sunil Hitech Eng,428,8.9,3809.2000000000000
23,23.0,2.0,17.0,1.0,0,6,Nagpur,L&T Transmission & Distribution,492,8.9,4378.8
10,22.0,2.0,9.0,1.0,0,6,Nagpur,NLC India,455,8.9,4049.5
10,19.0,3.0,19.0,1.0,0,6,Nagpur,GE T&D India Limited,455,8.9,4049.5
10,20.0,3.0,3.0,1.0,0,6,Nagpur,Bonfiglioli Transmission Pvt. Ltd.,455,8.9,4049.5
6,23.0,1.0,19.0,1.0,0,6,Nagpur,JSW Energy Ltd.,459,8.9,4085.1000000000000
11,22.0,1.0,4.0,12.0,0,6,Nagpur,NLC India,536,8.9,4770.400000000000
19,22.0,2.0,10.0,12.0,0,6,Nagpur,Ratnagiri Gas and Power Pvt. Ltd. (RGPPL),601,8.9,5348.900000000000
14,22.0,2.0,14.0,1.0,0,6,Nagpur,Ratnagiri Gas and Power Pvt. Ltd. (RGPPL),601,8.9,5348.900000000000
15,23.0,0.0,21.0,1.0,0,6,Nagpur,Reliance Energy,618,8.9,5500.2
11,23.0,2.0,20.0,1.0,0,6,Nagpur,Jaiprakash Power,497,8.9,4423.3
13,22.0,3.0,20.0,1.0,0,6,Nagpur,Power Grid Corp,497,8.9,4423.3
12,22.0,1.0,17.0,1.0,0,6,Nagpur,JSW Energy Ltd.,424,8.9,3773.6000000000000
18,23.0,2.0,14.0,1.0,0,6,Nagpur,Ringfeder Power Transmission India Pvt. Ltd.,515,8.9,4583.5
6,23.0,2.0,11.0,7.0,0,6,Nagpur,"Maha Transco – Maharashtra State Electricity Transmission Co, Ltd.",413,8.9,3675.7000000000000
14,23.0,0.0,18.0,12.0,0,6,Nagpur,Sunil Hitech Eng,614,8.9,5464.6
18,23.0,1.0,14.0,1.0,0,6,Nagpur,Adani Power Ltd.,398,8.9,3542.2000000000000
10,17.0,1.0,14.0,1.0,0,6,Nagpur,GE T&D India Limited,398,8.9,3542.2000000000000
7,20.0,3.0,17.0,1.0,0,6,Nagpur,KEC International,629,8.9,5598.1
18,22.0,2.0,11.0,12.0,0,6,Nagpur,Reliance Power,512,8.9,4556.8
21,22.0,2.0,10.0,1.0,0,6,Nagpur,Sterlite Power Transmission Ltd,530,8.9,4717.0
21,23.0,3.0,5.0,12.0,0,6,Nagpur,Bonfiglioli Transmission Pvt. Ltd.,530,8.9,4717.0
10,17.0,1.0,5.0,1.0,0,6,Nagpur,Adani Power Ltd.,321,8.9,2856.9
9,18.0,0.0,4.0,7.0,0,6,Nagpur,Power Grid Corp,321,8.9,2856.9
20,22.0,0.0,6.0,1.0,0,6,Nagpur,Sunil Hitech Eng,493,8.9,4387.7
5,22.0,3.0,16.0,1.0,0,6,Nagpur,GE T&D India Limited,446,8.9,3969.4
12,23.0,3.0,10.0,1.0,0,6,Nagpur,Torrent Power Ltd.,446,8.9,3969.4
23,23.0,3.0,8.0,1.0,0,6,Nagpur,Ratnagiri Gas and Power Pvt. Ltd. (RGPPL),445,8.9,3960.5
11,22.0,0.0,16.0,1.0,0,6,Nagpur,NTPC Pvt. Ltd.,445,8.9,3960.5
8,22.0,0.0,20.0,7.0,0,6,Nagpur,Ratnagiri Gas and Power Pvt. Ltd. (RGPPL),445,8.9,3960.5
19,23.0,3.0,19.0,12.0,0,6,Nagpur,Reliance Power,720,8.9,6408.0
19,23.0,2.0,3.0,1.0,0,6,Nagpur,Sunil Hitech Eng,375,8.9,3337.5
21,23.0,3.0,3.0,1.0,0,6,Nagpur,Reliance Power,617,8.9,5491.3
9,18.0,3.0,3.0,1.0,0,6,Nagpur,Sunil Hitech Eng,460,8.9,4094.0
14,23.0,2.0,14.0,1.0,0,6,Nagpur,GE T&D India Limited,453,8.9,4031.7000000000000
8,23.0,2.0,7.0,1.0,0,6,Nagpur,Tata Power Company Ltd.,509,8.9,4530.1
13,22.0,2.0,16.0,1.0,0,6,Nagpur,Sunil Hitech Eng,429,8.9,3818.1000000000000
6,21.0,0.0,13.0,1.0,0,6,Nagpur,Power Grid Corp,416,8.9,3702.4
13,22.0,0.0,12.0,1.0,0,6,Nagpur,NTPC Pvt. Ltd.,377,8.9,3355.3
19,23.0,0.0,17.0,1.0,0,6,Nagpur,NHPC,407,8.9,3622.3
20,23.0,2.0,10.0,1.0,0,6,Nagpur,Power Grid Corp,407,8.9,3622.3
9,17.0,3.0,22.0,1.0,0,6,Nagpur,Toshiba Transmission & Distribution Systems (India) Pvt. Ltd.,582,8.9,5179.8
20,22.0,3.0,17.0,1.0,0,6,Nagpur,JSW Energy Ltd.,514,8.9,4574.6
22,23.0,2.0,5.0,1.0,0,6,Nagpur,JSW Energy Ltd.,642,8.9,5713.8
12,23.0,2.0,9.0,1.0,0,6,Nagpur,GE T&D India Limited,546,8.9,4859.400000000000
17,23.0,0.0,5.0,1.0,0,6,Nagpur,Jyoti Structure,395,8.9,3515.5
7,21.0,1.0,13.0,7.0,0,6,Nagpur,NLC India,348,8.9,3097.2000000000000
7,17.0,0.0,16.0,1.0,0,6,Nagpur,Bonfiglioli Transmission Pvt. Ltd.,368,8.9,3275.2000000000000
7,21.0,0.0,21.0,1.0,0,6,Nagpur,SJVN Ltd.,368,8.9,3275.2000000000000
20,23.0,0.0,15.0,1.0,0,6,Nagpur,CESC,578,8.9,5144.2
15,22.0,1.0,6.0,12.0,0,6,Nagpur,SJVN Ltd.,531,8.9,4725.900000000000
9,21.0,1.0,11.0,1.0,0,6,Nagpur,GE T&D India Limited,354,8.9,3150.6
6,17.0,3.0,11.0,1.0,0,6,Nagpur,Torrent Power Ltd.,451,8.9,4013.9
23,23.0,0.0,20.0,1.0,0,6,Nagpur,Toshiba Transmission & Distribution Systems (India) Pvt. Ltd.,451,8.9,4013.9
5,21.0,2.0,13.0,1.0,0,6,Nagpur,Jaiprakash Power,458,8.9,4076.2000000000000
10,23.0,0.0,10.0,7.0,0,6,Nagpur,Kalpataru Power,458,8.9,4076.2000000000000
13,22.0,2.0,7.0,1.0,0,6,Nagpur,Adani Power Ltd.,458,8.9,4076.2000000000000
16,23.0,0.0,3.0,12.0,0,6,Nagpur,"Maha Transco – Maharashtra State Electricity Transmission Co, Ltd.",491,8.9,4369.900000000000
21,22.0,2.0,11.0,1.0,0,6,Nagpur,Optibelt Power Transmission India Private Limited,511,8.9,4547.900000000000
7,23.0,0.0,10.0,7.0,0,6,Nagpur,"Maha Transco – Maharashtra State Electricity Transmission Co, Ltd.",511,8.9,4547.900000000000
22,23.0,3.0,6.0,1.0,0,6,Nagpur,Reliance Power,559,8.9,4975.1
14,22.0,0.0,18.0,1.0,0,6,Nagpur,Tata Power Company Ltd.,519,8.9,4619.1
13,22.0,1.0,17.0,1.0,0,6,Nagpur,Optibelt Power Transmission India Private Limited,418,8.9,3720.2000000000000
10,19.0,0.0,5.0,1.0,0,6,Nagpur,NHPC,367,8.9,3266.3
6,23.0,0.0,10.0,1.0,0,6,Nagpur,NLC India,470,8.9,4183.0
19,23.0,1.0,9.0,12.0,0,6,Nagpur,Torrent Power Ltd.,468,8.9,4165.2
5,22.0,2.0,5.0,1.0,0,6,Nagpur,Torrent Power Ltd.,310,8.9,2759.0
19,23.0,3.0,13.0,1.0,0,6,Nagpur,Unitech Power Transmission Ltd.,507,8.9,4512.3
5,18.0,2.0,7.0,1.0,0,6,Nagpur,Jyoti Structure,361,8.9,3212.9
7,17.0,1.0,14.0,1.0,0,6,Nagpur,Unitech Power Transmission Ltd.,361,8.9,3212.9
19,22.0,2.0,17.0,1.0,0,6,Nagpur,TransRail Lighting,538,8.9,4788.2
19,23.0,2.0,9.0,1.0,0,6,Nagpur,Toshiba Transmission & Distribution Systems (India) Pvt. Ltd.,417,8.9,3711.3
7,17.0,2.0,21.0,1.0,0,6,Nagpur,Sterlite Power Transmission Ltd,417,8.9,3711.3
16,22.0,2.0,8.0,1.0,0,6,Nagpur,Power Grid Corp,394,8.9,3506.6000000000000
21,23.0,2.0,4.0,1.0,0,6,Nagpur,Tata Power Company Ltd.,436,8.9,3880.4
5,23.0,2.0,19.0,1.0,0,6,Nagpur,Power Grid Corp,496,8.9,4414.400000000000
20,22.0,0.0,19.0,1.0,0,6,Nagpur,TransRail Lighting,666,8.9,5927.400000000000
18,22.0,2.0,15.0,1.0,0,6,Nagpur,Torrent Power Ltd.,666,8.9,5927.400000000000
22,22.0,0.0,15.0,1.0,0,6,Nagpur,SJVN Ltd.,483,8.9,4298.7
23,22.0,2.0,11.0,1.0,0,6,Nagpur,SJVN Ltd.,457,8.9,4067.3
19,22.0,1.0,11.0,1.0,0,6,Nagpur,Power Grid Corp,632,8.9,5624.8
7,23.0,3.0,12.0,1.0,0,6,Nagpur,NLC India,632,8.9,5624.8
17,22.0,1.0,6.0,1.0,0,6,Nagpur,Jaiprakash Power,342,8.9,3043.8
7,19.0,2.0,19.0,1.0,0,6,Nagpur,Guj Ind Power,510,8.9,4539.0
14,22.0,0.0,8.0,12.0,0,6,Nagpur,Toshiba Transmission & Distribution Systems (India) Pvt. Ltd.,510,8.9,4539.0
16,22.0,0.0,5.0,1.0,0,6,Nagpur,NHPC,510,8.9,4539.0
10,17.0,3.0,6.0,1.0,0,6,Nagpur,Indowind Energy,316,8.9,2812.4
19,23.0,3.0,16.0,1.0,0,6,Nagpur,Toshiba Transmission & Distribution Systems (India) Pvt. Ltd.,597,8.9,5313.3
10,20.0,1.0,16.0,7.0,0,6,Nagpur,SJVN Ltd.,406,8.9,3613.4
21,23.0,3.0,8.0,12.0,0,6,Nagpur,GE T&D India Limited,620,8.9,5518.0
11,22.0,2.0,8.0,12.0,0,6,Nagpur,SJVN Ltd.,479,8.9,4263.1
16,22.0,3.0,13.0,1.0,0,6,Nagpur,KEC International,639,8.9,5687.1
21,22.0,2.0,7.0,1.0,0,6,Nagpur,Neueon Towers / Sujana Towers Ltd.,637,8.9,5669.3
5,18.0,2.0,13.0,1.0,0,6,Nagpur,TransRail Lighting,466,8.9,4147.400000000000
9,22.0,2.0,22.0,1.0,0,6,Nagpur,Reliance Power,586,8.9,5215.400000000000
21,22.0,1.0,3.0,1.0,0,6,Nagpur,GE T&D India Limited,556,8.9,4948.400000000000
12,22.0,3.0,22.0,1.0,0,6,Nagpur,CESC,684,8.9,6087.6
17,23.0,1.0,5.0,1.0,0,6,Nagpur,Unitech Power Transmission Ltd.,437,8.9,3889.3
15,23.0,3.0,10.0,1.0,0,6,Nagpur,NLC India,627,8.9,5580.3
7,21.0,2.0,16.0,1.0,0,6,Nagpur,NLC India,374,8.9,3328.6
12,23.0,1.0,12.0,1.0,0,6,Nagpur,Jaiprakash Power,599,8.9,5331.1
13,23.0,1.0,11.0,12.0,0,6,Nagpur,L&T Transmission & Distribution,599,8.9,5331.1
15,23.0,1.0,17.0,1.0,0,6,Nagpur,Tata Power Company Ltd.,599,8.9,5331.1
20,23.0,1.0,11.0,1.0,0,6,Nagpur,Kalpataru Power,555,8.9,4939.5
7,21.0,1.0,22.0,1.0,0,6,Nagpur,Reliance Energy,495,8.9,4405.5
8,23.0,1.0,22.0,1.0,0,6,Nagpur,Neueon Towers / Sujana Towers Ltd.,534,8.9,4752.6
11,22.0,1.0,9.0,1.0,0,6,Nagpur,Neueon Towers / Sujana Towers Ltd.,534,8.9,4752.6
17,22.0,2.0,4.0,1.0,0,6,Nagpur,Neueon Towers / Sujana Towers Ltd.,534,8.9,4752.6
21,23.0,2.0,16.0,1.0,0,6,Nagpur,Jaiprakash Power,730,8.9,6497.0
10,20.0,3.0,11.0,1.0,0,6,Nagpur,Reliance Energy,404,8.9,3595.6000000000000
9,22.0,0.0,15.0,7.0,0,6,Nagpur,Ringfeder Power Transmission India Pvt. Ltd.,402,8.9,3577.8
17,23.0,3.0,6.0,1.0,0,6,Nagpur,Jyoti Structure,508,8.9,4521.2
21,23.0,2.0,22.0,1.0,0,6,Nagpur,NTPC Pvt. Ltd.,589,8.9,5242.1
21,23.0,2.0,16.0,1.0,0,6,Nagpur,Indowind Energy,589,8.9,5242.1
10,19.0,1.0,20.0,7.0,0,6,Nagpur,Jaiprakash Power,478,8.9,4254.2
18,23.0,0.0,4.0,1.0,0,6,Nagpur,NHPC,478,8.9,4254.2
18,22.0,0.0,14.0,1.0,0,6,Nagpur,JSW Energy Ltd.,537,8.9,4779.3
20,22.0,3.0,8.0,12.0,0,6,Nagpur,Ratnagiri Gas and Power Pvt. Ltd. (RGPPL),604,8.9,5375.6
22,22.0,3.0,11.0,12.0,0,6,Nagpur,Torrent Power Ltd.,703,8.9,6256.7
5,20.0,1.0,20.0,1.0,0,6,Nagpur,Unitech Power Transmission Ltd.,391,8.9,3479.9
8,20.0,0.0,22.0,1.0,0,6,Nagpur,Jyoti Structure,334,8.9,2972.6
5,19.0,1.0,16.0,1.0,0,6,Nagpur,GE T&D India Limited,298,8.9,2652.2000000000000
6,22.0,2.0,9.0,1.0,0,6,Nagpur,Orient Green,569,8.9,5064.1
16,23.0,2.0,12.0,1.0,0,6,Nagpur,JSW Energy Ltd.,569,8.9,5064.1
18,23.0,1.0,5.0,12.0,0,6,Nagpur,Guj Ind Power,569,8.9,5064.1
16,22.0,0.0,11.0,1.0,0,6,Nagpur,Kalpataru Power,356,8.9,3168.4
6,19.0,0.0,4.0,1.0,0,6,Nagpur,Torrent Power Ltd.,356,8.9,3168.4
19,23.0,1.0,22.0,12.0,0,6,Nagpur,Kalpataru Power,659,8.9,5865.1
10,20.0,1.0,8.0,1.0,0,6,Nagpur,Bonfiglioli Transmission Pvt. Ltd.,412,8.9,3666.8
8,22.0,3.0,7.0,1.0,0,6,Nagpur,Toshiba Transmission & Distribution Systems (India) Pvt. Ltd.,412,8.9,3666.8
17,23.0,0.0,16.0,12.0,0,6,Nagpur,Neueon Towers / Sujana Towers Ltd.,602,8.9,5357.8
16,22.0,0.0,8.0,1.0,0,6,Nagpur,NLC India,403,8.9,3586.7000000000000
6,20.0,1.0,17.0,1.0,0,6,Nagpur,GE T&D India Limited,403,8.9,3586.7000000000000
18,23.0,3.0,21.0,1.0,0,6,Nagpur,Torrent Power Ltd.,745,8.9,6630.5
11,22.0,3.0,15.0,1.0,0,6,Nagpur,Ratnagiri Gas and Power Pvt. Ltd. (RGPPL),679,8.9,6043.1
6,23.0,2.0,7.0,1.0,0,6,Nagpur,"Maha Transco – Maharashtra State Electricity Transmission Co, Ltd.",535,8.9,4761.5
7,20.0,2.0,4.0,1.0,0,6,Nagpur,Toshiba Transmission & Distribution Systems (India) Pvt. Ltd.,314,8.9,2794.6
15,22.0,1.0,11.0,1.0,0,6,Nagpur,Unitech Power Transmission Ltd.,447,8.9,3978.3
14,23.0,0.0,14.0,1.0,0,6,Nagpur,Guj Ind Power,545,8.9,4850.5
14,22.0,0.0,6.0,1.0,0,6,Nagpur,Tata Power Company Ltd.,364,8.9,3239.6
17,23.0,3.0,21.0,1.0,0,6,Nagpur,NTPC Pvt. Ltd.,724,8.9,6443.6
5,17.0,1.0,4.0,7.0,0,6,Nagpur,GE T&D India Limited,211,8.9,1877.9
17,23.0,2.0,13.0,12.0,0,6,Nagpur,SJVN Ltd.,600,8.9,5340.0
20,22.0,3.0,16.0,12.0,0,6,Nagpur,NLC India,809,8.9,7200.1
5,17.0,2.0,16.0,7.0,0,6,Nagpur,Adani Power Ltd.,487,8.9,4334.3
14,23.0,2.0,21.0,12.0,0,6,Nagpur,NHPC,771,8.9,6861.900000000000
9,21.0,2.0,15.0,7.0,0,6,Nagpur,Toshiba Transmission & Distribution Systems (India) Pvt. Ltd.,615,8.9,5473.5
11,23.0,2.0,22.0,1.0,0,6,Nagpur,SJVN Ltd.,615,8.9,5473.5
8,23.0,3.0,20.0,1.0,0,6,Nagpur,NHPC,615,8.9,5473.5
16,23.0,3.0,13.0,12.0,0,6,Nagpur,Toshiba Transmission & Distribution Systems (India) Pvt. Ltd.,760,8.9,6764.0
7,18.0,0.0,11.0,1.0,0,6,Nagpur,JSW Energy Ltd.,202,8.9,1797.8000000000000
13,23.0,3.0,20.0,1.0,0,6,Nagpur,SJVN Ltd.,541,8.9,4814.900000000000
17,22.0,2.0,8.0,1.0,0,6,Nagpur,KEC International,524,8.9,4663.6
6,18.0,3.0,4.0,1.0,0,6,Nagpur,Unitech Power Transmission Ltd.,244,8.9,2171.6
12,22.0,3.0,15.0,12.0,0,6,Nagpur,Tata Power Company Ltd.,758,8.9,6746.2
7,21.0,3.0,12.0,1.0,0,6,Nagpur,NTPC Pvt. Ltd.,366,8.9,3257.4
18,23.0,1.0,20.0,1.0,0,6,Nagpur,KEC International,621,8.9,5526.900000000000
10,18.0,2.0,3.0,1.0,0,6,Nagpur,TransRail Lighting,337,8.9,2999.3
7,18.0,0.0,6.0,7.0,0,6,Nagpur,GE T&D India Limited,220,8.9,1958.0
13,23.0,2.0,18.0,1.0,0,6,Nagpur,Toshiba Transmission & Distribution Systems (India) Pvt. Ltd.,687,8.9,6114.3
15,22.0,0.0,9.0,1.0,0,6,Mumbai,Torrent Power Ltd.,474,9.2,4360.800000000000
8,19.0,1.0,14.0,1.0,0,6,Mumbai,SJVN Ltd.,474,9.2,4360.800000000000
19,22.0,2.0,22.0,1.0,0,6,Mumbai,Unitech Power Transmission Ltd.,553,9.2,5087.600000000000
9,21.0,1.0,22.0,1.0,0,6,Mumbai,GE T&D India Limited,528,9.2,4857.600000000000
9,17.0,1.0,8.0,1.0,0,6,Mumbai,Kalpataru Power,264,9.2,2428.8000000000000
15,22.0,3.0,13.0,12.0,0,6,Mumbai,TransRail Lighting,682,9.2,6274.4
20,22.0,3.0,9.0,1.0,0,6,Mumbai,"Maha Transco – Maharashtra State Electricity Transmission Co, Ltd.",682,9.2,6274.4
11,23.0,1.0,21.0,1.0,0,6,Mumbai,Unitech Power Transmission Ltd.,682,9.2,6274.4
9,17.0,1.0,16.0,1.0,0,6,Mumbai,Unitech Power Transmission Ltd.,330,9.2,3036.0000000000000
6,21.0,3.0,18.0,1.0,0,6,Mumbai,Jyoti Structure,638,9.2,5869.600000000000
19,23.0,3.0,11.0,1.0,0,6,Mumbai,Unitech Power Transmission Ltd.,660,9.2,6072.000000000000
6,20.0,1.0,12.0,1.0,0,6,Mumbai,GE T&D India Limited,513,9.2,4719.600000000000
7,18.0,0.0,4.0,1.0,0,6,Mumbai,Ratnagiri Gas and Power Pvt. Ltd. (RGPPL),380,9.2,3496.0000000000000
22,22.0,2.0,5.0,1.0,0,6,Mumbai,Unitech Power Transmission Ltd.,532,9.2,4894.4
9,21.0,3.0,15.0,1.0,0,6,Mumbai,Neueon Towers / Sujana Towers Ltd.,399,9.2,3670.8000000000000
8,17.0,1.0,21.0,1.0,0,6,Mumbai,Kalpataru Power,567,9.2,5216.4
13,23.0,3.0,22.0,1.0,0,6,Mumbai,"Maha Transco – Maharashtra State Electricity Transmission Co, Ltd.",567,9.2,5216.4
17,23.0,0.0,8.0,1.0,0,6,Mumbai,NHPC,581,9.2,5345.2
7,20.0,1.0,15.0,1.0,0,6,Mumbai,Indowind Energy,441,9.2,4057.2
14,22.0,2.0,11.0,1.0,0,6,Mumbai,Torrent Power Ltd.,441,9.2,4057.2
5,21.0,3.0,17.0,1.0,0,6,Mumbai,Jaiprakash Power,378,9.2,3477.6
9,20.0,0.0,15.0,1.0,0,6,Mumbai,Kalpataru Power,378,9.2,3477.6
21,23.0,3.0,11.0,1.0,0,6,Mumbai,Reliance Power,462,9.2,4250.4
16,23.0,3.0,11.0,1.0,0,6,Mumbai,NTPC Pvt. Ltd.,630,9.2,5796.0
14,22.0,1.0,11.0,1.0,0,6,Mumbai,Orient Green,488,9.2,4489.600000000000
5,17.0,0.0,7.0,1.0,0,6,Mumbai,SJVN Ltd.,321,9.2,2953.2
17,23.0,2.0,13.0,1.0,0,6,Mumbai,Unitech Power Transmission Ltd.,614,9.2,5648.800000000000
17,22.0,3.0,5.0,1.0,0,6,Mumbai,KEC International,614,9.2,5648.800000000000
7,18.0,0.0,16.0,1.0,0,6,Mumbai,Sterlite Power Transmission Ltd,481,9.2,4425.2
20,22.0,1.0,10.0,1.0,0,6,Mumbai,Bonfiglioli Transmission Pvt. Ltd.,621,9.2,5713.2
22,22.0,3.0,20.0,1.0,0,6,Mumbai,NLC India,571,9.2,5253.2
13,23.0,0.0,20.0,12.0,0,6,Mumbai,CESC,764,9.2,7028.800000000000
21,23.0,3.0,5.0,1.0,0,6,Mumbai,Guj Ind Power,415,9.2,3818.0000000000000
10,23.0,1.0,14.0,1.0,0,6,Mumbai,Indowind Energy,427,9.2,3928.4000000000000
11,23.0,3.0,12.0,1.0,0,6,Mumbai,Neueon Towers / Sujana Towers Ltd.,427,9.2,3928.4000000000000
21,23.0,3.0,13.0,1.0,0,6,Mumbai,NTPC Pvt. Ltd.,631,9.2,5805.2
15,23.0,2.0,17.0,1.0,0,6,Mumbai,Torrent Power Ltd.,631,9.2,5805.2
15,22.0,2.0,15.0,12.0,0,6,Mumbai,Optibelt Power Transmission India Private Limited,557,9.2,5124.4
5,20.0,2.0,18.0,1.0,0,6,Mumbai,Unitech Power Transmission Ltd.,557,9.2,5124.4
5,18.0,3.0,16.0,7.0,0,6,Mumbai,Neueon Towers / Sujana Towers Ltd.,556,9.2,5115.2
19,22.0,3.0,14.0,1.0,0,6,Mumbai,Reliance Power,461,9.2,4241.2
9,19.0,0.0,22.0,7.0,0,6,Mumbai,TransRail Lighting,432,9.2,3974.4000000000000
15,23.0,3.0,16.0,1.0,0,6,Mumbai,Orient Green,636,9.2,5851.2
11,22.0,0.0,16.0,1.0,0,6,Mumbai,Jyoti Structure,527,9.2,4848.4
21,23.0,3.0,16.0,1.0,0,6,Mumbai,Kalpataru Power,650,9.2,5980.000000000000
20,23.0,3.0,4.0,1.0,0,6,Mumbai,Reliance Energy,549,9.2,5050.800000000000
20,23.0,0.0,16.0,1.0,0,6,Mumbai,"Maha Transco – Maharashtra State Electricity Transmission Co, Ltd.",601,9.2,5529.2
20,22.0,2.0,18.0,1.0,0,6,Mumbai,Ratnagiri Gas and Power Pvt. Ltd. (RGPPL),558,9.2,5133.600000000000
5,23.0,2.0,10.0,1.0,0,6,Mumbai,Orient Green,422,9.2,3882.4000000000000
23,23.0,2.0,7.0,1.0,0,6,Mumbai,CESC,520,9.2,4784.0
16,23.0,1.0,12.0,1.0,0,6,Mumbai,Kalpataru Power,431,9.2,3965.2
11,22.0,2.0,15.0,12.0,0,6,Mumbai,NLC India,495,9.2,4554.0
13,23.0,0.0,7.0,1.0,0,6,Mumbai,KEC International,495,9.2,4554.0
7,19.0,2.0,13.0,1.0,0,6,Mumbai,JSW Energy Ltd.,495,9.2,4554.0
9,21.0,1.0,16.0,7.0,0,6,Mumbai,Kalpataru Power,394,9.2,3624.8000000000000
20,23.0,2.0,16.0,1.0,0,6,Mumbai,L&T Transmission & Distribution,512,9.2,4710.4
21,22.0,0.0,11.0,1.0,0,6,Mumbai,Indowind Energy,443,9.2,4075.6
12,23.0,0.0,12.0,1.0,0,6,Mumbai,NHPC,456,9.2,4195.2
20,23.0,1.0,5.0,12.0,0,6,Mumbai,NLC India,609,9.2,5602.800000000000
14,23.0,1.0,20.0,1.0,0,6,Mumbai,KEC International,654,9.2,6016.800000000000
23,23.0,0.0,14.0,1.0,0,6,Mumbai,Indowind Energy,448,9.2,4121.600000000000
23,22.0,2.0,10.0,1.0,0,6,Mumbai,Neueon Towers / Sujana Towers Ltd.,546,9.2,5023.2
16,22.0,3.0,4.0,1.0,0,6,Mumbai,Sterlite Power Transmission Ltd,546,9.2,5023.2
10,17.0,3.0,10.0,1.0,0,6,Mumbai,Orient Green,546,9.2,5023.2
8,22.0,1.0,15.0,1.0,0,6,Mumbai,Reliance Power,530,9.2,4876.0
13,22.0,0.0,11.0,12.0,0,6,Mumbai,Neueon Towers / Sujana Towers Ltd.,530,9.2,4876.0
19,23.0,1.0,10.0,1.0,0,6,Mumbai,Orient Green,408,9.2,3753.6
14,22.0,2.0,21.0,1.0,0,6,Mumbai,GE T&D India Limited,619,9.2,5694.800000000000
18,23.0,0.0,13.0,1.0,0,6,Mumbai,Tata Power Company Ltd.,458,9.2,4213.600000000000
13,22.0,2.0,15.0,1.0,0,6,Mumbai,Orient Green,458,9.2,4213.600000000000
20,22.0,0.0,20.0,12.0,0,6,Mumbai,Reliance Power,598,9.2,5501.600000000000
11,23.0,2.0,11.0,1.0,0,6,Mumbai,Power Grid Corp,598,9.2,5501.600000000000
18,23.0,1.0,21.0,1.0,0,6,Mumbai,GE T&D India Limited,666,9.2,6127.2
16,23.0,0.0,3.0,1.0,0,6,Mumbai,SJVN Ltd.,345,9.2,3174.0000000000000
11,23.0,1.0,13.0,1.0,0,6,Mumbai,Sterlite Power Transmission Ltd,517,9.2,4756.4
16,23.0,1.0,20.0,1.0,0,6,Mumbai,Sunil Hitech Eng,604,9.2,5556.800000000000
15,23.0,1.0,7.0,12.0,0,6,Mumbai,Unitech Power Transmission Ltd.,572,9.2,5262.4
6,23.0,1.0,4.0,1.0,0,6,Mumbai,Ratnagiri Gas and Power Pvt. Ltd. (RGPPL),426,9.2,3919.2
18,23.0,1.0,3.0,1.0,0,6,Mumbai,Jyoti Structure,426,9.2,3919.2
10,18.0,0.0,11.0,1.0,0,6,Mumbai,Reliance Power,263,9.2,2419.6
13,23.0,0.0,8.0,1.0,0,6,Mumbai,Reliance Energy,501,9.2,4609.2
16,22.0,3.0,11.0,1.0,0,6,Mumbai,L&T Transmission & Distribution,501,9.2,4609.2
21,22.0,1.0,9.0,12.0,0,6,Mumbai,Power Grid Corp,519,9.2,4774.800000000000
22,23.0,3.0,10.0,1.0,0,6,Mumbai,NHPC,454,9.2,4176.800000000000
23,23.0,1.0,11.0,1.0,0,6,Mumbai,Jaiprakash Power,454,9.2,4176.800000000000
16,23.0,1.0,13.0,1.0,0,6,Mumbai,NTPC Pvt. Ltd.,640,9.2,5888.0
17,23.0,1.0,18.0,12.0,0,6,Mumbai,TransRail Lighting,640,9.2,5888.0
11,22.0,2.0,20.0,1.0,0,6,Mumbai,Kalpataru Power,640,9.2,5888.0
21,22.0,1.0,17.0,1.0,0,6,Mumbai,Ratnagiri Gas and Power Pvt. Ltd. (RGPPL),492,9.2,4526.4
18,22.0,1.0,4.0,1.0,0,6,Mumbai,Ratnagiri Gas and Power Pvt. Ltd. (RGPPL),492,9.2,4526.4
15,22.0,3.0,7.0,12.0,0,6,Mumbai,CESC,597,9.2,5492.4
15,23.0,2.0,22.0,12.0,0,6,Mumbai,Guj Ind Power,597,9.2,5492.4
13,22.0,3.0,16.0,1.0,0,6,Mumbai,GE T&D India Limited,589,9.2,5418.800000000000
13,22.0,3.0,6.0,1.0,0,6,Mumbai,KEC International,542,9.2,4986.4
11,23.0,3.0,18.0,1.0,0,6,Mumbai,Ringfeder Power Transmission India Pvt. Ltd.,542,9.2,4986.4
20,22.0,0.0,19.0,1.0,0,6,Mumbai,Reliance Power,542,9.2,4986.4
5,19.0,2.0,10.0,7.0,0,6,Mumbai,Sunil Hitech Eng,570,9.2,5244.0
20,22.0,3.0,7.0,1.0,0,6,Mumbai,Reliance Energy,620,9.2,5704.0
12,22.0,0.0,9.0,12.0,0,6,Mumbai,NTPC Pvt. Ltd.,473,9.2,4351.600000000000
9,22.0,0.0,14.0,1.0,0,6,Mumbai,Optibelt Power Transmission India Private Limited,561,9.2,5161.2
11,23.0,0.0,5.0,1.0,0,6,Mumbai,L&T Transmission & Distribution,409,9.2,3762.8000000000000
13,22.0,0.0,3.0,1.0,0,6,Mumbai,KEC International,482,9.2,4434.4
16,22.0,1.0,11.0,1.0,0,6,Mumbai,"Maha Transco – Maharashtra State Electricity Transmission Co, Ltd.",404,9.2,3716.8000000000000
17,23.0,2.0,10.0,1.0,0,6,Mumbai,Optibelt Power Transmission India Private Limited,648,9.2,5961.600000000000
11,23.0,3.0,16.0,1.0,0,6,Mumbai,Ringfeder Power Transmission India Pvt. Ltd.,628,9.2,5777.600000000000
13,22.0,1.0,17.0,12.0,0,6,Mumbai,CESC,535,9.2,4922.0
5,19.0,0.0,18.0,1.0,0,6,Mumbai,GE T&D India Limited,402,9.2,3698.4000000000000
19,23.0,2.0,18.0,12.0,0,6,Mumbai,Sterlite Power Transmission Ltd,596,9.2,5483.2
13,22.0,3.0,20.0,12.0,0,6,Mumbai,Jaiprakash Power,564,9.2,5188.800000000000
16,23.0,3.0,3.0,12.0,0,6,Mumbai,Unitech Power Transmission Ltd.,645,9.2,5934.000000000000
21,23.0,0.0,18.0,1.0,0,6,Mumbai,Adani Power Ltd.,645,9.2,5934.000000000000
7,23.0,3.0,15.0,7.0,0,6,Mumbai,TransRail Lighting,573,9.2,5271.600000000000
15,23.0,0.0,21.0,1.0,0,6,Mumbai,Guj Ind Power,573,9.2,5271.600000000000
15,22.0,0.0,14.0,1.0,0,6,Mumbai,CESC,505,9.2,4646.0
17,23.0,3.0,14.0,1.0,0,6,Mumbai,Sunil Hitech Eng,674,9.2,6200.800000000000
7,21.0,3.0,4.0,1.0,0,6,Mumbai,CESC,373,9.2,3431.6
15,22.0,3.0,19.0,1.0,0,6,Mumbai,Sunil Hitech Eng,725,9.2,6670.000000000000
10,19.0,2.0,18.0,1.0,0,6,Mumbai,JSW Energy Ltd.,360,9.2,3312.0000000000000
6,17.0,3.0,10.0,1.0,0,6,Mumbai,Kalpataru Power,360,9.2,3312.0000000000000
6,20.0,1.0,9.0,7.0,0,6,Mumbai,Neueon Towers / Sujana Towers Ltd.,445,9.2,4094.0000000000000
7,19.0,2.0,16.0,1.0,0,6,Mumbai,Jaiprakash Power,372,9.2,3422.4000000000000
10,17.0,3.0,18.0,7.0,0,6,Mumbai,Sunil Hitech Eng,651,9.2,5989.2
16,23.0,1.0,14.0,1.0,0,6,Mumbai,Reliance Power,615,9.2,5658.0
8,17.0,2.0,18.0,1.0,0,6,Mumbai,Sterlite Power Transmission Ltd,455,9.2,4186.0
10,17.0,1.0,22.0,1.0,0,6,Mumbai,Jaiprakash Power,440,9.2,4048.0000000000000
14,23.0,1.0,9.0,12.0,0,6,Mumbai,Sunil Hitech Eng,486,9.2,4471.2
19,22.0,1.0,17.0,1.0,0,6,Mumbai,CESC,486,9.2,4471.2
7,23.0,2.0,3.0,1.0,0,6,Mumbai,NTPC Pvt. Ltd.,486,9.2,4471.2
6,20.0,1.0,10.0,1.0,0,6,Mumbai,Optibelt Power Transmission India Private Limited,457,9.2,4204.4
10,18.0,3.0,20.0,1.0,0,6,Mumbai,Torrent Power Ltd.,416,9.2,3827.2
20,22.0,2.0,9.0,1.0,0,6,Mumbai,Ringfeder Power Transmission India Pvt. Ltd.,392,9.2,3606.4000000000000
13,23.0,2.0,22.0,1.0,0,6,Mumbai,Reliance Power,516,9.2,4747.2
10,19.0,2.0,5.0,7.0,0,6,Mumbai,NTPC Pvt. Ltd.,421,9.2,3873.2
5,20.0,3.0,9.0,1.0,0,6,Mumbai,Ringfeder Power Transmission India Pvt. Ltd.,434,9.2,3992.8000000000000
7,20.0,1.0,7.0,1.0,0,6,Mumbai,Power Grid Corp,366,9.2,3367.2
8,18.0,0.0,15.0,1.0,0,6,Mumbai,Indowind Energy,303,9.2,2787.6
11,23.0,1.0,3.0,1.0,0,6,Mumbai,Optibelt Power Transmission India Private Limited,468,9.2,4305.600000000000
15,23.0,1.0,15.0,1.0,0,6,Mumbai,Optibelt Power Transmission India Private Limited,468,9.2,4305.600000000000
18,22.0,0.0,11.0,1.0,0,6,Mumbai,Reliance Energy,382,9.2,3514.4000000000000
8,19.0,3.0,3.0,7.0,0,6,Mumbai,Optibelt Power Transmission India Private Limited,400,9.2,3680.0000000000000
5,23.0,3.0,5.0,7.0,0,6,Mumbai,Orient Green,400,9.2,3680.0000000000000
5,20.0,2.0,3.0,7.0,0,6,Mumbai,"Maha Transco – Maharashtra State Electricity Transmission Co, Ltd.",308,9.2,2833.6
13,23.0,2.0,8.0,1.0,0,6,Mumbai,"Maha Transco – Maharashtra State Electricity Transmission Co, Ltd.",569,9.2,5234.800000000000
21,22.0,0.0,20.0,1.0,0,6,Mumbai,L&T Transmission & Distribution,587,9.2,5400.4
17,22.0,0.0,6.0,12.0,0,6,Mumbai,GE T&D India Limited,477,9.2,4388.4
16,22.0,0.0,3.0,1.0,0,6,Mumbai,TransRail Lighting,477,9.2,4388.4
5,22.0,1.0,7.0,1.0,0,6,Mumbai,KEC International,424,9.2,3900.8000000000000
7,19.0,3.0,8.0,1.0,0,6,Mumbai,Reliance Energy,410,9.2,3772.0000000000000
14,22.0,2.0,14.0,1.0,0,6,Mumbai,Orient Green,410,9.2,3772.0000000000000
16,22.0,3.0,11.0,12.0,0,6,Mumbai,NTPC Pvt. Ltd.,552,9.2,5078.4
8,21.0,1.0,20.0,1.0,0,6,Mumbai,Reliance Power,552,9.2,5078.4
14,23.0,1.0,17.0,1.0,0,6,Mumbai,NLC India,552,9.2,5078.4
20,23.0,3.0,19.0,1.0,0,6,Mumbai,Ringfeder Power Transmission India Pvt. Ltd.,613,9.2,5639.600000000000
7,18.0,0.0,7.0,1.0,0,6,Mumbai,Jyoti Structure,337,9.2,3100.4000000000000
22,22.0,2.0,16.0,1.0,0,6,Mumbai,"Maha Transco – Maharashtra State Electricity Transmission Co, Ltd.",496,9.2,4563.2
9,18.0,2.0,18.0,1.0,0,6,Mumbai,Reliance Energy,364,9.2,3348.8000000000000
22,22.0,0.0,19.0,1.0,0,6,Mumbai,Optibelt Power Transmission India Private Limited,665,9.2,6118.000000000000
21,23.0,1.0,15.0,1.0,0,6,Mumbai,Reliance Energy,694,9.2,6384.800000000000
7,17.0,1.0,11.0,1.0,0,6,Mumbai,Guj Ind Power,340,9.2,3128.0000000000000
7,20.0,3.0,7.0,1.0,0,6,Mumbai,Orient Green,385,9.2,3542.0000000000000
10,22.0,2.0,8.0,1.0,0,6,Mumbai,Guj Ind Power,396,9.2,3643.2
7,22.0,3.0,21.0,1.0,0,6,Mumbai,Power Grid Corp,475,9.2,4370.0
12,22.0,2.0,19.0,1.0,0,6,Mumbai,Bonfiglioli Transmission Pvt. Ltd.,525,9.2,4830.0
19,22.0,3.0,22.0,1.0,0,6,Mumbai,Neueon Towers / Sujana Towers Ltd.,735,9.2,6762.000000000000
14,23.0,1.0,9.0,1.0,0,6,Mumbai,Jyoti Structure,353,9.2,3247.6
15,22.0,0.0,16.0,1.0,0,6,Mumbai,JSW Energy Ltd.,397,9.2,3652.4000000000000
14,23.0,1.0,4.0,1.0,0,6,Mumbai,SJVN Ltd.,417,9.2,3836.4000000000000
11,22.0,3.0,4.0,1.0,0,6,Mumbai,SJVN Ltd.,417,9.2,3836.4000000000000
17,23.0,2.0,10.0,1.0,0,6,Mumbai,Guj Ind Power,417,9.2,3836.4000000000000
20,22.0,1.0,11.0,1.0,0,6,Mumbai,Torrent Power Ltd.,629,9.2,5786.800000000000
7,23.0,2.0,22.0,1.0,0,6,Mumbai,NLC India,629,9.2,5786.800000000000
17,22.0,2.0,20.0,1.0,0,6,Mumbai,Torrent Power Ltd.,612,9.2,5630.4
15,22.0,2.0,14.0,1.0,0,6,Mumbai,Bonfiglioli Transmission Pvt. Ltd.,487,9.2,4480.4
9,21.0,3.0,19.0,1.0,0,6,Mumbai,Orient Green,487,9.2,4480.4
9,19.0,0.0,17.0,1.0,0,6,Mumbai,TransRail Lighting,487,9.2,4480.4
12,23.0,2.0,8.0,1.0,0,6,Mumbai,Kalpataru Power,379,9.2,3486.8000000000000
22,23.0,0.0,3.0,1.0,0,6,Mumbai,TransRail Lighting,545,9.2,5014.0
13,22.0,0.0,21.0,12.0,0,6,Mumbai,Sunil Hitech Eng,503,9.2,4627.600000000000
15,23.0,0.0,4.0,1.0,0,6,Mumbai,Jyoti Structure,351,9.2,3229.2
13,22.0,3.0,10.0,12.0,0,6,Mumbai,NHPC,720,9.2,6624.000000000000
15,22.0,3.0,4.0,1.0,0,6,Mumbai,Jyoti Structure,606,9.2,5575.2
21,22.0,2.0,4.0,12.0,0,6,Mumbai,Unitech Power Transmission Ltd.,643,9.2,5915.600000000000
20,23.0,1.0,3.0,1.0,0,6,Mumbai,Reliance Energy,467,9.2,4296.4
20,23.0,0.0,9.0,1.0,0,6,Mumbai,GE T&D India Limited,459,9.2,4222.800000000000
8,20.0,1.0,15.0,1.0,0,6,Mumbai,Adani Power Ltd.,309,9.2,2842.8000000000000
9,21.0,3.0,22.0,1.0,0,6,Mumbai,Bonfiglioli Transmission Pvt. Ltd.,446,9.2,4103.2
8,19.0,3.0,18.0,1.0,0,6,Mumbai,SJVN Ltd.,446,9.2,4103.2
19,23.0,3.0,7.0,1.0,0,6,Mumbai,SJVN Ltd.,446,9.2,4103.2
15,23.0,0.0,19.0,1.0,0,6,Mumbai,Sunil Hitech Eng,446,9.2,4103.2
17,22.0,1.0,20.0,1.0,0,6,Mumbai,Kalpataru Power,531,9.2,4885.2
19,22.0,1.0,16.0,1.0,0,6,Mumbai,Neueon Towers / Sujana Towers Ltd.,531,9.2,4885.2
9,19.0,0.0,22.0,1.0,0,6,Mumbai,Ringfeder Power Transmission India Pvt. Ltd.,362,9.2,3330.4000000000000
20,23.0,1.0,5.0,1.0,0,6,Mumbai,Indowind Energy,592,9.2,5446.4
19,23.0,3.0,12.0,1.0,0,6,Mumbai,Torrent Power Ltd.,494,9.2,4544.800000000000
21,22.0,1.0,7.0,1.0,0,6,Mumbai,SJVN Ltd.,494,9.2,4544.800000000000
18,23.0,2.0,22.0,1.0,0,6,Mumbai,"Maha Transco – Maharashtra State Electricity Transmission Co, Ltd.",691,9.2,6357.2
15,22.0,3.0,11.0,1.0,0,6,Mumbai,Sterlite Power Transmission Ltd,465,9.2,4278.0
9,19.0,0.0,14.0,1.0,0,6,Mumbai,Torrent Power Ltd.,465,9.2,4278.0
13,23.0,0.0,19.0,1.0,0,6,Mumbai,Toshiba Transmission & Distribution Systems (India) Pvt. Ltd.,634,9.2,5832.800000000000
8,21.0,3.0,14.0,1.0,0,6,Mumbai,Orient Green,436,9.2,4011.2
19,22.0,0.0,11.0,1.0,0,6,Mumbai,Power Grid Corp,436,9.2,4011.2
16,23.0,1.0,9.0,1.0,0,6,Mumbai,Adani Power Ltd.,554,9.2,5096.800000000000
5,17.0,0.0,6.0,1.0,0,6,Mumbai,Power Grid Corp,277,9.2,2548.4000000000000
5,17.0,0.0,18.0,1.0,0,6,Mumbai,Toshiba Transmission & Distribution Systems (India) Pvt. Ltd.,317,9.2,2916.4000000000000
19,22.0,3.0,16.0,1.0,0,6,Mumbai,Jaiprakash Power,739,9.2,6798.800000000000
20,23.0,3.0,4.0,12.0,0,6,Mumbai,Sterlite Power Transmission Ltd,699,9.2,6430.800000000000
14,22.0,1.0,20.0,1.0,0,6,Mumbai,Adani Power Ltd.,563,9.2,5179.600000000000
15,23.0,2.0,17.0,12.0,0,6,Mumbai,GE T&D India Limited,741,9.2,6817.2
16,22.0,2.0,21.0,1.0,0,6,Mumbai,Orient Green,730,9.2,6716.000000000000
11,22.0,0.0,22.0,1.0,0,6,Mumbai,Reliance Power,649,9.2,5970.800000000000
23,22.0,2.0,9.0,1.0,0,6,Mumbai,CESC,649,9.2,5970.800000000000
15,22.0,3.0,11.0,1.0,0,6,Mumbai,Guj Ind Power,649,9.2,5970.800000000000
23,23.0,3.0,19.0,1.0,0,6,Mumbai,Guj Ind Power,719,9.2,6614.800000000000
10,19.0,1.0,7.0,1.0,0,6,Mumbai,Adani Power Ltd.,325,9.2,2990.0000000000000
6,17.0,1.0,8.0,1.0,0,6,Mumbai,L&T Transmission & Distribution,193,9.2,1775.6
7,21.0,0.0,4.0,1.0,0,6,Mumbai,Jyoti Structure,221,9.2,2033.2000000000000
14,23.0,2.0,14.0,12.0,0,6,Mumbai,Ringfeder Power Transmission India Pvt. Ltd.,750,9.2,6900.000000000000
20,23.0,3.0,17.0,12.0,0,6,Mumbai,Sterlite Power Transmission Ltd,758,9.2,6973.600000000000
8,17.0,1.0,7.0,7.0,0,6,Mumbai,Torrent Power Ltd.,450,9.2,4140.0
11,23.0,2.0,20.0,1.0,0,6,Mumbai,Kalpataru Power,646,9.2,5943.2
22,23.0,3.0,19.0,12.0,0,6,Mumbai,Power Grid Corp,877,9.2,8068.4
5,17.0,0.0,7.0,1.0,0,6,Mumbai,Ringfeder Power Transmission India Pvt. Ltd.,135,9.2,1242.0
21,22.0,3.0,20.0,1.0,0,6,Mumbai,Sterlite Power Transmission Ltd,779,9.2,7166.800000000000
6,19.0,2.0,8.0,1.0,0,6,Mumbai,CESC,269,9.2,2474.8000000000000
9,19.0,3.0,3.0,1.0,0,6,Mumbai,Reliance Energy,466,9.2,4287.2
17,23.0,0.0,14.0,12.0,0,6,Mumbai,Indowind Energy,727,9.2,6688.4
19,23.0,2.0,18.0,1.0,0,6,Mumbai,Adani Power Ltd.,681,9.2,6265.2
10,21.0,0.0,8.0,1.0,0,6,Mumbai,Reliance Power,334,9.2,3072.8000000000000
22,22.0,1.0,17.0,12.0,0,6,Mumbai,Reliance Power,671,9.2,6173.2
21,22.0,0.0,21.0,1.0,0,6,New Delhi,Bonfiglioli Transmission Pvt. Ltd.,532,8.5,4522.0
21,22.0,0.0,10.0,1.0,0,6,New Delhi,Bonfiglioli Transmission Pvt. Ltd.,456,8.5,3876.0
18,22.0,3.0,6.0,1.0,0,6,New Delhi,NTPC Pvt. Ltd.,581,8.5,4938.5
12,22.0,3.0,4.0,1.0,0,6,New Delhi,Unitech Power Transmission Ltd.,581,8.5,4938.5
5,23.0,0.0,15.0,1.0,0,6,New Delhi,Tata Power Company Ltd.,445,8.5,3782.5
15,22.0,1.0,14.0,1.0,0,6,New Delhi,Neueon Towers / Sujana Towers Ltd.,372,8.5,3162.0
22,22.0,1.0,17.0,1.0,0,6,New Delhi,Jaiprakash Power,651,8.5,5533.5
14,22.0,3.0,20.0,1.0,0,6,New Delhi,NTPC Pvt. Ltd.,663,8.5,5635.5
21,22.0,2.0,9.0,1.0,0,6,New Delhi,NTPC Pvt. Ltd.,422,8.5,3587.0
7,21.0,3.0,11.0,1.0,0,6,New Delhi,Kalpataru Power,363,8.5,3085.5
11,22.0,1.0,3.0,1.0,0,6,New Delhi,TransRail Lighting,363,8.5,3085.5
9,17.0,3.0,12.0,7.0,0,6,New Delhi,NLC India,453,8.5,3850.5
9,18.0,0.0,17.0,1.0,0,6,New Delhi,Power Grid Corp,408,8.5,3468.0
9,18.0,3.0,12.0,1.0,0,6,New Delhi,SJVN Ltd.,541,8.5,4598.5
19,22.0,3.0,5.0,1.0,0,6,New Delhi,Reliance Energy,450,8.5,3825.0
17,23.0,0.0,12.0,1.0,0,6,New Delhi,Neueon Towers / Sujana Towers Ltd.,436,8.5,3706.0
10,23.0,3.0,3.0,1.0,0,6,New Delhi,Tata Power Company Ltd.,436,8.5,3706.0
11,23.0,1.0,21.0,1.0,0,6,New Delhi,L&T Transmission & Distribution,432,8.5,3672.0
14,22.0,1.0,12.0,12.0,0,6,New Delhi,Indowind Energy,615,8.5,5227.5
22,23.0,0.0,19.0,1.0,0,6,New Delhi,Jaiprakash Power,587,8.5,4989.5
17,23.0,0.0,18.0,1.0,0,6,New Delhi,Reliance Energy,463,8.5,3935.5
13,23.0,3.0,8.0,1.0,0,6,New Delhi,Kalpataru Power,463,8.5,3935.5
17,23.0,0.0,13.0,1.0,0,6,New Delhi,Reliance Energy,476,8.5,4046.0
11,23.0,2.0,18.0,1.0,0,6,New Delhi,"Maha Transco – Maharashtra State Electricity Transmission Co, Ltd.",476,8.5,4046.0
15,22.0,1.0,20.0,1.0,0,6,New Delhi,SJVN Ltd.,419,8.5,3561.5
12,23.0,1.0,18.0,1.0,0,6,New Delhi,TransRail Lighting,479,8.5,4071.5
14,23.0,1.0,21.0,1.0,0,6,New Delhi,Unitech Power Transmission Ltd.,479,8.5,4071.5
15,22.0,0.0,7.0,1.0,0,6,New Delhi,Tata Power Company Ltd.,479,8.5,4071.5
16,23.0,3.0,8.0,1.0,0,6,New Delhi,Unitech Power Transmission Ltd.,487,8.5,4139.5
12,23.0,3.0,11.0,1.0,0,6,New Delhi,SJVN Ltd.,635,8.5,5397.5
23,22.0,3.0,17.0,1.0,0,6,New Delhi,Ringfeder Power Transmission India Pvt. Ltd.,752,8.5,6392.0
5,18.0,0.0,10.0,7.0,0,6,New Delhi,Sterlite Power Transmission Ltd,383,8.5,3255.5
19,22.0,3.0,12.0,1.0,0,6,New Delhi,JSW Energy Ltd.,629,8.5,5346.5
18,23.0,3.0,15.0,1.0,0,6,New Delhi,"Maha Transco – Maharashtra State Electricity Transmission Co, Ltd.",629,8.5,5346.5
8,19.0,0.0,12.0,1.0,0,6,New Delhi,Orient Green,469,8.5,3986.5
14,22.0,1.0,14.0,1.0,0,6,New Delhi,Orient Green,631,8.5,5363.5
14,22.0,2.0,15.0,1.0,0,6,New Delhi,Jaiprakash Power,543,8.5,4615.5
9,20.0,1.0,18.0,1.0,0,6,New Delhi,NLC India,595,8.5,5057.5
21,23.0,3.0,4.0,1.0,0,6,New Delhi,Indowind Energy,512,8.5,4352.0
17,23.0,3.0,13.0,1.0,0,6,New Delhi,JSW Energy Ltd.,592,8.5,5032.0
10,23.0,0.0,21.0,1.0,0,6,New Delhi,Reliance Energy,592,8.5,5032.0
23,23.0,2.0,9.0,1.0,0,6,New Delhi,Power Grid Corp,654,8.5,5559.0
20,22.0,3.0,9.0,1.0,0,6,New Delhi,Sterlite Power Transmission Ltd,654,8.5,5559.0
18,23.0,3.0,11.0,1.0,0,6,New Delhi,CESC,510,8.5,4335.0
23,22.0,3.0,14.0,1.0,0,6,New Delhi,Indowind Energy,602,8.5,5117.0
19,22.0,2.0,17.0,1.0,0,6,New Delhi,JSW Energy Ltd.,457,8.5,3884.5
10,17.0,3.0,9.0,1.0,0,6,New Delhi,KEC International,457,8.5,3884.5
22,22.0,2.0,17.0,1.0,0,6,New Delhi,Power Grid Corp,620,8.5,5270.0
22,23.0,2.0,19.0,1.0,0,6,New Delhi,Reliance Energy,589,8.5,5006.5
8,21.0,3.0,10.0,1.0,0,6,New Delhi,NHPC,589,8.5,5006.5
23,23.0,1.0,19.0,1.0,0,6,New Delhi,Sterlite Power Transmission Ltd,548,8.5,4658.0
8,22.0,2.0,13.0,1.0,0,6,New Delhi,TransRail Lighting,548,8.5,4658.0
5,18.0,3.0,19.0,7.0,0,6,New Delhi,Guj Ind Power,441,8.5,3748.5
14,23.0,1.0,17.0,1.0,0,6,New Delhi,Sterlite Power Transmission Ltd,464,8.5,3944.0
6,17.0,2.0,19.0,1.0,0,6,New Delhi,Power Grid Corp,547,8.5,4649.5
19,23.0,1.0,7.0,1.0,0,6,New Delhi,NLC India,566,8.5,4811.0
21,23.0,3.0,4.0,1.0,0,6,New Delhi,Kalpataru Power,490,8.5,4165.0
11,22.0,3.0,18.0,1.0,0,6,New Delhi,Power Grid Corp,537,8.5,4564.5
13,23.0,0.0,8.0,12.0,0,6,New Delhi,TransRail Lighting,431,8.5,3663.5
15,22.0,2.0,16.0,12.0,0,6,New Delhi,Indowind Energy,757,8.5,6434.5
18,22.0,0.0,20.0,1.0,0,6,New Delhi,Sunil Hitech Eng,644,8.5,5474.0
10,19.0,0.0,22.0,7.0,0,6,New Delhi,Reliance Power,461,8.5,3918.5
18,22.0,2.0,6.0,1.0,0,6,New Delhi,Jaiprakash Power,485,8.5,4122.5
22,23.0,0.0,12.0,1.0,0,6,New Delhi,Indowind Energy,403,8.5,3425.5
14,22.0,1.0,13.0,1.0,0,6,New Delhi,Power Grid Corp,523,8.5,4445.5
20,22.0,1.0,8.0,1.0,0,6,New Delhi,Tata Power Company Ltd.,409,8.5,3476.5
11,22.0,2.0,9.0,1.0,0,6,New Delhi,Reliance Power,409,8.5,3476.5
18,23.0,1.0,5.0,12.0,0,6,New Delhi,Adani Power Ltd.,586,8.5,4981.0
22,23.0,0.0,12.0,1.0,0,6,New Delhi,SJVN Ltd.,378,8.5,3213.0
13,23.0,3.0,13.0,1.0,0,6,New Delhi,Orient Green,522,8.5,4437.0
12,22.0,2.0,6.0,1.0,0,6,New Delhi,Sunil Hitech Eng,531,8.5,4513.5
7,21.0,0.0,22.0,1.0,0,6,New Delhi,TransRail Lighting,454,8.5,3859.0
9,20.0,3.0,9.0,1.0,0,6,New Delhi,Orient Green,375,8.5,3187.5
8,23.0,2.0,20.0,1.0,0,6,New Delhi,Bonfiglioli Transmission Pvt. Ltd.,480,8.5,4080.0
11,22.0,2.0,21.0,1.0,0,6,New Delhi,GE T&D India Limited,480,8.5,4080.0
6,20.0,3.0,8.0,1.0,0,6,New Delhi,"Maha Transco – Maharashtra State Electricity Transmission Co, Ltd.",535,8.5,4547.5
14,23.0,1.0,19.0,1.0,0,6,New Delhi,KEC International,535,8.5,4547.5
10,17.0,0.0,21.0,1.0,0,6,New Delhi,Optibelt Power Transmission India Private Limited,433,8.5,3680.5
10,18.0,3.0,19.0,1.0,0,6,New Delhi,SJVN Ltd.,415,8.5,3527.5
18,23.0,2.0,8.0,1.0,0,6,New Delhi,"Maha Transco – Maharashtra State Electricity Transmission Co, Ltd.",606,8.5,5151.0
22,22.0,0.0,16.0,12.0,0,6,New Delhi,Reliance Power,694,8.5,5899.0
14,23.0,3.0,19.0,1.0,0,6,New Delhi,JSW Energy Ltd.,706,8.5,6001.0
18,22.0,2.0,9.0,1.0,0,6,New Delhi,Bonfiglioli Transmission Pvt. Ltd.,410,8.5,3485.0
9,22.0,2.0,8.0,1.0,0,6,New Delhi,Guj Ind Power,328,8.5,2788.0
7,17.0,3.0,12.0,7.0,0,6,New Delhi,Bonfiglioli Transmission Pvt. Ltd.,364,8.5,3094.0
22,22.0,0.0,13.0,1.0,0,6,New Delhi,Adani Power Ltd.,518,8.5,4403.0
20,23.0,2.0,7.0,1.0,0,6,New Delhi,Tata Power Company Ltd.,518,8.5,4403.0
12,23.0,1.0,4.0,1.0,0,6,New Delhi,Ringfeder Power Transmission India Pvt. Ltd.,468,8.5,3978.0
21,22.0,0.0,11.0,1.0,0,6,New Delhi,Indowind Energy,468,8.5,3978.0
13,22.0,1.0,8.0,12.0,0,6,New Delhi,L&T Transmission & Distribution,632,8.5,5372.0
18,22.0,0.0,5.0,1.0,0,6,New Delhi,NTPC Pvt. Ltd.,352,8.5,2992.0
10,17.0,1.0,7.0,1.0,0,6,New Delhi,Torrent Power Ltd.,243,8.5,2065.5
12,23.0,3.0,18.0,1.0,0,6,New Delhi,Sunil Hitech Eng,582,8.5,4947.0
16,23.0,0.0,14.0,12.0,0,6,New Delhi,TransRail Lighting,582,8.5,4947.0
17,23.0,1.0,18.0,1.0,0,6,New Delhi,KEC International,560,8.5,4760.0
20,23.0,3.0,16.0,1.0,0,6,New Delhi,Sterlite Power Transmission Ltd,524,8.5,4454.0
23,22.0,0.0,10.0,1.0,0,6,New Delhi,GE T&D India Limited,430,8.5,3655.0
21,22.0,1.0,17.0,1.0,0,6,New Delhi,Bonfiglioli Transmission Pvt. Ltd.,579,8.5,4921.5
14,23.0,0.0,12.0,1.0,0,6,New Delhi,NHPC,401,8.5,3408.5
23,23.0,2.0,16.0,1.0,0,6,New Delhi,TransRail Lighting,504,8.5,4284.0
9,21.0,2.0,5.0,1.0,0,6,New Delhi,L&T Transmission & Distribution,504,8.5,4284.0
7,17.0,3.0,18.0,1.0,0,6,New Delhi,Tata Power Company Ltd.,551,8.5,4683.5
13,22.0,3.0,11.0,1.0,0,6,New Delhi,Adani Power Ltd.,515,8.5,4377.5
23,23.0,3.0,3.0,1.0,0,6,New Delhi,Bonfiglioli Transmission Pvt. Ltd.,467,8.5,3969.5
21,22.0,0.0,9.0,1.0,0,6,New Delhi,SJVN Ltd.,507,8.5,4309.5
13,23.0,3.0,17.0,1.0,0,6,New Delhi,Kalpataru Power,642,8.5,5457.0
7,22.0,2.0,9.0,1.0,0,6,New Delhi,Tata Power Company Ltd.,438,8.5,3723.0
23,23.0,1.0,18.0,12.0,0,6,New Delhi,Neueon Towers / Sujana Towers Ltd.,559,8.5,4751.5
19,22.0,0.0,17.0,1.0,0,6,New Delhi,Indowind Energy,559,8.5,4751.5
16,23.0,3.0,4.0,1.0,0,6,New Delhi,Reliance Energy,392,8.5,3332.0
14,22.0,3.0,3.0,1.0,0,6,New Delhi,GE T&D India Limited,392,8.5,3332.0
8,19.0,0.0,11.0,1.0,0,6,New Delhi,Bonfiglioli Transmission Pvt. Ltd.,346,8.5,2941.0
16,22.0,1.0,20.0,1.0,0,6,New Delhi,Torrent Power Ltd.,434,8.5,3689.0
21,23.0,0.0,18.0,1.0,0,6,New Delhi,"Maha Transco – Maharashtra State Electricity Transmission Co, Ltd.",640,8.5,5440.0
6,22.0,3.0,19.0,7.0,0,6,New Delhi,Indowind Energy,640,8.5,5440.0
10,18.0,0.0,15.0,1.0,0,6,New Delhi,Indowind Energy,327,8.5,2779.5
21,22.0,3.0,11.0,1.0,0,6,New Delhi,Jyoti Structure,451,8.5,3833.5
7,21.0,0.0,10.0,1.0,0,6,New Delhi,L&T Transmission & Distribution,451,8.5,3833.5
15,22.0,2.0,7.0,1.0,0,6,New Delhi,L&T Transmission & Distribution,477,8.5,4054.5
14,23.0,0.0,18.0,1.0,0,6,New Delhi,Torrent Power Ltd.,477,8.5,4054.5
21,22.0,1.0,3.0,1.0,0,6,New Delhi,L&T Transmission & Distribution,477,8.5,4054.5
23,22.0,1.0,15.0,1.0,0,6,New Delhi,Optibelt Power Transmission India Private Limited,477,8.5,4054.5
5,20.0,2.0,5.0,1.0,0,6,New Delhi,Kalpataru Power,477,8.5,4054.5
9,17.0,1.0,15.0,1.0,0,6,New Delhi,Ringfeder Power Transmission India Pvt. Ltd.,319,8.5,2711.5
6,17.0,3.0,8.0,7.0,0,6,New Delhi,L&T Transmission & Distribution,319,8.5,2711.5
14,22.0,0.0,21.0,1.0,0,6,New Delhi,TransRail Lighting,470,8.5,3995.0
17,22.0,1.0,8.0,12.0,0,6,New Delhi,"Maha Transco – Maharashtra State Electricity Transmission Co, Ltd.",470,8.5,3995.0
5,17.0,1.0,19.0,1.0,0,6,New Delhi,Kalpataru Power,406,8.5,3451.0
10,17.0,0.0,15.0,7.0,0,6,New Delhi,CESC,406,8.5,3451.0
11,23.0,2.0,19.0,12.0,0,6,New Delhi,Toshiba Transmission & Distribution Systems (India) Pvt. Ltd.,546,8.5,4641.0
19,23.0,2.0,3.0,1.0,0,6,New Delhi,Neueon Towers / Sujana Towers Ltd.,546,8.5,4641.0
19,22.0,1.0,7.0,1.0,0,6,New Delhi,Optibelt Power Transmission India Private Limited,554,8.5,4709.0
14,22.0,2.0,22.0,1.0,0,6,New Delhi,Reliance Energy,554,8.5,4709.0
12,23.0,3.0,14.0,12.0,0,6,New Delhi,KEC International,554,8.5,4709.0
18,23.0,1.0,13.0,1.0,0,6,New Delhi,Toshiba Transmission & Distribution Systems (India) Pvt. Ltd.,603,8.5,5125.5
13,22.0,2.0,12.0,1.0,0,6,New Delhi,Sunil Hitech Eng,603,8.5,5125.5
15,23.0,1.0,22.0,1.0,0,6,New Delhi,Reliance Energy,636,8.5,5406.0
5,18.0,2.0,17.0,1.0,0,6,New Delhi,Bonfiglioli Transmission Pvt. Ltd.,390,8.5,3315.0
18,23.0,3.0,15.0,1.0,0,6,New Delhi,CESC,556,8.5,4726.0
17,22.0,2.0,4.0,1.0,0,6,New Delhi,Tata Power Company Ltd.,530,8.5,4505.0
19,22.0,0.0,19.0,1.0,0,6,New Delhi,Guj Ind Power,400,8.5,3400.0
23,22.0,2.0,10.0,1.0,0,6,New Delhi,L&T Transmission & Distribution,665,8.5,5652.5
10,23.0,0.0,3.0,1.0,0,6,New Delhi,Torrent Power Ltd.,288,8.5,2448.0
17,22.0,3.0,9.0,1.0,0,6,New Delhi,Guj Ind Power,574,8.5,4879.0
20,22.0,3.0,10.0,1.0,0,6,New Delhi,Optibelt Power Transmission India Private Limited,516,8.5,4386.0
15,22.0,3.0,18.0,12.0,0,6,New Delhi,Torrent Power Ltd.,570,8.5,4845.0
14,22.0,0.0,15.0,12.0,0,6,New Delhi,Ringfeder Power Transmission India Pvt. Ltd.,570,8.5,4845.0
19,23.0,0.0,11.0,1.0,0,6,New Delhi,Reliance Energy,563,8.5,4785.5
10,21.0,2.0,22.0,1.0,0,6,New Delhi,Bonfiglioli Transmission Pvt. Ltd.,426,8.5,3621.0
7,17.0,1.0,20.0,1.0,0,6,New Delhi,NTPC Pvt. Ltd.,315,8.5,2677.5
18,22.0,1.0,13.0,1.0,0,6,New Delhi,Reliance Power,511,8.5,4343.5
14,23.0,2.0,13.0,1.0,0,6,New Delhi,Guj Ind Power,565,8.5,4802.5
21,23.0,1.0,4.0,1.0,0,6,New Delhi,Power Grid Corp,347,8.5,2949.5
9,23.0,3.0,21.0,1.0,0,6,New Delhi,Torrent Power Ltd.,611,8.5,5193.5
19,22.0,2.0,18.0,1.0,0,6,New Delhi,Reliance Power,580,8.5,4930.0
8,17.0,1.0,17.0,1.0,0,6,New Delhi,NHPC,513,8.5,4360.5
21,22.0,0.0,21.0,1.0,0,6,New Delhi,Jaiprakash Power,575,8.5,4887.5
19,23.0,0.0,13.0,1.0,0,6,New Delhi,Orient Green,455,8.5,3867.5
23,23.0,2.0,15.0,1.0,0,6,New Delhi,Reliance Power,646,8.5,5491.0
6,23.0,3.0,20.0,1.0,0,6,New Delhi,Indowind Energy,662,8.5,5627.0
21,22.0,2.0,19.0,1.0,0,6,New Delhi,Kalpataru Power,702,8.5,5967.0
23,22.0,3.0,4.0,12.0,0,6,New Delhi,Orient Green,590,8.5,5015.0
13,23.0,2.0,9.0,1.0,0,6,New Delhi,Adani Power Ltd.,384,8.5,3264.0
12,23.0,1.0,15.0,1.0,0,6,New Delhi,CESC,557,8.5,4734.5
17,22.0,1.0,17.0,1.0,0,6,New Delhi,Jyoti Structure,427,8.5,3629.5
6,22.0,0.0,9.0,1.0,0,6,New Delhi,JSW Energy Ltd.,427,8.5,3629.5
8,23.0,2.0,4.0,1.0,0,6,New Delhi,Kalpataru Power,540,8.5,4590.0
13,22.0,1.0,21.0,1.0,0,6,New Delhi,Ratnagiri Gas and Power Pvt. Ltd. (RGPPL),525,8.5,4462.5
15,23.0,0.0,8.0,1.0,0,6,New Delhi,Neueon Towers / Sujana Towers Ltd.,412,8.5,3502.0
18,23.0,2.0,18.0,12.0,0,6,New Delhi,Ringfeder Power Transmission India Pvt. Ltd.,639,8.5,5431.5
9,20.0,2.0,18.0,1.0,0,6,New Delhi,Sunil Hitech Eng,448,8.5,3808.0
21,22.0,0.0,14.0,1.0,0,6,New Delhi,Optibelt Power Transmission India Private Limited,421,8.5,3578.5
18,22.0,0.0,17.0,1.0,0,6,New Delhi,SJVN Ltd.,601,8.5,5108.5
6,18.0,2.0,20.0,1.0,0,6,New Delhi,Neueon Towers / Sujana Towers Ltd.,596,8.5,5066.0
19,22.0,3.0,20.0,1.0,0,6,New Delhi,Sterlite Power Transmission Ltd,627,8.5,5329.5
7,17.0,3.0,10.0,1.0,0,6,New Delhi,JSW Energy Ltd.,325,8.5,2762.5
22,22.0,2.0,21.0,1.0,0,6,New Delhi,SJVN Ltd.,618,8.5,5253.0
21,23.0,0.0,7.0,1.0,0,6,New Delhi,GE T&D India Limited,379,8.5,3221.5
9,18.0,0.0,17.0,1.0,0,6,New Delhi,KEC International,379,8.5,3221.5
11,23.0,3.0,10.0,1.0,0,6,New Delhi,NTPC Pvt. Ltd.,379,8.5,3221.5
5,18.0,0.0,14.0,1.0,0,6,New Delhi,Neueon Towers / Sujana Towers Ltd.,260,8.5,2210.0
7,17.0,3.0,12.0,1.0,0,6,New Delhi,L&T Transmission & Distribution,474,8.5,4029.0
20,22.0,3.0,6.0,1.0,0,6,New Delhi,Unitech Power Transmission Ltd.,653,8.5,5550.5
17,23.0,1.0,12.0,12.0,0,6,New Delhi,Kalpataru Power,517,8.5,4394.5
9,20.0,2.0,22.0,7.0,0,6,New Delhi,L&T Transmission & Distribution,667,8.5,5669.5
9,21.0,0.0,5.0,1.0,0,6,New Delhi,Ringfeder Power Transmission India Pvt. Ltd.,374,8.5,3179.0
11,23.0,1.0,18.0,1.0,0,6,New Delhi,"Maha Transco – Maharashtra State Electricity Transmission Co, Ltd.",446,8.5,3791.0
15,23.0,2.0,10.0,1.0,0,6,New Delhi,Reliance Energy,446,8.5,3791.0
6,20.0,0.0,16.0,1.0,0,6,New Delhi,CESC,483,8.5,4105.5
19,23.0,3.0,14.0,12.0,0,6,New Delhi,L&T Transmission & Distribution,798,8.5,6783.0
12,22.0,3.0,18.0,1.0,0,6,New Delhi,Kalpataru Power,675,8.5,5737.5
8,21.0,3.0,7.0,1.0,0,6,New Delhi,GE T&D India Limited,366,8.5,3111.0
14,22.0,2.0,5.0,1.0,0,6,New Delhi,JSW Energy Ltd.,366,8.5,3111.0
5,20.0,2.0,22.0,1.0,0,6,New Delhi,Jyoti Structure,634,8.5,5389.0
19,22.0,1.0,21.0,12.0,0,6,New Delhi,Jaiprakash Power,634,8.5,5389.0
5,22.0,1.0,15.0,1.0,0,6,New Delhi,Guj Ind Power,313,8.5,2660.5
20,22.0,1.0,14.0,1.0,0,6,New Delhi,Kalpataru Power,668,8.5,5678.0
11,22.0,1.0,22.0,1.0,0,6,New Delhi,Jyoti Structure,668,8.5,5678.0
8,20.0,1.0,7.0,7.0,0,6,New Delhi,KEC International,495,8.5,4207.5
12,23.0,2.0,3.0,1.0,0,6,New Delhi,Tata Power Company Ltd.,316,8.5,2686.0
19,23.0,1.0,20.0,1.0,0,6,New Delhi,Orient Green,508,8.5,4318.0
11,23.0,3.0,21.0,1.0,0,6,New Delhi,Adani Power Ltd.,748,8.5,6358.0
6,18.0,0.0,9.0,1.0,0,6,New Delhi,Toshiba Transmission & Distribution Systems (India) Pvt. Ltd.,360,8.5,3060.0
10,17.0,2.0,10.0,1.0,0,6,New Delhi,NTPC Pvt. Ltd.,437,8.5,3714.5
16,23.0,2.0,16.0,1.0,0,6,New Delhi,KEC International,685,8.5,5822.5
20,22.0,1.0,16.0,1.0,0,6,New Delhi,Optibelt Power Transmission India Private Limited,614,8.5,5219.0
10,21.0,1.0,18.0,7.0,0,6,New Delhi,Reliance Power,661,8.5,5618.5
14,22.0,2.0,21.0,1.0,0,6,New Delhi,Jaiprakash Power,661,8.5,5618.5
17,23.0,3.0,21.0,1.0,0,6,New Delhi,Bonfiglioli Transmission Pvt. Ltd.,765,8.5,6502.5
23,23.0,3.0,22.0,12.0,0,6,New Delhi,L&T Transmission & Distribution,907,8.5,7709.5
5,22.0,2.0,11.0,1.0,0,6,New Delhi,NLC India,376,8.5,3196.0
9,18.0,1.0,3.0,1.0,0,6,New Delhi,NHPC,215,8.5,1827.5
17,22.0,1.0,8.0,12.0,0,6,New Delhi,Optibelt Power Transmission India Private Limited,679,8.5,5771.5
19,22.0,3.0,22.0,12.0,0,6,New Delhi,Reliance Energy,771,8.5,6553.5
20,22.0,3.0,16.0,12.0,0,6,New Delhi,NHPC,771,8.5,6553.5
6,19.0,1.0,5.0,7.0,0,6,New Delhi,KEC International,323,8.5,2745.5
15,22.0,0.0,3.0,1.0,0,6,New Delhi,Sterlite Power Transmission Ltd,252,8.5,2142.0
8,17.0,3.0,5.0,1.0,0,6,New Delhi,CESC,268,8.5,2278.0
6,21.0,0.0,6.0,1.0,0,6,New Delhi,Toshiba Transmission & Distribution Systems (India) Pvt. Ltd.,235,8.5,1997.5
16,23.0,3.0,17.0,1.0,0,6,New Delhi,Reliance Power,727,8.5,6179.5
15,22.0,1.0,10.0,1.0,0,6,New Delhi,Tata Power Company Ltd.,333,8.5,2830.5
18,23.0,2.0,14.0,1.0,0,6,New Delhi,Power Grid Corp,676,8.5,5746.0
8,19.0,2.0,9.0,1.0,0,6,New Delhi,TransRail Lighting,286,8.5,2431.0
5,22.0,3.0,6.0,1.0,0,6,New Delhi,Adani Power Ltd.,357,8.5,3034.5
15,23.0,3.0,20.0,1.0,0,7,Hyderabad,L&T Transmission & Distribution,553,8.4,4645.2
14,23.0,0.0,18.0,1.0,0,7,Hyderabad,Jaiprakash Power,553,8.4,4645.2
9,22.0,0.0,11.0,1.0,0,7,Hyderabad,"Maha Transco – Maharashtra State Electricity Transmission Co, Ltd.",484,8.4,4065.6000000000000
19,22.0,3.0,15.0,1.0,0,7,Hyderabad,Orient Green,484,8.4,4065.6000000000000
17,23.0,1.0,16.0,1.0,0,7,Hyderabad,Sterlite Power Transmission Ltd,682,8.4,5728.8
9,21.0,0.0,20.0,1.0,0,7,Hyderabad,JSW Energy Ltd.,627,8.4,5266.8
9,19.0,0.0,6.0,1.0,0,7,Hyderabad,Sunil Hitech Eng,437,8.4,3670.8
23,23.0,2.0,3.0,1.0,0,7,Hyderabad,L&T Transmission & Distribution,498,8.4,4183.2
23,22.0,2.0,7.0,12.0,0,7,Hyderabad,Guj Ind Power,508,8.4,4267.2
13,23.0,0.0,18.0,1.0,0,7,Hyderabad,NHPC,508,8.4,4267.2
8,18.0,0.0,13.0,7.0,0,7,Hyderabad,Power Grid Corp,503,8.4,4225.2
7,22.0,1.0,19.0,1.0,0,7,Hyderabad,Bonfiglioli Transmission Pvt. Ltd.,503,8.4,4225.2
21,23.0,2.0,15.0,1.0,0,7,Hyderabad,Toshiba Transmission & Distribution Systems (India) Pvt. Ltd.,669,8.4,5619.6
17,23.0,0.0,4.0,1.0,0,7,Hyderabad,Orient Green,288,8.4,2419.2000000000000
8,17.0,3.0,21.0,1.0,0,7,Hyderabad,"Maha Transco – Maharashtra State Electricity Transmission Co, Ltd.",434,8.4,3645.6000000000000
12,22.0,0.0,12.0,1.0,0,7,Hyderabad,Jaiprakash Power,371,8.4,3116.4
21,22.0,2.0,11.0,1.0,0,7,Hyderabad,Torrent Power Ltd.,589,8.4,4947.6
14,23.0,1.0,21.0,1.0,0,7,Hyderabad,KEC International,589,8.4,4947.6
12,23.0,3.0,9.0,1.0,0,7,Hyderabad,Toshiba Transmission & Distribution Systems (India) Pvt. Ltd.,487,8.4,4090.8
12,23.0,1.0,5.0,1.0,0,7,Hyderabad,GE T&D India Limited,531,8.4,4460.400000000000
21,23.0,2.0,12.0,1.0,0,7,Hyderabad,Orient Green,676,8.4,5678.400000000000
18,23.0,0.0,14.0,12.0,0,7,Hyderabad,Tata Power Company Ltd.,642,8.4,5392.8
14,23.0,1.0,15.0,1.0,0,7,Hyderabad,Reliance Power,642,8.4,5392.8
12,22.0,3.0,11.0,1.0,0,7,Hyderabad,TransRail Lighting,612,8.4,5140.8
18,22.0,3.0,16.0,1.0,0,7,Hyderabad,Unitech Power Transmission Ltd.,612,8.4,5140.8
17,23.0,2.0,11.0,12.0,0,7,Hyderabad,Tata Power Company Ltd.,523,8.4,4393.2
17,23.0,2.0,18.0,1.0,0,7,Hyderabad,Kalpataru Power,511,8.4,4292.400000000000
8,22.0,0.0,22.0,1.0,0,7,Hyderabad,Indowind Energy,511,8.4,4292.400000000000
12,22.0,2.0,10.0,1.0,0,7,Hyderabad,Jaiprakash Power,372,8.4,3124.8
14,23.0,1.0,15.0,1.0,0,7,Hyderabad,Indowind Energy,615,8.4,5166.0
8,19.0,0.0,13.0,1.0,0,7,Hyderabad,Guj Ind Power,452,8.4,3796.8
16,22.0,0.0,12.0,12.0,0,7,Hyderabad,NTPC Pvt. Ltd.,452,8.4,3796.8
5,23.0,1.0,8.0,1.0,0,7,Hyderabad,Unitech Power Transmission Ltd.,452,8.4,3796.8
11,22.0,0.0,5.0,1.0,0,7,Hyderabad,Kalpataru Power,344,8.4,2889.6
7,17.0,1.0,12.0,1.0,0,7,Hyderabad,Orient Green,344,8.4,2889.6
20,23.0,3.0,12.0,1.0,0,7,Hyderabad,L&T Transmission & Distribution,519,8.4,4359.6
19,22.0,1.0,5.0,1.0,0,7,Hyderabad,Sterlite Power Transmission Ltd,519,8.4,4359.6
8,20.0,0.0,14.0,1.0,0,7,Hyderabad,NLC India,551,8.4,4628.400000000000
9,17.0,1.0,17.0,1.0,0,7,Hyderabad,TransRail Lighting,551,8.4,4628.400000000000
18,22.0,3.0,7.0,1.0,0,7,Hyderabad,JSW Energy Ltd.,420,8.4,3528.0
22,22.0,2.0,19.0,1.0,0,7,Hyderabad,Orient Green,573,8.4,4813.2
10,17.0,1.0,4.0,1.0,0,7,Hyderabad,Sunil Hitech Eng,337,8.4,2830.8
5,23.0,2.0,8.0,1.0,0,7,Hyderabad,JSW Energy Ltd.,342,8.4,2872.8
7,23.0,1.0,17.0,7.0,0,7,Hyderabad,TransRail Lighting,449,8.4,3771.6000000000000
6,19.0,2.0,22.0,1.0,0,7,Hyderabad,Optibelt Power Transmission India Private Limited,641,8.4,5384.400000000000
14,23.0,2.0,4.0,1.0,0,7,Hyderabad,L&T Transmission & Distribution,565,8.4,4746.0
22,23.0,3.0,17.0,1.0,0,7,Hyderabad,Ratnagiri Gas and Power Pvt. Ltd. (RGPPL),565,8.4,4746.0
16,22.0,2.0,16.0,1.0,0,7,Hyderabad,Unitech Power Transmission Ltd.,485,8.4,4074.0
23,23.0,1.0,14.0,1.0,0,7,Hyderabad,NLC India,483,8.4,4057.2000000000000
6,22.0,1.0,7.0,1.0,0,7,Hyderabad,SJVN Ltd.,411,8.4,3452.4
14,23.0,3.0,5.0,1.0,0,7,Hyderabad,Torrent Power Ltd.,411,8.4,3452.4
8,19.0,0.0,22.0,7.0,0,7,Hyderabad,NHPC,411,8.4,3452.4
9,17.0,2.0,12.0,1.0,0,7,Hyderabad,Guj Ind Power,410,8.4,3444.0
19,22.0,0.0,22.0,1.0,0,7,Hyderabad,"Maha Transco – Maharashtra State Electricity Transmission Co, Ltd.",454,8.4,3813.6000000000000
7,19.0,3.0,17.0,7.0,0,7,Hyderabad,Reliance Energy,464,8.4,3897.6000000000000
11,23.0,0.0,10.0,1.0,0,7,Hyderabad,Torrent Power Ltd.,438,8.4,3679.2000000000000
13,22.0,1.0,11.0,1.0,0,7,Hyderabad,Bonfiglioli Transmission Pvt. Ltd.,426,8.4,3578.4
7,20.0,2.0,14.0,1.0,0,7,Hyderabad,Torrent Power Ltd.,597,8.4,5014.8
5,21.0,3.0,20.0,7.0,0,7,Hyderabad,Ringfeder Power Transmission India Pvt. Ltd.,597,8.4,5014.8
12,22.0,0.0,21.0,1.0,0,7,Hyderabad,Sunil Hitech Eng,643,8.4,5401.2
14,22.0,3.0,16.0,1.0,0,7,Hyderabad,Tata Power Company Ltd.,504,8.4,4233.6
10,22.0,3.0,9.0,1.0,0,7,Hyderabad,Toshiba Transmission & Distribution Systems (India) Pvt. Ltd.,557,8.4,4678.8
12,23.0,1.0,7.0,1.0,0,7,Hyderabad,Ratnagiri Gas and Power Pvt. Ltd. (RGPPL),557,8.4,4678.8
15,23.0,1.0,14.0,12.0,0,7,Hyderabad,Guj Ind Power,557,8.4,4678.8
5,19.0,1.0,18.0,1.0,0,7,Hyderabad,Optibelt Power Transmission India Private Limited,489,8.4,4107.6
21,22.0,1.0,4.0,1.0,0,7,Hyderabad,NHPC,595,8.4,4998.0
15,22.0,1.0,11.0,1.0,0,7,Hyderabad,Reliance Energy,577,8.4,4846.8
13,22.0,2.0,9.0,1.0,0,7,Hyderabad,JSW Energy Ltd.,566,8.4,4754.400000000000
9,17.0,3.0,10.0,7.0,0,7,Hyderabad,L&T Transmission & Distribution,481,8.4,4040.4
10,20.0,1.0,12.0,1.0,0,7,Hyderabad,Reliance Power,351,8.4,2948.4
12,22.0,0.0,6.0,1.0,0,7,Hyderabad,Reliance Power,351,8.4,2948.4
11,23.0,3.0,20.0,1.0,0,7,Hyderabad,Kalpataru Power,506,8.4,4250.400000000000
21,23.0,0.0,20.0,1.0,0,7,Hyderabad,Optibelt Power Transmission India Private Limited,617,8.4,5182.8
17,22.0,3.0,14.0,12.0,0,7,Hyderabad,JSW Energy Ltd.,623,8.4,5233.2
22,23.0,1.0,7.0,1.0,0,7,Hyderabad,NTPC Pvt. Ltd.,419,8.4,3519.6000000000000
16,23.0,3.0,13.0,12.0,0,7,Hyderabad,Indowind Energy,562,8.4,4720.8
20,22.0,3.0,4.0,1.0,0,7,Hyderabad,Sterlite Power Transmission Ltd,562,8.4,4720.8
23,22.0,3.0,10.0,1.0,0,7,Hyderabad,Neueon Towers / Sujana Towers Ltd.,562,8.4,4720.8
20,23.0,2.0,5.0,12.0,0,7,Hyderabad,Jyoti Structure,509,8.4,4275.6
7,19.0,1.0,13.0,1.0,0,7,Hyderabad,Bonfiglioli Transmission Pvt. Ltd.,424,8.4,3561.6000000000000
11,23.0,1.0,6.0,1.0,0,7,Hyderabad,Ringfeder Power Transmission India Pvt. Ltd.,458,8.4,3847.2000000000000
13,22.0,0.0,6.0,1.0,0,7,Hyderabad,Toshiba Transmission & Distribution Systems (India) Pvt. Ltd.,520,8.4,4368.0
17,22.0,3.0,7.0,1.0,0,7,Hyderabad,Optibelt Power Transmission India Private Limited,520,8.4,4368.0
21,22.0,2.0,20.0,1.0,0,7,Hyderabad,NTPC Pvt. Ltd.,520,8.4,4368.0
7,23.0,0.0,21.0,1.0,0,7,Hyderabad,Orient Green,580,8.4,4872.0
7,17.0,1.0,17.0,1.0,0,7,Hyderabad,Guj Ind Power,441,8.4,3704.4
6,17.0,2.0,20.0,1.0,0,7,Hyderabad,Kalpataru Power,441,8.4,3704.4
11,23.0,3.0,11.0,1.0,0,7,Hyderabad,Reliance Power,644,8.4,5409.6
14,22.0,0.0,19.0,1.0,0,7,Hyderabad,Toshiba Transmission & Distribution Systems (India) Pvt. Ltd.,644,8.4,5409.6
15,22.0,3.0,5.0,1.0,0,7,Hyderabad,SJVN Ltd.,468,8.4,3931.2000000000000
14,23.0,2.0,14.0,1.0,0,7,Hyderabad,NLC India,598,8.4,5023.2
16,23.0,3.0,5.0,1.0,0,7,Hyderabad,Sunil Hitech Eng,558,8.4,4687.2
17,23.0,0.0,18.0,12.0,0,7,Hyderabad,Neueon Towers / Sujana Towers Ltd.,558,8.4,4687.2
21,23.0,2.0,21.0,1.0,0,7,Hyderabad,Sterlite Power Transmission Ltd,806,8.4,6770.400000000000
18,22.0,2.0,21.0,12.0,0,7,Hyderabad,Guj Ind Power,868,8.4,7291.200000000000
13,22.0,3.0,22.0,1.0,0,7,Hyderabad,NHPC,765,8.4,6426.0
15,23.0,0.0,4.0,1.0,0,7,Hyderabad,Ringfeder Power Transmission India Pvt. Ltd.,492,8.4,4132.8
12,22.0,0.0,4.0,1.0,0,7,Hyderabad,Power Grid Corp,429,8.4,3603.6000000000000
21,22.0,0.0,15.0,1.0,0,7,Hyderabad,Tata Power Company Ltd.,455,8.4,3822.0
23,23.0,2.0,18.0,12.0,0,7,Hyderabad,Indowind Energy,858,8.4,7207.200000000000
11,22.0,0.0,15.0,1.0,0,7,Hyderabad,Sunil Hitech Eng,546,8.4,4586.400000000000
23,23.0,1.0,7.0,1.0,0,7,Hyderabad,Neueon Towers / Sujana Towers Ltd.,585,8.4,4914.0
9,19.0,1.0,17.0,7.0,0,7,Hyderabad,Optibelt Power Transmission India Private Limited,440,8.4,3696.0
11,22.0,0.0,20.0,1.0,0,7,Hyderabad,Unitech Power Transmission Ltd.,440,8.4,3696.0
14,23.0,3.0,22.0,1.0,0,7,Hyderabad,Tata Power Company Ltd.,660,8.4,5544.0
10,23.0,2.0,19.0,1.0,0,7,Hyderabad,KEC International,605,8.4,5082.0
9,19.0,1.0,21.0,1.0,0,7,Hyderabad,L&T Transmission & Distribution,561,8.4,4712.400000000000
17,23.0,0.0,5.0,12.0,0,7,Hyderabad,SJVN Ltd.,539,8.4,4527.6
7,21.0,3.0,8.0,1.0,0,7,Hyderabad,Ringfeder Power Transmission India Pvt. Ltd.,403,8.4,3385.2000000000000
5,18.0,3.0,4.0,1.0,0,7,Hyderabad,Tata Power Company Ltd.,304,8.4,2553.6
11,22.0,0.0,3.0,1.0,0,7,Hyderabad,TransRail Lighting,324,8.4,2721.6
17,23.0,0.0,7.0,1.0,0,7,Hyderabad,Adani Power Ltd.,417,8.4,3502.8
6,18.0,0.0,7.0,1.0,0,7,Hyderabad,Jaiprakash Power,314,8.4,2637.6
18,22.0,0.0,18.0,1.0,0,7,Hyderabad,Sterlite Power Transmission Ltd,652,8.4,5476.8
23,23.0,1.0,11.0,1.0,0,7,Hyderabad,Ringfeder Power Transmission India Pvt. Ltd.,514,8.4,4317.6
19,22.0,0.0,8.0,1.0,0,7,Hyderabad,Torrent Power Ltd.,514,8.4,4317.6
5,17.0,3.0,20.0,1.0,0,7,Hyderabad,GE T&D India Limited,514,8.4,4317.6
16,22.0,0.0,4.0,1.0,0,7,Hyderabad,Optibelt Power Transmission India Private Limited,315,8.4,2646.0
13,22.0,2.0,12.0,1.0,0,7,Hyderabad,Optibelt Power Transmission India Private Limited,619,8.4,5199.6
6,23.0,2.0,19.0,7.0,0,7,Hyderabad,SJVN Ltd.,602,8.4,5056.8
11,23.0,3.0,13.0,1.0,0,7,Hyderabad,Sunil Hitech Eng,602,8.4,5056.8
16,23.0,3.0,14.0,1.0,0,7,Hyderabad,L&T Transmission & Distribution,482,8.4,4048.8
17,22.0,0.0,19.0,1.0,0,7,Hyderabad,Adani Power Ltd.,525,8.4,4410.0
13,23.0,2.0,4.0,1.0,0,7,Hyderabad,TransRail Lighting,586,8.4,4922.400000000000
23,23.0,2.0,6.0,1.0,0,7,Hyderabad,Ratnagiri Gas and Power Pvt. Ltd. (RGPPL),586,8.4,4922.400000000000
6,19.0,2.0,15.0,7.0,0,7,Hyderabad,Sunil Hitech Eng,635,8.4,5334.0
16,23.0,2.0,22.0,1.0,0,7,Hyderabad,SJVN Ltd.,635,8.4,5334.0
23,23.0,2.0,20.0,12.0,0,7,Hyderabad,Ringfeder Power Transmission India Pvt. Ltd.,635,8.4,5334.0
21,22.0,2.0,8.0,1.0,0,7,Hyderabad,"Maha Transco – Maharashtra State Electricity Transmission Co, Ltd.",457,8.4,3838.8
9,18.0,3.0,5.0,1.0,0,7,Hyderabad,SJVN Ltd.,461,8.4,3872.4
8,22.0,0.0,7.0,7.0,0,7,Hyderabad,GE T&D India Limited,328,8.4,2755.2000000000000
18,23.0,1.0,13.0,1.0,0,7,Hyderabad,Ratnagiri Gas and Power Pvt. Ltd. (RGPPL),607,8.4,5098.8
9,19.0,3.0,11.0,1.0,0,7,Hyderabad,Toshiba Transmission & Distribution Systems (India) Pvt. Ltd.,607,8.4,5098.8
17,23.0,0.0,15.0,1.0,0,7,Hyderabad,Torrent Power Ltd.,608,8.4,5107.2
9,20.0,3.0,4.0,1.0,0,7,Hyderabad,Torrent Power Ltd.,476,8.4,3998.4
7,18.0,2.0,21.0,1.0,0,7,Hyderabad,Toshiba Transmission & Distribution Systems (India) Pvt. Ltd.,571,8.4,4796.400000000000
11,23.0,2.0,13.0,1.0,0,7,Hyderabad,Sterlite Power Transmission Ltd,439,8.4,3687.6000000000000
15,22.0,1.0,8.0,1.0,0,7,Hyderabad,Sunil Hitech Eng,439,8.4,3687.6000000000000
13,23.0,2.0,6.0,1.0,0,7,Hyderabad,SJVN Ltd.,412,8.4,3460.8
15,22.0,1.0,3.0,1.0,0,7,Hyderabad,NHPC,350,8.4,2940.0
5,23.0,0.0,11.0,1.0,0,7,Hyderabad,NHPC,408,8.4,3427.2000000000000
15,23.0,1.0,6.0,1.0,0,7,Hyderabad,Sterlite Power Transmission Ltd,378,8.4,3175.2000000000000
20,22.0,1.0,7.0,1.0,0,7,Hyderabad,Guj Ind Power,378,8.4,3175.2000000000000
16,22.0,2.0,15.0,1.0,0,7,Hyderabad,Indowind Energy,560,8.4,4704.0
8,19.0,3.0,21.0,7.0,0,7,Hyderabad,Orient Green,658,8.4,5527.2
14,22.0,3.0,13.0,12.0,0,7,Hyderabad,Kalpataru Power,530,8.4,4452.0
5,17.0,3.0,5.0,7.0,0,7,Hyderabad,JSW Energy Ltd.,530,8.4,4452.0
10,19.0,3.0,4.0,1.0,0,7,Hyderabad,NLC India,477,8.4,4006.8
13,22.0,2.0,19.0,1.0,0,7,Hyderabad,TransRail Lighting,541,8.4,4544.400000000000
11,23.0,2.0,14.0,1.0,0,7,Hyderabad,Adani Power Ltd.,647,8.4,5434.8
12,22.0,1.0,6.0,1.0,0,7,Hyderabad,CESC,307,8.4,2578.8
10,18.0,3.0,7.0,1.0,0,7,Hyderabad,Bonfiglioli Transmission Pvt. Ltd.,448,8.4,3763.2000000000000
6,23.0,2.0,9.0,1.0,0,7,Hyderabad,Sunil Hitech Eng,448,8.4,3763.2000000000000
11,23.0,1.0,11.0,1.0,0,7,Hyderabad,JSW Energy Ltd.,473,8.4,3973.2000000000000
19,23.0,2.0,18.0,1.0,0,7,Hyderabad,Toshiba Transmission & Distribution Systems (India) Pvt. Ltd.,491,8.4,4124.400000000000
18,23.0,1.0,11.0,1.0,0,7,Hyderabad,Optibelt Power Transmission India Private Limited,640,8.4,5376.0
17,22.0,0.0,3.0,1.0,0,7,Hyderabad,Bonfiglioli Transmission Pvt. Ltd.,436,8.4,3662.4
17,22.0,2.0,18.0,1.0,0,7,Hyderabad,NHPC,538,8.4,4519.2
12,22.0,3.0,13.0,1.0,0,7,Hyderabad,GE T&D India Limited,554,8.4,4653.6
5,23.0,1.0,11.0,1.0,0,7,Hyderabad,Ringfeder Power Transmission India Pvt. Ltd.,554,8.4,4653.6
14,22.0,0.0,12.0,1.0,0,7,Hyderabad,Orient Green,352,8.4,2956.8
5,17.0,1.0,15.0,1.0,0,7,Hyderabad,Indowind Energy,493,8.4,4141.2
9,17.0,1.0,12.0,1.0,0,7,Hyderabad,Adani Power Ltd.,435,8.4,3654.0
10,20.0,0.0,4.0,7.0,0,7,Hyderabad,KEC International,340,8.4,2856.0
10,23.0,3.0,18.0,7.0,0,7,Hyderabad,Ringfeder Power Transmission India Pvt. Ltd.,650,8.4,5460.0
6,20.0,1.0,10.0,7.0,0,7,Hyderabad,Unitech Power Transmission Ltd.,333,8.4,2797.2000000000000
16,23.0,1.0,15.0,12.0,0,7,Hyderabad,CESC,722,8.4,6064.8
18,23.0,0.0,12.0,12.0,0,7,Hyderabad,"Maha Transco – Maharashtra State Electricity Transmission Co, Ltd.",722,8.4,6064.8
19,22.0,3.0,5.0,1.0,0,7,Hyderabad,NHPC,648,8.4,5443.2
23,23.0,1.0,6.0,1.0,0,7,Hyderabad,L&T Transmission & Distribution,648,8.4,5443.2
11,23.0,1.0,19.0,12.0,0,7,Hyderabad,Torrent Power Ltd.,696,8.4,5846.400000000000
13,23.0,2.0,12.0,1.0,0,7,Hyderabad,JSW Energy Ltd.,548,8.4,4603.2
15,22.0,3.0,11.0,1.0,0,7,Hyderabad,Indowind Energy,496,8.4,4166.400000000000
11,23.0,3.0,18.0,1.0,0,7,Hyderabad,Guj Ind Power,496,8.4,4166.400000000000
15,22.0,2.0,10.0,1.0,0,7,Hyderabad,GE T&D India Limited,496,8.4,4166.400000000000
15,22.0,1.0,18.0,1.0,0,7,Hyderabad,Bonfiglioli Transmission Pvt. Ltd.,578,8.4,4855.2
7,19.0,0.0,14.0,1.0,0,7,Hyderabad,TransRail Lighting,327,8.4,2746.8
13,23.0,2.0,15.0,1.0,0,7,Hyderabad,Neueon Towers / Sujana Towers Ltd.,678,8.4,5695.2
11,23.0,1.0,12.0,1.0,0,7,Hyderabad,NHPC,575,8.4,4830.0
8,23.0,0.0,13.0,1.0,0,7,Hyderabad,TransRail Lighting,575,8.4,4830.0
15,22.0,2.0,6.0,1.0,0,7,Hyderabad,Orient Green,569,8.4,4779.6
18,23.0,0.0,18.0,1.0,0,7,Hyderabad,"Maha Transco – Maharashtra State Electricity Transmission Co, Ltd.",569,8.4,4779.6
15,23.0,1.0,20.0,1.0,0,7,Hyderabad,Sunil Hitech Eng,724,8.4,6081.6
10,22.0,1.0,16.0,1.0,0,7,Hyderabad,Ringfeder Power Transmission India Pvt. Ltd.,460,8.4,3864.0
6,22.0,1.0,13.0,1.0,0,7,Hyderabad,Adani Power Ltd.,591,8.4,4964.400000000000
7,17.0,2.0,10.0,1.0,0,7,Hyderabad,Sunil Hitech Eng,370,8.4,3108.0
8,17.0,1.0,13.0,1.0,0,7,Hyderabad,TransRail Lighting,370,8.4,3108.0
14,23.0,0.0,12.0,1.0,0,7,Hyderabad,"Maha Transco – Maharashtra State Electricity Transmission Co, Ltd.",370,8.4,3108.0
15,22.0,2.0,9.0,1.0,0,7,Hyderabad,JSW Energy Ltd.,406,8.4,3410.4
23,22.0,3.0,9.0,12.0,0,7,Hyderabad,TransRail Lighting,668,8.4,5611.2
7,18.0,0.0,19.0,1.0,0,7,Hyderabad,KEC International,343,8.4,2881.2000000000000
6,20.0,0.0,8.0,7.0,0,7,Hyderabad,Adani Power Ltd.,366,8.4,3074.4
6,18.0,1.0,4.0,1.0,0,7,Hyderabad,SJVN Ltd.,366,8.4,3074.4
21,23.0,1.0,21.0,1.0,0,7,Hyderabad,Ringfeder Power Transmission India Pvt. Ltd.,760,8.4,6384.0
21,23.0,3.0,16.0,1.0,0,7,Hyderabad,Ringfeder Power Transmission India Pvt. Ltd.,622,8.4,5224.8
15,22.0,3.0,20.0,1.0,0,7,Hyderabad,Adani Power Ltd.,686,8.4,5762.400000000000
21,23.0,1.0,8.0,12.0,0,7,Hyderabad,KEC International,686,8.4,5762.400000000000
9,22.0,0.0,10.0,1.0,0,7,Hyderabad,Jyoti Structure,365,8.4,3066.0
6,20.0,3.0,12.0,1.0,0,7,Hyderabad,KEC International,556,8.4,4670.400000000000
16,23.0,3.0,18.0,1.0,0,7,Hyderabad,Toshiba Transmission & Distribution Systems (India) Pvt. Ltd.,674,8.4,5661.6
16,23.0,1.0,22.0,1.0,0,7,Hyderabad,GE T&D India Limited,701,8.4,5888.400000000000
21,23.0,3.0,8.0,1.0,0,7,Hyderabad,Reliance Power,701,8.4,5888.400000000000
17,22.0,1.0,20.0,1.0,0,7,Hyderabad,Tata Power Company Ltd.,699,8.4,5871.6
21,23.0,1.0,5.0,12.0,0,7,Hyderabad,Indowind Energy,636,8.4,5342.400000000000
6,21.0,3.0,22.0,1.0,0,7,Hyderabad,Adani Power Ltd.,499,8.4,4191.6
8,17.0,1.0,22.0,1.0,0,7,Hyderabad,Orient Green,358,8.4,3007.2000000000000
14,23.0,3.0,3.0,1.0,0,7,Hyderabad,Indowind Energy,358,8.4,3007.2000000000000
6,20.0,1.0,10.0,7.0,0,7,Hyderabad,Optibelt Power Transmission India Private Limited,358,8.4,3007.2000000000000
17,23.0,2.0,18.0,12.0,0,7,Hyderabad,Orient Green,801,8.4,6728.400000000000
19,23.0,3.0,16.0,12.0,0,7,Hyderabad,Ratnagiri Gas and Power Pvt. Ltd. (RGPPL),646,8.4,5426.400000000000
16,23.0,1.0,14.0,12.0,0,7,Hyderabad,NLC India,646,8.4,5426.400000000000
18,22.0,1.0,8.0,1.0,0,7,Hyderabad,Ringfeder Power Transmission India Pvt. Ltd.,472,8.4,3964.8
23,23.0,0.0,3.0,1.0,0,7,Hyderabad,NLC India,472,8.4,3964.8
12,23.0,2.0,22.0,1.0,0,7,Hyderabad,Ratnagiri Gas and Power Pvt. Ltd. (RGPPL),742,8.4,6232.8
16,22.0,3.0,11.0,1.0,0,7,Hyderabad,"Maha Transco – Maharashtra State Electricity Transmission Co, Ltd.",679,8.4,5703.6
21,22.0,1.0,22.0,12.0,0,7,Hyderabad,CESC,687,8.4,5770.8
21,23.0,2.0,10.0,12.0,0,7,Hyderabad,Reliance Energy,582,8.4,4888.8
5,21.0,1.0,10.0,7.0,0,7,Hyderabad,KEC International,582,8.4,4888.8
13,22.0,3.0,11.0,12.0,0,7,Hyderabad,Bonfiglioli Transmission Pvt. Ltd.,707,8.4,5938.8
19,22.0,0.0,20.0,1.0,0,7,Hyderabad,GE T&D India Limited,698,8.4,5863.2
16,23.0,2.0,22.0,12.0,0,7,Hyderabad,Toshiba Transmission & Distribution Systems (India) Pvt. Ltd.,698,8.4,5863.2
16,23.0,1.0,21.0,1.0,0,7,Hyderabad,Guj Ind Power,606,8.4,5090.400000000000
11,22.0,2.0,9.0,12.0,0,7,Hyderabad,Reliance Power,631,8.4,5300.400000000000
15,22.0,3.0,21.0,1.0,0,7,Hyderabad,Jaiprakash Power,631,8.4,5300.400000000000
11,23.0,2.0,17.0,12.0,0,7,Hyderabad,SJVN Ltd.,782,8.4,6568.8
22,23.0,3.0,5.0,12.0,0,7,Hyderabad,"Maha Transco – Maharashtra State Electricity Transmission Co, Ltd.",731,8.4,6140.400000000000
12,22.0,2.0,5.0,1.0,0,7,Hyderabad,JSW Energy Ltd.,313,8.4,2629.2000000000000
11,23.0,0.0,21.0,1.0,0,7,Hyderabad,JSW Energy Ltd.,512,8.4,4300.8
5,19.0,2.0,16.0,1.0,0,7,Hyderabad,Bonfiglioli Transmission Pvt. Ltd.,512,8.4,4300.8
15,23.0,3.0,19.0,12.0,0,7,Hyderabad,Sterlite Power Transmission Ltd,874,8.4,7341.6
14,22.0,1.0,18.0,1.0,0,7,Hyderabad,Power Grid Corp,683,8.4,5737.2
23,22.0,3.0,20.0,12.0,0,7,Hyderabad,Orient Green,910,8.4,7644.0
20,22.0,0.0,3.0,1.0,0,7,Hyderabad,Orient Green,283,8.4,2377.2000000000000
11,23.0,0.0,11.0,1.0,0,7,Hyderabad,SJVN Ltd.,376,8.4,3158.4
5,17.0,3.0,6.0,1.0,0,7,Hyderabad,Reliance Energy,376,8.4,3158.4
5,20.0,1.0,6.0,1.0,0,7,Hyderabad,KEC International,263,8.4,2209.2000000000000
6,19.0,2.0,8.0,1.0,0,7,Hyderabad,Neueon Towers / Sujana Towers Ltd.,265,8.4,2226.0
14,23.0,3.0,21.0,12.0,0,7,Hyderabad,KEC International,773,8.4,6493.200000000000
15,22.0,2.0,14.0,1.0,0,7,Nagpur,NTPC Pvt. Ltd.,553,8.9,4921.7
20,23.0,0.0,4.0,1.0,0,7,Nagpur,Torrent Power Ltd.,528,8.9,4699.2
17,23.0,1.0,3.0,1.0,0,7,Nagpur,NHPC,528,8.9,4699.2
22,23.0,0.0,15.0,12.0,0,7,Nagpur,JSW Energy Ltd.,616,8.9,5482.400000000000
10,21.0,0.0,3.0,1.0,0,7,Nagpur,"Maha Transco – Maharashtra State Electricity Transmission Co, Ltd.",380,8.9,3382.0
17,22.0,2.0,3.0,1.0,0,7,Nagpur,SJVN Ltd.,486,8.9,4325.400000000000
20,23.0,2.0,3.0,1.0,0,7,Nagpur,JSW Energy Ltd.,405,8.9,3604.5
19,22.0,2.0,12.0,1.0,0,7,Nagpur,NLC India,581,8.9,5170.900000000000
7,22.0,3.0,14.0,7.0,0,7,Nagpur,Optibelt Power Transmission India Private Limited,552,8.9,4912.8
19,23.0,2.0,14.0,1.0,0,7,Nagpur,Tata Power Company Ltd.,552,8.9,4912.8
11,23.0,3.0,9.0,12.0,0,7,Nagpur,Optibelt Power Transmission India Private Limited,552,8.9,4912.8
5,17.0,1.0,3.0,1.0,0,7,Nagpur,TransRail Lighting,389,8.9,3462.1000000000000
11,23.0,2.0,6.0,12.0,0,7,Nagpur,Bonfiglioli Transmission Pvt. Ltd.,700,8.9,6230.0
8,23.0,2.0,8.0,1.0,0,7,Nagpur,Orient Green,554,8.9,4930.6
15,22.0,0.0,12.0,1.0,0,7,Nagpur,Kalpataru Power,554,8.9,4930.6
20,22.0,2.0,20.0,12.0,0,7,Nagpur,Optibelt Power Transmission India Private Limited,651,8.9,5793.900000000000
7,22.0,0.0,3.0,1.0,0,7,Nagpur,NHPC,449,8.9,3996.1000000000000
20,23.0,0.0,7.0,1.0,0,7,Nagpur,Jyoti Structure,431,8.9,3835.9
14,23.0,2.0,4.0,1.0,0,7,Nagpur,JSW Energy Ltd.,431,8.9,3835.9
23,22.0,3.0,9.0,1.0,0,7,Nagpur,TransRail Lighting,506,8.9,4503.400000000000
21,22.0,0.0,16.0,1.0,0,7,Nagpur,Ratnagiri Gas and Power Pvt. Ltd. (RGPPL),605,8.9,5384.5
10,19.0,3.0,11.0,1.0,0,7,Nagpur,NLC India,608,8.9,5411.2
16,23.0,3.0,22.0,1.0,0,7,Nagpur,NLC India,611,8.9,5437.900000000000
12,22.0,1.0,8.0,1.0,0,7,Nagpur,Orient Green,323,8.9,2874.7000000000000
14,23.0,1.0,22.0,1.0,0,7,Nagpur,CESC,504,8.9,4485.6
9,19.0,3.0,22.0,1.0,0,7,Nagpur,NLC India,504,8.9,4485.6
16,22.0,2.0,12.0,1.0,0,7,Nagpur,Reliance Energy,583,8.9,5188.7
13,22.0,3.0,11.0,1.0,0,7,Nagpur,GE T&D India Limited,583,8.9,5188.7
18,23.0,2.0,3.0,1.0,0,7,Nagpur,GE T&D India Limited,488,8.9,4343.2
13,22.0,2.0,22.0,1.0,0,7,Nagpur,Indowind Energy,710,8.9,6319.0
21,22.0,2.0,20.0,1.0,0,7,Nagpur,Ratnagiri Gas and Power Pvt. Ltd. (RGPPL),710,8.9,6319.0
10,23.0,3.0,12.0,1.0,0,7,Nagpur,Optibelt Power Transmission India Private Limited,664,8.9,5909.6
23,22.0,1.0,21.0,1.0,0,7,Nagpur,Tata Power Company Ltd.,513,8.9,4565.7
8,21.0,3.0,8.0,1.0,0,7,Nagpur,NLC India,513,8.9,4565.7
13,23.0,0.0,21.0,1.0,0,7,Nagpur,CESC,522,8.9,4645.8
5,17.0,3.0,18.0,7.0,0,7,Nagpur,Tata Power Company Ltd.,593,8.9,5277.7
17,22.0,3.0,8.0,1.0,0,7,Nagpur,GE T&D India Limited,593,8.9,5277.7
16,23.0,3.0,15.0,1.0,0,7,Nagpur,Ringfeder Power Transmission India Pvt. Ltd.,542,8.9,4823.8
19,23.0,2.0,22.0,12.0,0,7,Nagpur,Neueon Towers / Sujana Towers Ltd.,806,8.9,7173.400000000000
22,22.0,2.0,20.0,1.0,0,7,Nagpur,Jyoti Structure,668,8.9,5945.2
17,23.0,3.0,18.0,1.0,0,7,Nagpur,"Maha Transco – Maharashtra State Electricity Transmission Co, Ltd.",696,8.9,6194.400000000000
18,22.0,0.0,21.0,1.0,0,7,Nagpur,Toshiba Transmission & Distribution Systems (India) Pvt. Ltd.,609,8.9,5420.1
18,23.0,1.0,15.0,1.0,0,7,Nagpur,Jyoti Structure,441,8.9,3924.9
14,22.0,2.0,20.0,12.0,0,7,Nagpur,Power Grid Corp,574,8.9,5108.6
13,22.0,1.0,4.0,12.0,0,7,Nagpur,JSW Energy Ltd.,494,8.9,4396.6
13,22.0,1.0,16.0,1.0,0,7,Nagpur,"Maha Transco – Maharashtra State Electricity Transmission Co, Ltd.",464,8.9,4129.6
19,23.0,0.0,5.0,12.0,0,7,Nagpur,Indowind Energy,558,8.9,4966.2
15,23.0,1.0,3.0,1.0,0,7,Nagpur,Kalpataru Power,443,8.9,3942.7000000000000
13,23.0,2.0,11.0,1.0,0,7,Nagpur,JSW Energy Ltd.,443,8.9,3942.7000000000000
11,22.0,0.0,21.0,1.0,0,7,Nagpur,L&T Transmission & Distribution,443,8.9,3942.7000000000000
21,23.0,0.0,17.0,1.0,0,7,Nagpur,Tata Power Company Ltd.,689,8.9,6132.1
15,22.0,3.0,13.0,1.0,0,7,Nagpur,"Maha Transco – Maharashtra State Electricity Transmission Co, Ltd.",689,8.9,6132.1
15,22.0,3.0,19.0,1.0,0,7,Nagpur,Orient Green,695,8.9,6185.5
13,23.0,2.0,14.0,1.0,0,7,Nagpur,GE T&D India Limited,481,8.9,4280.900000000000
14,23.0,3.0,13.0,1.0,0,7,Nagpur,Ringfeder Power Transmission India Pvt. Ltd.,481,8.9,4280.900000000000
16,22.0,2.0,7.0,1.0,0,7,Nagpur,Jaiprakash Power,571,8.9,5081.900000000000
19,22.0,1.0,18.0,1.0,0,7,Nagpur,Reliance Power,607,8.9,5402.3
22,23.0,2.0,10.0,1.0,0,7,Nagpur,NTPC Pvt. Ltd.,459,8.9,4085.1000000000000
14,22.0,0.0,11.0,1.0,0,7,Nagpur,Torrent Power Ltd.,459,8.9,4085.1000000000000
18,22.0,1.0,5.0,1.0,0,7,Nagpur,Sunil Hitech Eng,360,8.9,3204.0
22,22.0,3.0,8.0,1.0,0,7,Nagpur,NHPC,601,8.9,5348.900000000000
22,22.0,2.0,11.0,1.0,0,7,Nagpur,Guj Ind Power,601,8.9,5348.900000000000
13,23.0,2.0,12.0,12.0,0,7,Nagpur,Orient Green,601,8.9,5348.900000000000
20,22.0,0.0,12.0,1.0,0,7,Nagpur,GE T&D India Limited,575,8.9,5117.5
11,22.0,3.0,18.0,12.0,0,7,Nagpur,GE T&D India Limited,575,8.9,5117.5
14,23.0,3.0,11.0,1.0,0,7,Nagpur,Kalpataru Power,575,8.9,5117.5
6,21.0,1.0,22.0,1.0,0,7,Nagpur,SJVN Ltd.,424,8.9,3773.6000000000000
5,21.0,1.0,14.0,1.0,0,7,Nagpur,Tata Power Company Ltd.,527,8.9,4690.3
21,23.0,2.0,20.0,1.0,0,7,Nagpur,Orient Green,680,8.9,6052.0
10,22.0,2.0,12.0,1.0,0,7,Nagpur,Adani Power Ltd.,614,8.9,5464.6
10,20.0,0.0,13.0,1.0,0,7,Nagpur,Jaiprakash Power,398,8.9,3542.2000000000000
23,22.0,3.0,20.0,1.0,0,7,Nagpur,NHPC,629,8.9,5598.1
17,22.0,1.0,5.0,1.0,0,7,Nagpur,Adani Power Ltd.,327,8.9,2910.3
16,22.0,2.0,3.0,1.0,0,7,Nagpur,Sunil Hitech Eng,386,8.9,3435.4
9,17.0,2.0,12.0,1.0,0,7,Nagpur,Orient Green,386,8.9,3435.4
12,23.0,1.0,5.0,1.0,0,7,Nagpur,Torrent Power Ltd.,493,8.9,4387.7
18,22.0,1.0,21.0,1.0,0,7,Nagpur,TransRail Lighting,550,8.9,4895.0
20,22.0,3.0,14.0,1.0,0,7,Nagpur,NHPC,592,8.9,5268.8
9,19.0,0.0,5.0,1.0,0,7,Nagpur,Jyoti Structure,446,8.9,3969.4
11,22.0,3.0,8.0,1.0,0,7,Nagpur,TransRail Lighting,529,8.9,4708.1
10,23.0,3.0,15.0,1.0,0,7,Nagpur,JSW Energy Ltd.,453,8.9,4031.7000000000000
11,22.0,0.0,17.0,1.0,0,7,Nagpur,Jyoti Structure,453,8.9,4031.7000000000000
11,23.0,0.0,21.0,1.0,0,7,Nagpur,Adani Power Ltd.,635,8.9,5651.5
19,23.0,1.0,15.0,1.0,0,7,Nagpur,KEC International,635,8.9,5651.5
15,23.0,0.0,20.0,1.0,0,7,Nagpur,Adani Power Ltd.,646,8.9,5749.400000000000
15,22.0,2.0,11.0,1.0,0,7,Nagpur,CESC,641,8.9,5704.900000000000
23,22.0,2.0,10.0,1.0,0,7,Nagpur,KEC International,590,8.9,5251.0
10,23.0,1.0,19.0,1.0,0,7,Nagpur,Optibelt Power Transmission India Private Limited,590,8.9,5251.0
6,23.0,3.0,16.0,1.0,0,7,Nagpur,TransRail Lighting,501,8.9,4458.900000000000
8,20.0,1.0,9.0,1.0,0,7,Nagpur,Power Grid Corp,407,8.9,3622.3
9,21.0,0.0,22.0,1.0,0,7,Nagpur,Unitech Power Transmission Ltd.,549,8.9,4886.1
12,22.0,2.0,18.0,1.0,0,7,Nagpur,"Maha Transco – Maharashtra State Electricity Transmission Co, Ltd.",582,8.9,5179.8
22,23.0,0.0,22.0,1.0,0,7,Nagpur,Guj Ind Power,642,8.9,5713.8
6,20.0,2.0,5.0,1.0,0,7,Nagpur,Reliance Power,246,8.9,2189.4
5,18.0,3.0,14.0,7.0,0,7,Nagpur,Power Grid Corp,546,8.9,4859.400000000000
10,22.0,3.0,11.0,1.0,0,7,Nagpur,GE T&D India Limited,546,8.9,4859.400000000000
7,20.0,2.0,13.0,1.0,0,7,Nagpur,Ratnagiri Gas and Power Pvt. Ltd. (RGPPL),370,8.9,3293.0
16,23.0,2.0,5.0,1.0,0,7,Nagpur,Reliance Energy,462,8.9,4111.8
8,17.0,1.0,8.0,1.0,0,7,Nagpur,KEC International,304,8.9,2705.6
6,20.0,1.0,6.0,7.0,0,7,Nagpur,Guj Ind Power,304,8.9,2705.6
16,22.0,1.0,12.0,1.0,0,7,Nagpur,Jyoti Structure,644,8.9,5731.6
21,23.0,0.0,6.0,12.0,0,7,Nagpur,"Maha Transco – Maharashtra State Electricity Transmission Co, Ltd.",644,8.9,5731.6
8,23.0,2.0,21.0,1.0,0,7,Nagpur,Power Grid Corp,576,8.9,5126.400000000000
23,22.0,3.0,4.0,1.0,0,7,Nagpur,TransRail Lighting,576,8.9,5126.400000000000
7,23.0,3.0,16.0,1.0,0,7,Nagpur,Kalpataru Power,525,8.9,4672.5
11,22.0,3.0,20.0,1.0,0,7,Nagpur,Toshiba Transmission & Distribution Systems (India) Pvt. Ltd.,531,8.9,4725.900000000000
22,22.0,1.0,10.0,1.0,0,7,Nagpur,SJVN Ltd.,531,8.9,4725.900000000000
13,23.0,0.0,4.0,12.0,0,7,Nagpur,Toshiba Transmission & Distribution Systems (India) Pvt. Ltd.,557,8.9,4957.3
8,22.0,0.0,20.0,1.0,0,7,Nagpur,Guj Ind Power,557,8.9,4957.3
18,23.0,2.0,19.0,1.0,0,7,Nagpur,Sterlite Power Transmission Ltd,584,8.9,5197.6
22,23.0,2.0,10.0,12.0,0,7,Nagpur,CESC,584,8.9,5197.6
8,22.0,3.0,9.0,1.0,0,7,Nagpur,CESC,392,8.9,3488.8
21,23.0,1.0,7.0,1.0,0,7,Nagpur,Optibelt Power Transmission India Private Limited,451,8.9,4013.9
8,23.0,2.0,17.0,7.0,0,7,Nagpur,GE T&D India Limited,491,8.9,4369.900000000000
10,18.0,1.0,8.0,7.0,0,7,Nagpur,Guj Ind Power,414,8.9,3684.6000000000000
12,22.0,3.0,12.0,1.0,0,7,Nagpur,Unitech Power Transmission Ltd.,432,8.9,3844.8
9,18.0,1.0,18.0,1.0,0,7,Nagpur,Reliance Power,409,8.9,3640.1000000000000
19,23.0,3.0,10.0,1.0,0,7,Nagpur,Indowind Energy,707,8.9,6292.3
21,23.0,2.0,18.0,1.0,0,7,Nagpur,Neueon Towers / Sujana Towers Ltd.,516,8.9,4592.400000000000
7,18.0,3.0,11.0,1.0,0,7,Nagpur,Tata Power Company Ltd.,516,8.9,4592.400000000000
5,17.0,0.0,19.0,1.0,0,7,Nagpur,Unitech Power Transmission Ltd.,516,8.9,4592.400000000000
5,17.0,3.0,17.0,7.0,0,7,Nagpur,NHPC,422,8.9,3755.8
16,22.0,2.0,3.0,1.0,0,7,Nagpur,Unitech Power Transmission Ltd.,468,8.9,4165.2
6,22.0,0.0,20.0,7.0,0,7,Nagpur,Ratnagiri Gas and Power Pvt. Ltd. (RGPPL),468,8.9,4165.2
20,23.0,1.0,15.0,1.0,0,7,Nagpur,Bonfiglioli Transmission Pvt. Ltd.,468,8.9,4165.2
7,19.0,3.0,14.0,1.0,0,7,Nagpur,Optibelt Power Transmission India Private Limited,472,8.9,4200.8
19,22.0,3.0,10.0,1.0,0,7,Nagpur,Toshiba Transmission & Distribution Systems (India) Pvt. Ltd.,567,8.9,5046.3
20,23.0,0.0,22.0,1.0,0,7,Nagpur,Unitech Power Transmission Ltd.,538,8.9,4788.2
17,22.0,0.0,13.0,1.0,0,7,Nagpur,Ratnagiri Gas and Power Pvt. Ltd. (RGPPL),538,8.9,4788.2
8,17.0,1.0,14.0,7.0,0,7,Nagpur,Power Grid Corp,417,8.9,3711.3
7,21.0,3.0,5.0,1.0,0,7,Nagpur,Ringfeder Power Transmission India Pvt. Ltd.,498,8.9,4432.2
8,19.0,3.0,22.0,1.0,0,7,Nagpur,SJVN Ltd.,498,8.9,4432.2
14,22.0,2.0,7.0,1.0,0,7,Nagpur,"Maha Transco – Maharashtra State Electricity Transmission Co, Ltd.",606,8.9,5393.400000000000
14,22.0,2.0,18.0,1.0,0,7,Nagpur,SJVN Ltd.,496,8.9,4414.400000000000
14,23.0,1.0,13.0,1.0,0,7,Nagpur,SJVN Ltd.,613,8.9,5455.7
9,20.0,2.0,16.0,1.0,0,7,Nagpur,Power Grid Corp,613,8.9,5455.7
15,23.0,0.0,9.0,1.0,0,7,Nagpur,Kalpataru Power,457,8.9,4067.3
19,22.0,0.0,20.0,1.0,0,7,Nagpur,Ringfeder Power Transmission India Pvt. Ltd.,632,8.9,5624.8
13,22.0,1.0,22.0,1.0,0,7,Nagpur,Bonfiglioli Transmission Pvt. Ltd.,632,8.9,5624.8
8,22.0,2.0,6.0,1.0,0,7,Nagpur,Toshiba Transmission & Distribution Systems (India) Pvt. Ltd.,342,8.9,3043.8
21,22.0,1.0,17.0,1.0,0,7,Nagpur,"Maha Transco – Maharashtra State Electricity Transmission Co, Ltd.",520,8.9,4628.0
18,22.0,3.0,4.0,1.0,0,7,Nagpur,L&T Transmission & Distribution,572,8.9,5090.8
5,23.0,2.0,14.0,7.0,0,7,Nagpur,Toshiba Transmission & Distribution Systems (India) Pvt. Ltd.,572,8.9,5090.8
20,23.0,0.0,11.0,1.0,0,7,Nagpur,Optibelt Power Transmission India Private Limited,393,8.9,3497.7000000000000
10,21.0,1.0,12.0,7.0,0,7,Nagpur,Reliance Power,393,8.9,3497.7000000000000
13,22.0,1.0,7.0,1.0,0,7,Nagpur,Neueon Towers / Sujana Towers Ltd.,393,8.9,3497.7000000000000
12,23.0,3.0,12.0,1.0,0,7,Nagpur,TransRail Lighting,438,8.9,3898.2000000000000
13,23.0,0.0,11.0,1.0,0,7,Nagpur,Ratnagiri Gas and Power Pvt. Ltd. (RGPPL),372,8.9,3310.8
9,18.0,3.0,4.0,1.0,0,7,Nagpur,KEC International,328,8.9,2919.2000000000000
7,18.0,0.0,9.0,7.0,0,7,Nagpur,Neueon Towers / Sujana Towers Ltd.,312,8.9,2776.8
7,20.0,1.0,5.0,1.0,0,7,Nagpur,CESC,316,8.9,2812.4
9,17.0,1.0,12.0,1.0,0,7,Nagpur,Jyoti Structure,406,8.9,3613.4
12,22.0,0.0,4.0,1.0,0,7,Nagpur,Bonfiglioli Transmission Pvt. Ltd.,406,8.9,3613.4
23,22.0,3.0,5.0,12.0,0,7,Nagpur,Sunil Hitech Eng,579,8.9,5153.1
15,23.0,2.0,6.0,12.0,0,7,Nagpur,Unitech Power Transmission Ltd.,620,8.9,5518.0
6,19.0,3.0,20.0,1.0,0,7,Nagpur,Tata Power Company Ltd.,637,8.9,5669.3
21,23.0,1.0,16.0,1.0,0,7,Nagpur,JSW Energy Ltd.,649,8.9,5776.1
21,23.0,1.0,21.0,1.0,0,7,Nagpur,Indowind Energy,649,8.9,5776.1
6,18.0,2.0,9.0,1.0,0,7,Nagpur,Orient Green,466,8.9,4147.400000000000
20,22.0,1.0,18.0,1.0,0,7,Nagpur,Adani Power Ltd.,566,8.9,5037.400000000000
21,23.0,1.0,22.0,1.0,0,7,Nagpur,NHPC,752,8.9,6692.8
20,22.0,3.0,16.0,12.0,0,7,Nagpur,Sterlite Power Transmission Ltd,634,8.9,5642.6
16,22.0,2.0,20.0,1.0,0,7,Nagpur,GE T&D India Limited,713,8.9,6345.7
18,23.0,1.0,3.0,12.0,0,7,Nagpur,Bonfiglioli Transmission Pvt. Ltd.,657,8.9,5847.3
20,23.0,1.0,10.0,1.0,0,7,Nagpur,Bonfiglioli Transmission Pvt. Ltd.,437,8.9,3889.3
14,23.0,1.0,21.0,1.0,0,7,Nagpur,Ringfeder Power Transmission India Pvt. Ltd.,562,8.9,5001.8
6,23.0,3.0,22.0,1.0,0,7,Nagpur,CESC,562,8.9,5001.8
10,17.0,1.0,17.0,1.0,0,7,Nagpur,Reliance Power,562,8.9,5001.8
16,22.0,0.0,14.0,12.0,0,7,Nagpur,Ringfeder Power Transmission India Pvt. Ltd.,603,8.9,5366.7
10,21.0,1.0,18.0,1.0,0,7,Nagpur,TransRail Lighting,603,8.9,5366.7
13,23.0,3.0,7.0,1.0,0,7,Nagpur,GE T&D India Limited,603,8.9,5366.7
19,22.0,3.0,9.0,12.0,0,7,Nagpur,SJVN Ltd.,603,8.9,5366.7
19,23.0,0.0,18.0,1.0,0,7,Nagpur,Adani Power Ltd.,627,8.9,5580.3
23,22.0,1.0,4.0,1.0,0,7,Nagpur,Indowind Energy,374,8.9,3328.6
23,23.0,3.0,14.0,1.0,0,7,Nagpur,NTPC Pvt. Ltd.,716,8.9,6372.400000000000
8,20.0,0.0,13.0,7.0,0,7,Nagpur,Sterlite Power Transmission Ltd,555,8.9,4939.5
22,22.0,3.0,22.0,1.0,0,7,Nagpur,Torrent Power Ltd.,762,8.9,6781.8
9,18.0,3.0,8.0,1.0,0,7,Nagpur,Reliance Power,318,8.9,2830.2000000000000
8,23.0,2.0,7.0,7.0,0,7,Nagpur,Torrent Power Ltd.,384,8.9,3417.6000000000000
18,22.0,0.0,22.0,1.0,0,7,Nagpur,Sterlite Power Transmission Ltd,495,8.9,4405.5
11,22.0,0.0,5.0,1.0,0,7,Nagpur,Kalpataru Power,365,8.9,3248.5
22,23.0,2.0,18.0,1.0,0,7,Nagpur,TransRail Lighting,533,8.9,4743.7
15,23.0,3.0,4.0,1.0,0,7,Nagpur,NLC India,589,8.9,5242.1
8,21.0,3.0,10.0,1.0,0,7,Nagpur,Unitech Power Transmission Ltd.,387,8.9,3444.3
23,23.0,2.0,3.0,1.0,0,7,Nagpur,Torrent Power Ltd.,537,8.9,4779.3
10,23.0,0.0,13.0,1.0,0,7,Nagpur,Power Grid Corp,537,8.9,4779.3
6,19.0,3.0,17.0,1.0,0,7,Nagpur,Kalpataru Power,604,8.9,5375.6
23,22.0,0.0,21.0,1.0,0,7,Nagpur,L&T Transmission & Distribution,670,8.9,5963.0
14,22.0,1.0,13.0,12.0,0,7,Nagpur,Unitech Power Transmission Ltd.,490,8.9,4361.0
23,23.0,1.0,6.0,1.0,0,7,Nagpur,TransRail Lighting,569,8.9,5064.1
15,22.0,2.0,9.0,1.0,0,7,Nagpur,KEC International,569,8.9,5064.1
16,23.0,1.0,4.0,1.0,0,7,Nagpur,Jaiprakash Power,569,8.9,5064.1
8,18.0,1.0,10.0,1.0,0,7,Nagpur,Tata Power Company Ltd.,256,8.9,2278.4
13,23.0,0.0,21.0,1.0,0,7,Nagpur,Kalpataru Power,602,8.9,5357.8
23,22.0,3.0,21.0,12.0,0,7,Nagpur,Guj Ind Power,759,8.9,6755.1
22,23.0,1.0,11.0,1.0,0,7,Nagpur,Reliance Power,679,8.9,6043.1
23,23.0,0.0,17.0,1.0,0,7,Nagpur,Ringfeder Power Transmission India Pvt. Ltd.,679,8.9,6043.1
18,23.0,3.0,11.0,1.0,0,7,Nagpur,Orient Green,626,8.9,5571.400000000000
14,22.0,3.0,22.0,1.0,0,7,Nagpur,NTPC Pvt. Ltd.,683,8.9,6078.7
10,18.0,2.0,20.0,1.0,0,7,Nagpur,SJVN Ltd.,568,8.9,5055.2
16,23.0,3.0,8.0,1.0,0,7,Nagpur,Reliance Power,645,8.9,5740.5
16,23.0,0.0,11.0,1.0,0,7,Nagpur,Neueon Towers / Sujana Towers Ltd.,382,8.9,3399.8
20,23.0,0.0,4.0,1.0,0,7,Nagpur,NHPC,382,8.9,3399.8
19,23.0,1.0,20.0,1.0,0,7,Nagpur,GE T&D India Limited,545,8.9,4850.5
13,22.0,1.0,7.0,1.0,0,7,Nagpur,Ringfeder Power Transmission India Pvt. Ltd.,545,8.9,4850.5
9,22.0,1.0,4.0,1.0,0,7,Nagpur,Ringfeder Power Transmission India Pvt. Ltd.,340,8.9,3026.0
22,23.0,2.0,11.0,1.0,0,7,Nagpur,"Maha Transco – Maharashtra State Electricity Transmission Co, Ltd.",600,8.9,5340.0
21,23.0,1.0,17.0,1.0,0,7,Nagpur,Kalpataru Power,615,8.9,5473.5
17,23.0,2.0,20.0,1.0,0,7,Nagpur,L&T Transmission & Distribution,758,8.9,6746.2
11,22.0,2.0,9.0,1.0,0,7,Nagpur,JSW Energy Ltd.,366,8.9,3257.4
12,22.0,1.0,11.0,1.0,0,7,Nagpur,"Maha Transco – Maharashtra State Electricity Transmission Co, Ltd.",337,8.9,2999.3
18,22.0,2.0,22.0,1.0,0,7,Nagpur,NTPC Pvt. Ltd.,715,8.9,6363.5
16,22.0,1.0,21.0,12.0,0,7,Nagpur,Kalpataru Power,816,8.9,7262.400000000000
23,23.0,2.0,8.0,12.0,0,7,Nagpur,Kalpataru Power,685,8.9,6096.5
15,23.0,0.0,7.0,1.0,0,7,Nagpur,JSW Energy Ltd.,317,8.9,2821.3
22,22.0,0.0,3.0,1.0,0,7,Nagpur,Sterlite Power Transmission Ltd,317,8.9,2821.3
10,22.0,2.0,12.0,1.0,0,7,Nagpur,Sterlite Power Transmission Ltd,397,8.9,3533.3
15,22.0,0.0,12.0,1.0,0,7,Nagpur,Toshiba Transmission & Distribution Systems (India) Pvt. Ltd.,397,8.9,3533.3
13,23.0,1.0,9.0,1.0,0,7,Nagpur,JSW Energy Ltd.,397,8.9,3533.3
21,23.0,0.0,16.0,12.0,0,7,Nagpur,NHPC,667,8.9,5936.3
14,22.0,1.0,18.0,12.0,0,7,Nagpur,Jaiprakash Power,667,8.9,5936.3
21,22.0,1.0,19.0,1.0,0,7,Nagpur,Bonfiglioli Transmission Pvt. Ltd.,737,8.9,6559.3
23,22.0,0.0,16.0,12.0,0,7,Nagpur,Toshiba Transmission & Distribution Systems (India) Pvt. Ltd.,754,8.9,6710.6
21,22.0,2.0,15.0,1.0,0,7,Nagpur,Toshiba Transmission & Distribution Systems (India) Pvt. Ltd.,731,8.9,6505.900000000000
18,23.0,2.0,20.0,12.0,0,7,Nagpur,Neueon Towers / Sujana Towers Ltd.,748,8.9,6657.2
11,23.0,1.0,17.0,12.0,0,7,Nagpur,NHPC,729,8.9,6488.1
19,22.0,3.0,16.0,12.0,0,7,Nagpur,Sunil Hitech Eng,828,8.9,7369.200000000000
16,23.0,2.0,17.0,1.0,0,7,Nagpur,GE T&D India Limited,726,8.9,6461.400000000000
12,22.0,3.0,17.0,1.0,0,7,Nagpur,NLC India,677,8.9,6025.3
22,22.0,1.0,22.0,1.0,0,7,Nagpur,Jaiprakash Power,734,8.9,6532.6
23,22.0,2.0,20.0,1.0,0,7,Nagpur,KEC International,792,8.9,7048.8
8,19.0,2.0,4.0,1.0,0,7,Nagpur,KEC International,388,8.9,3453.2000000000000
20,23.0,3.0,22.0,1.0,0,7,Nagpur,Sterlite Power Transmission Ltd,824,8.9,7333.6
7,20.0,3.0,16.0,7.0,0,7,Mumbai,Indowind Energy,553,9.2,5087.600000000000
20,22.0,3.0,9.0,1.0,0,7,Mumbai,Guj Ind Power,553,9.2,5087.600000000000
17,22.0,2.0,14.0,1.0,0,7,Mumbai,NHPC,528,9.2,4857.600000000000
5,22.0,3.0,11.0,1.0,0,7,Mumbai,GE T&D India Limited,418,9.2,3845.6
8,23.0,0.0,8.0,1.0,0,7,Mumbai,KEC International,418,9.2,3845.6
23,22.0,0.0,8.0,1.0,0,7,Mumbai,Neueon Towers / Sujana Towers Ltd.,418,9.2,3845.6
21,22.0,0.0,21.0,12.0,0,7,Mumbai,NLC India,638,9.2,5869.600000000000
15,23.0,1.0,14.0,12.0,0,7,Mumbai,Guj Ind Power,594,9.2,5464.800000000000
15,22.0,3.0,6.0,1.0,0,7,Mumbai,NTPC Pvt. Ltd.,594,9.2,5464.800000000000
18,23.0,3.0,11.0,12.0,0,7,Mumbai,NHPC,660,9.2,6072.000000000000
16,22.0,1.0,18.0,1.0,0,7,Mumbai,Optibelt Power Transmission India Private Limited,513,9.2,4719.600000000000
18,22.0,1.0,6.0,1.0,0,7,Mumbai,Sunil Hitech Eng,532,9.2,4894.4
16,22.0,2.0,19.0,1.0,0,7,Mumbai,SJVN Ltd.,581,9.2,5345.2
12,22.0,3.0,17.0,1.0,0,7,Mumbai,TransRail Lighting,581,9.2,5345.2
16,22.0,2.0,22.0,1.0,0,7,Mumbai,SJVN Ltd.,664,9.2,6108.800000000000
16,22.0,3.0,9.0,1.0,0,7,Mumbai,Unitech Power Transmission Ltd.,672,9.2,6182.4
14,22.0,2.0,12.0,1.0,0,7,Mumbai,Torrent Power Ltd.,630,9.2,5796.0
18,23.0,1.0,15.0,1.0,0,7,Mumbai,Neueon Towers / Sujana Towers Ltd.,435,9.2,4002.0000000000000
10,22.0,1.0,19.0,1.0,0,7,Mumbai,Sunil Hitech Eng,437,9.2,4020.4000000000000
16,23.0,1.0,19.0,12.0,0,7,Mumbai,"Maha Transco – Maharashtra State Electricity Transmission Co, Ltd.",614,9.2,5648.800000000000
15,23.0,2.0,11.0,1.0,0,7,Mumbai,Reliance Energy,481,9.2,4425.2
20,22.0,2.0,13.0,1.0,0,7,Mumbai,NTPC Pvt. Ltd.,571,9.2,5253.2
15,22.0,2.0,21.0,1.0,0,7,Mumbai,Sunil Hitech Eng,571,9.2,5253.2
18,23.0,0.0,6.0,1.0,0,7,Mumbai,Guj Ind Power,442,9.2,4066.4000000000000
18,22.0,3.0,8.0,1.0,0,7,Mumbai,NTPC Pvt. Ltd.,453,9.2,4167.600000000000
22,22.0,0.0,19.0,1.0,0,7,Mumbai,Reliance Power,556,9.2,5115.2
15,23.0,3.0,3.0,1.0,0,7,Mumbai,Tata Power Company Ltd.,556,9.2,5115.2
23,22.0,2.0,10.0,12.0,0,7,Mumbai,Reliance Energy,707,9.2,6504.4
20,22.0,2.0,3.0,1.0,0,7,Mumbai,Kalpataru Power,461,9.2,4241.2
8,22.0,2.0,9.0,7.0,0,7,Mumbai,NLC India,432,9.2,3974.4000000000000
5,20.0,2.0,19.0,1.0,0,7,Mumbai,NHPC,432,9.2,3974.4000000000000
21,22.0,3.0,8.0,1.0,0,7,Mumbai,CESC,527,9.2,4848.4
6,20.0,1.0,11.0,1.0,0,7,Mumbai,Neueon Towers / Sujana Towers Ltd.,381,9.2,3505.2
15,23.0,3.0,13.0,1.0,0,7,Mumbai,NLC India,575,9.2,5290.0
11,22.0,0.0,14.0,12.0,0,7,Mumbai,Jaiprakash Power,515,9.2,4738.0
15,23.0,1.0,9.0,12.0,0,7,Mumbai,Adani Power Ltd.,549,9.2,5050.800000000000
8,21.0,2.0,14.0,1.0,0,7,Mumbai,Power Grid Corp,549,9.2,5050.800000000000
14,23.0,1.0,17.0,1.0,0,7,Mumbai,Unitech Power Transmission Ltd.,549,9.2,5050.800000000000
10,18.0,2.0,9.0,1.0,0,7,Mumbai,Ratnagiri Gas and Power Pvt. Ltd. (RGPPL),490,9.2,4508.0
23,22.0,0.0,15.0,1.0,0,7,Mumbai,Ratnagiri Gas and Power Pvt. Ltd. (RGPPL),422,9.2,3882.4000000000000
19,22.0,0.0,16.0,1.0,0,7,Mumbai,Kalpataru Power,607,9.2,5584.4
5,20.0,2.0,17.0,1.0,0,7,Mumbai,L&T Transmission & Distribution,607,9.2,5584.4
23,23.0,2.0,13.0,1.0,0,7,Mumbai,Tata Power Company Ltd.,495,9.2,4554.0
21,22.0,2.0,19.0,1.0,0,7,Mumbai,Kalpataru Power,495,9.2,4554.0
9,20.0,0.0,22.0,1.0,0,7,Mumbai,NHPC,512,9.2,4710.4
12,23.0,0.0,14.0,1.0,0,7,Mumbai,SJVN Ltd.,512,9.2,4710.4
22,22.0,2.0,20.0,1.0,0,7,Mumbai,NHPC,512,9.2,4710.4
20,23.0,3.0,8.0,1.0,0,7,Mumbai,Ringfeder Power Transmission India Pvt. Ltd.,577,9.2,5308.4
10,23.0,1.0,16.0,1.0,0,7,Mumbai,NLC India,577,9.2,5308.4
16,22.0,3.0,15.0,1.0,0,7,Mumbai,Optibelt Power Transmission India Private Limited,609,9.2,5602.800000000000
21,22.0,3.0,12.0,1.0,0,7,Mumbai,Jaiprakash Power,726,9.2,6679.2
18,22.0,0.0,18.0,1.0,0,7,Mumbai,Unitech Power Transmission Ltd.,654,9.2,6016.800000000000
13,23.0,1.0,19.0,12.0,0,7,Mumbai,Sterlite Power Transmission Ltd,654,9.2,6016.800000000000
18,23.0,0.0,17.0,1.0,0,7,Mumbai,Torrent Power Ltd.,654,9.2,6016.800000000000
5,17.0,3.0,22.0,7.0,0,7,Mumbai,NTPC Pvt. Ltd.,448,9.2,4121.600000000000
14,23.0,1.0,11.0,1.0,0,7,Mumbai,KEC International,530,9.2,4876.0
10,17.0,3.0,8.0,1.0,0,7,Mumbai,L&T Transmission & Distribution,451,9.2,4149.2
12,23.0,2.0,3.0,12.0,0,7,Mumbai,Jyoti Structure,408,9.2,3753.6
7,20.0,3.0,3.0,7.0,0,7,Mumbai,Sunil Hitech Eng,523,9.2,4811.600000000000
23,23.0,2.0,5.0,1.0,0,7,Mumbai,GE T&D India Limited,523,9.2,4811.600000000000
7,21.0,1.0,17.0,1.0,0,7,Mumbai,Indowind Energy,458,9.2,4213.600000000000
12,23.0,3.0,21.0,1.0,0,7,Mumbai,CESC,712,9.2,6550.4
22,22.0,2.0,14.0,1.0,0,7,Mumbai,NTPC Pvt. Ltd.,666,9.2,6127.2
18,23.0,0.0,18.0,1.0,0,7,Mumbai,Guj Ind Power,666,9.2,6127.2
21,22.0,2.0,8.0,12.0,0,7,Mumbai,Kalpataru Power,517,9.2,4756.4
17,22.0,1.0,12.0,12.0,0,7,Mumbai,Reliance Energy,744,9.2,6844.800000000000
13,22.0,2.0,9.0,12.0,0,7,Mumbai,Bonfiglioli Transmission Pvt. Ltd.,534,9.2,4912.800000000000
9,21.0,2.0,16.0,7.0,0,7,Mumbai,NHPC,534,9.2,4912.800000000000
9,22.0,2.0,4.0,1.0,0,7,Mumbai,Optibelt Power Transmission India Private Limited,390,9.2,3588.0000000000000
13,23.0,3.0,11.0,1.0,0,7,Mumbai,SJVN Ltd.,426,9.2,3919.2
21,23.0,0.0,12.0,1.0,0,7,Mumbai,Optibelt Power Transmission India Private Limited,501,9.2,4609.2
6,20.0,3.0,13.0,1.0,0,7,Mumbai,Indowind Energy,521,9.2,4793.2
13,23.0,3.0,12.0,1.0,0,7,Mumbai,Ratnagiri Gas and Power Pvt. Ltd. (RGPPL),521,9.2,4793.2
5,21.0,3.0,3.0,1.0,0,7,Mumbai,Neueon Towers / Sujana Towers Ltd.,454,9.2,4176.800000000000
21,23.0,3.0,12.0,1.0,0,7,Mumbai,KEC International,640,9.2,5888.0
15,22.0,3.0,7.0,1.0,0,7,Mumbai,Optibelt Power Transmission India Private Limited,640,9.2,5888.0
22,23.0,0.0,5.0,1.0,0,7,Mumbai,Power Grid Corp,529,9.2,4866.800000000000
17,22.0,2.0,14.0,1.0,0,7,Mumbai,Ratnagiri Gas and Power Pvt. Ltd. (RGPPL),529,9.2,4866.800000000000
10,18.0,2.0,4.0,1.0,0,7,Mumbai,Indowind Energy,354,9.2,3256.8000000000000
12,23.0,1.0,11.0,1.0,0,7,Mumbai,JSW Energy Ltd.,469,9.2,4314.800000000000
16,23.0,0.0,20.0,1.0,0,7,Mumbai,Sunil Hitech Eng,469,9.2,4314.800000000000
23,23.0,3.0,20.0,1.0,0,7,Mumbai,SJVN Ltd.,597,9.2,5492.4
7,19.0,3.0,16.0,1.0,0,7,Mumbai,Reliance Energy,470,9.2,4324.0
16,22.0,2.0,21.0,12.0,0,7,Mumbai,"Maha Transco – Maharashtra State Electricity Transmission Co, Ltd.",814,9.2,7488.800000000000
22,23.0,0.0,22.0,1.0,0,7,Mumbai,SJVN Ltd.,700,9.2,6440.000000000000
21,23.0,0.0,18.0,1.0,0,7,Mumbai,TransRail Lighting,542,9.2,4986.4
14,22.0,3.0,14.0,1.0,0,7,Mumbai,Sunil Hitech Eng,542,9.2,4986.4
5,22.0,3.0,14.0,1.0,0,7,Mumbai,Kalpataru Power,656,9.2,6035.2
21,22.0,0.0,15.0,1.0,0,7,Mumbai,Reliance Power,620,9.2,5704.0
10,21.0,2.0,20.0,1.0,0,7,Mumbai,Reliance Energy,620,9.2,5704.0
14,23.0,1.0,20.0,1.0,0,7,Mumbai,Bonfiglioli Transmission Pvt. Ltd.,473,9.2,4351.600000000000
20,22.0,3.0,3.0,1.0,0,7,Mumbai,Reliance Power,561,9.2,5161.2
23,23.0,3.0,16.0,1.0,0,7,Mumbai,Power Grid Corp,561,9.2,5161.2
21,23.0,3.0,6.0,1.0,0,7,Mumbai,Jaiprakash Power,561,9.2,5161.2
21,22.0,0.0,10.0,1.0,0,7,Mumbai,GE T&D India Limited,404,9.2,3716.8000000000000
6,20.0,3.0,9.0,7.0,0,7,Mumbai,KEC International,479,9.2,4406.800000000000
20,23.0,3.0,11.0,1.0,0,7,Mumbai,Neueon Towers / Sujana Towers Ltd.,628,9.2,5777.600000000000
15,23.0,1.0,6.0,12.0,0,7,Mumbai,KEC International,628,9.2,5777.600000000000
19,23.0,3.0,9.0,1.0,0,7,Mumbai,NLC India,535,9.2,4922.0
19,23.0,0.0,22.0,1.0,0,7,Mumbai,Power Grid Corp,535,9.2,4922.0
10,19.0,1.0,19.0,1.0,0,7,Mumbai,"Maha Transco – Maharashtra State Electricity Transmission Co, Ltd.",402,9.2,3698.4000000000000
5,17.0,3.0,7.0,1.0,0,7,Mumbai,Toshiba Transmission & Distribution Systems (India) Pvt. Ltd.,511,9.2,4701.2
20,22.0,3.0,10.0,1.0,0,7,Mumbai,L&T Transmission & Distribution,667,9.2,6136.4
21,22.0,2.0,21.0,1.0,0,7,Mumbai,Bonfiglioli Transmission Pvt. Ltd.,667,9.2,6136.4
17,22.0,3.0,18.0,1.0,0,7,Mumbai,NHPC,667,9.2,6136.4
14,22.0,3.0,8.0,12.0,0,7,Mumbai,Toshiba Transmission & Distribution Systems (India) Pvt. Ltd.,596,9.2,5483.2
21,23.0,1.0,17.0,1.0,0,7,Mumbai,GE T&D India Limited,564,9.2,5188.800000000000
20,22.0,3.0,5.0,1.0,0,7,Mumbai,Sunil Hitech Eng,573,9.2,5271.600000000000
20,22.0,2.0,17.0,1.0,0,7,Mumbai,JSW Energy Ltd.,663,9.2,6099.600000000000
12,23.0,3.0,17.0,1.0,0,7,Mumbai,Orient Green,635,9.2,5842.0
14,23.0,3.0,14.0,12.0,0,7,Mumbai,Power Grid Corp,674,9.2,6200.800000000000
7,17.0,0.0,15.0,7.0,0,7,Mumbai,"Maha Transco – Maharashtra State Electricity Transmission Co, Ltd.",363,9.2,3339.6
13,23.0,3.0,17.0,1.0,0,7,Mumbai,Reliance Power,591,9.2,5437.2
13,23.0,0.0,13.0,1.0,0,7,Mumbai,Indowind Energy,445,9.2,4094.0000000000000
20,22.0,3.0,13.0,1.0,0,7,Mumbai,Kalpataru Power,651,9.2,5989.2
9,20.0,0.0,11.0,1.0,0,7,Mumbai,Reliance Power,425,9.2,3910.0000000000000
19,23.0,2.0,14.0,1.0,0,7,Mumbai,Torrent Power Ltd.,510,9.2,4692.0
7,17.0,2.0,11.0,1.0,0,7,Mumbai,NTPC Pvt. Ltd.,510,9.2,4692.0
18,23.0,3.0,17.0,12.0,0,7,Mumbai,NLC India,697,9.2,6412.4
13,23.0,2.0,6.0,12.0,0,7,Mumbai,Reliance Energy,697,9.2,6412.4
15,23.0,1.0,15.0,1.0,0,7,Mumbai,Reliance Power,574,9.2,5280.800000000000
5,19.0,1.0,21.0,1.0,0,7,Mumbai,Neueon Towers / Sujana Towers Ltd.,574,9.2,5280.800000000000
17,22.0,1.0,15.0,1.0,0,7,Mumbai,CESC,615,9.2,5658.0
23,23.0,0.0,14.0,1.0,0,7,Mumbai,Ratnagiri Gas and Power Pvt. Ltd. (RGPPL),455,9.2,4186.0
14,23.0,0.0,4.0,1.0,0,7,Mumbai,"Maha Transco – Maharashtra State Electricity Transmission Co, Ltd.",273,9.2,2511.6
16,22.0,0.0,8.0,1.0,0,7,Mumbai,GE T&D India Limited,440,9.2,4048.0000000000000
12,23.0,2.0,8.0,1.0,0,7,Mumbai,Power Grid Corp,551,9.2,5069.2
13,22.0,1.0,8.0,1.0,0,7,Mumbai,Adani Power Ltd.,348,9.2,3201.6
8,23.0,1.0,3.0,1.0,0,7,Mumbai,Sunil Hitech Eng,457,9.2,4204.4
8,21.0,3.0,5.0,1.0,0,7,Mumbai,Adani Power Ltd.,416,9.2,3827.2
11,23.0,1.0,9.0,12.0,0,7,Mumbai,L&T Transmission & Distribution,516,9.2,4747.2
11,23.0,0.0,21.0,12.0,0,7,Mumbai,SJVN Ltd.,516,9.2,4747.2
21,23.0,2.0,4.0,1.0,0,7,Mumbai,Jyoti Structure,421,9.2,3873.2
8,23.0,3.0,16.0,1.0,0,7,Mumbai,Torrent Power Ltd.,500,9.2,4600.0
7,23.0,0.0,7.0,1.0,0,7,Mumbai,"Maha Transco – Maharashtra State Electricity Transmission Co, Ltd.",414,9.2,3808.8000000000000
8,17.0,0.0,5.0,1.0,0,7,Mumbai,Kalpataru Power,401,9.2,3689.2
23,23.0,2.0,3.0,1.0,0,7,Mumbai,Reliance Power,480,9.2,4416.0
22,22.0,2.0,5.0,1.0,0,7,Mumbai,Orient Green,480,9.2,4416.0
22,23.0,0.0,8.0,12.0,0,7,Mumbai,Tata Power Company Ltd.,668,9.2,6145.600000000000
8,22.0,3.0,17.0,1.0,0,7,Mumbai,Jaiprakash Power,533,9.2,4903.600000000000
23,23.0,2.0,12.0,12.0,0,7,Mumbai,GE T&D India Limited,568,9.2,5225.600000000000
5,21.0,1.0,7.0,1.0,0,7,Mumbai,Neueon Towers / Sujana Towers Ltd.,366,9.2,3367.2
17,23.0,0.0,9.0,1.0,0,7,Mumbai,Bonfiglioli Transmission Pvt. Ltd.,370,9.2,3404.0000000000000
10,17.0,2.0,13.0,1.0,0,7,Mumbai,NLC India,303,9.2,2787.6
5,20.0,1.0,20.0,1.0,0,7,Mumbai,Kalpataru Power,468,9.2,4305.600000000000
11,22.0,0.0,15.0,1.0,0,7,Mumbai,"Maha Transco – Maharashtra State Electricity Transmission Co, Ltd.",499,9.2,4590.800000000000
19,23.0,1.0,4.0,1.0,0,7,Mumbai,Torrent Power Ltd.,499,9.2,4590.800000000000
13,22.0,2.0,6.0,1.0,0,7,Mumbai,Bonfiglioli Transmission Pvt. Ltd.,400,9.2,3680.0000000000000
5,23.0,2.0,5.0,1.0,0,7,Mumbai,Kalpataru Power,355,9.2,3266.0000000000000
6,20.0,0.0,3.0,1.0,0,7,Mumbai,GE T&D India Limited,368,9.2,3385.6
21,23.0,0.0,15.0,12.0,0,7,Mumbai,Unitech Power Transmission Ltd.,569,9.2,5234.800000000000
6,22.0,0.0,7.0,1.0,0,7,Mumbai,Toshiba Transmission & Distribution Systems (India) Pvt. Ltd.,357,9.2,3284.4000000000000
17,23.0,0.0,21.0,1.0,0,7,Mumbai,TransRail Lighting,587,9.2,5400.4
16,22.0,3.0,15.0,1.0,0,7,Mumbai,Bonfiglioli Transmission Pvt. Ltd.,587,9.2,5400.4
21,23.0,2.0,14.0,1.0,0,7,Mumbai,Kalpataru Power,477,9.2,4388.4
11,22.0,0.0,4.0,1.0,0,7,Mumbai,"Maha Transco – Maharashtra State Electricity Transmission Co, Ltd.",506,9.2,4655.2
15,22.0,1.0,20.0,1.0,0,7,Mumbai,KEC International,623,9.2,5731.600000000000
19,22.0,0.0,13.0,1.0,0,7,Mumbai,GE T&D India Limited,585,9.2,5382.0
18,22.0,0.0,12.0,1.0,0,7,Mumbai,TransRail Lighting,489,9.2,4498.800000000000
5,22.0,1.0,20.0,1.0,0,7,Mumbai,Optibelt Power Transmission India Private Limited,489,9.2,4498.800000000000
16,23.0,3.0,16.0,1.0,0,7,Mumbai,NHPC,489,9.2,4498.800000000000
8,18.0,1.0,16.0,7.0,0,7,Mumbai,Ringfeder Power Transmission India Pvt. Ltd.,424,9.2,3900.8000000000000
13,23.0,3.0,7.0,1.0,0,7,Mumbai,Kalpataru Power,403,9.2,3707.6
16,22.0,0.0,19.0,1.0,0,7,Mumbai,"Maha Transco – Maharashtra State Electricity Transmission Co, Ltd.",410,9.2,3772.0000000000000
20,23.0,0.0,14.0,12.0,0,7,Mumbai,Ratnagiri Gas and Power Pvt. Ltd. (RGPPL),677,9.2,6228.4
23,22.0,1.0,10.0,1.0,0,7,Mumbai,KEC International,548,9.2,5041.600000000000
18,22.0,0.0,5.0,1.0,0,7,Mumbai,Toshiba Transmission & Distribution Systems (India) Pvt. Ltd.,548,9.2,5041.600000000000
19,23.0,3.0,10.0,12.0,0,7,Mumbai,Sunil Hitech Eng,613,9.2,5639.600000000000
16,22.0,3.0,10.0,1.0,0,7,Mumbai,Sterlite Power Transmission Ltd,613,9.2,5639.600000000000
18,23.0,2.0,11.0,1.0,0,7,Mumbai,NHPC,608,9.2,5593.600000000000
21,22.0,1.0,12.0,1.0,0,7,Mumbai,Kalpataru Power,608,9.2,5593.600000000000
7,21.0,0.0,9.0,1.0,0,7,Mumbai,Ratnagiri Gas and Power Pvt. Ltd. (RGPPL),364,9.2,3348.8000000000000
7,22.0,2.0,20.0,1.0,0,7,Mumbai,Optibelt Power Transmission India Private Limited,665,9.2,6118.000000000000
11,22.0,0.0,8.0,1.0,0,7,Mumbai,TransRail Lighting,423,9.2,3891.6
14,22.0,1.0,12.0,1.0,0,7,Mumbai,TransRail Lighting,374,9.2,3440.8000000000000
11,23.0,2.0,14.0,1.0,0,7,Mumbai,Bonfiglioli Transmission Pvt. Ltd.,627,9.2,5768.4
17,22.0,0.0,4.0,1.0,0,7,Mumbai,Reliance Energy,475,9.2,4370.0
13,23.0,2.0,6.0,1.0,0,7,Mumbai,SJVN Ltd.,475,9.2,4370.0
6,22.0,0.0,4.0,1.0,0,7,Mumbai,L&T Transmission & Distribution,304,9.2,2796.8000000000000
11,23.0,0.0,13.0,1.0,0,7,Mumbai,NTPC Pvt. Ltd.,525,9.2,4830.0
9,18.0,3.0,3.0,7.0,0,7,Mumbai,GE T&D India Limited,353,9.2,3247.6
13,22.0,2.0,20.0,1.0,0,7,Mumbai,KEC International,566,9.2,5207.2
12,23.0,2.0,15.0,12.0,0,7,Mumbai,JSW Energy Ltd.,566,9.2,5207.2
14,22.0,3.0,16.0,1.0,0,7,Mumbai,Optibelt Power Transmission India Private Limited,547,9.2,5032.4
5,21.0,3.0,10.0,1.0,0,7,Mumbai,Sterlite Power Transmission Ltd,547,9.2,5032.4
12,23.0,2.0,6.0,1.0,0,7,Mumbai,JSW Energy Ltd.,547,9.2,5032.4
16,23.0,2.0,21.0,1.0,0,7,Mumbai,NLC India,642,9.2,5906.4
20,23.0,1.0,15.0,1.0,0,7,Mumbai,NTPC Pvt. Ltd.,642,9.2,5906.4
21,23.0,2.0,16.0,12.0,0,7,Mumbai,Toshiba Transmission & Distribution Systems (India) Pvt. Ltd.,705,9.2,6486.000000000000
21,23.0,3.0,7.0,1.0,0,7,Mumbai,Ratnagiri Gas and Power Pvt. Ltd. (RGPPL),518,9.2,4765.600000000000
16,22.0,0.0,8.0,1.0,0,7,Mumbai,Reliance Energy,518,9.2,4765.600000000000
10,23.0,0.0,22.0,1.0,0,7,Mumbai,NHPC,518,9.2,4765.600000000000
22,23.0,3.0,12.0,1.0,0,7,Mumbai,Sterlite Power Transmission Ltd,518,9.2,4765.600000000000
19,22.0,2.0,3.0,12.0,0,7,Mumbai,"Maha Transco – Maharashtra State Electricity Transmission Co, Ltd.",593,9.2,5455.600000000000
10,17.0,0.0,9.0,1.0,0,7,Mumbai,Optibelt Power Transmission India Private Limited,365,9.2,3358.0000000000000
18,22.0,0.0,11.0,1.0,0,7,Mumbai,Unitech Power Transmission Ltd.,478,9.2,4397.600000000000
16,22.0,2.0,11.0,1.0,0,7,Mumbai,Power Grid Corp,629,9.2,5786.800000000000
23,23.0,1.0,16.0,1.0,0,7,Mumbai,Unitech Power Transmission Ltd.,624,9.2,5740.800000000000
21,23.0,3.0,17.0,1.0,0,7,Mumbai,Sterlite Power Transmission Ltd,612,9.2,5630.4
8,20.0,3.0,19.0,1.0,0,7,Mumbai,Reliance Power,612,9.2,5630.4
18,23.0,2.0,18.0,1.0,0,7,Mumbai,Unitech Power Transmission Ltd.,653,9.2,6007.600000000000
16,23.0,1.0,10.0,1.0,0,7,Mumbai,Ringfeder Power Transmission India Pvt. Ltd.,379,9.2,3486.8000000000000
9,20.0,3.0,11.0,1.0,0,7,Mumbai,Sterlite Power Transmission Ltd,379,9.2,3486.8000000000000
9,17.0,2.0,4.0,1.0,0,7,Mumbai,L&T Transmission & Distribution,292,9.2,2686.4000000000000
22,22.0,2.0,7.0,12.0,0,7,Mumbai,Kalpataru Power,503,9.2,4627.600000000000
8,22.0,1.0,21.0,1.0,0,7,Mumbai,Indowind Energy,537,9.2,4940.4
17,23.0,3.0,6.0,1.0,0,7,Mumbai,GE T&D India Limited,491,9.2,4517.2
7,17.0,1.0,13.0,1.0,0,7,Mumbai,Reliance Energy,286,9.2,2631.2
13,23.0,3.0,11.0,1.0,0,7,Mumbai,SJVN Ltd.,693,9.2,6375.600000000000
15,23.0,1.0,6.0,1.0,0,7,Mumbai,Indowind Energy,459,9.2,4222.800000000000
22,22.0,0.0,11.0,1.0,0,7,Mumbai,Adani Power Ltd.,446,9.2,4103.2
19,22.0,3.0,16.0,1.0,0,7,Mumbai,GE T&D India Limited,592,9.2,5446.4
11,22.0,1.0,21.0,1.0,0,7,Mumbai,Ringfeder Power Transmission India Pvt. Ltd.,592,9.2,5446.4
6,23.0,0.0,22.0,1.0,0,7,Mumbai,Reliance Energy,494,9.2,4544.800000000000
13,23.0,3.0,15.0,1.0,0,7,Mumbai,Indowind Energy,658,9.2,6053.600000000000
15,23.0,3.0,13.0,1.0,0,7,Mumbai,Guj Ind Power,658,9.2,6053.600000000000
18,22.0,2.0,9.0,1.0,0,7,Mumbai,NHPC,658,9.2,6053.600000000000
11,22.0,2.0,19.0,1.0,0,7,Mumbai,NLC India,703,9.2,6467.600000000000
6,21.0,1.0,8.0,1.0,0,7,Mumbai,Tata Power Company Ltd.,322,9.2,2962.4000000000000
21,22.0,0.0,15.0,1.0,0,7,Mumbai,Orient Green,550,9.2,5060.0
9,18.0,3.0,17.0,1.0,0,7,Mumbai,Unitech Power Transmission Ltd.,550,9.2,5060.0
21,23.0,2.0,20.0,1.0,0,7,Mumbai,Neueon Towers / Sujana Towers Ltd.,554,9.2,5096.800000000000
19,22.0,3.0,3.0,1.0,0,7,Mumbai,NTPC Pvt. Ltd.,554,9.2,5096.800000000000
19,22.0,0.0,9.0,1.0,0,7,Mumbai,Kalpataru Power,398,9.2,3661.6
19,22.0,3.0,6.0,1.0,0,7,Mumbai,Jaiprakash Power,450,9.2,4140.0
23,23.0,2.0,21.0,1.0,0,7,Mumbai,Orient Green,779,9.2,7166.800000000000
8,23.0,2.0,17.0,1.0,0,7,Mumbai,Kalpataru Power,681,9.2,6265.2
23,22.0,0.0,17.0,12.0,0,7,Mumbai,Kalpataru Power,671,9.2,6173.2
22,22.0,3.0,18.0,1.0,0,7,Mumbai,Bonfiglioli Transmission Pvt. Ltd.,782,9.2,7194.4
9,21.0,0.0,7.0,1.0,0,7,Mumbai,Sunil Hitech Eng,452,9.2,4158.4
18,23.0,1.0,6.0,1.0,0,7,Mumbai,GE T&D India Limited,452,9.2,4158.4
11,22.0,0.0,12.0,1.0,0,7,Mumbai,Indowind Energy,335,9.2,3082.0000000000000
21,23.0,2.0,16.0,1.0,0,7,Mumbai,GE T&D India Limited,605,9.2,5566.0
5,22.0,2.0,15.0,1.0,0,7,Mumbai,Ratnagiri Gas and Power Pvt. Ltd. (RGPPL),377,9.2,3468.4000000000000
23,23.0,1.0,12.0,12.0,0,7,Mumbai,Unitech Power Transmission Ltd.,766,9.2,7047.2
5,17.0,0.0,7.0,1.0,0,7,Mumbai,NHPC,187,9.2,1720.4000000000000
19,22.0,1.0,17.0,1.0,0,7,Mumbai,Orient Green,659,9.2,6062.800000000000
12,22.0,1.0,14.0,12.0,0,7,Mumbai,Jyoti Structure,731,9.2,6725.2
22,23.0,2.0,9.0,1.0,0,7,Mumbai,Orient Green,472,9.2,4342.4
15,22.0,3.0,22.0,12.0,0,7,Mumbai,NLC India,769,9.2,7074.800000000000
6,17.0,2.0,7.0,1.0,0,7,Mumbai,Jyoti Structure,271,9.2,2493.2
12,22.0,1.0,5.0,1.0,0,7,Mumbai,NTPC Pvt. Ltd.,344,9.2,3164.8000000000000
15,22.0,0.0,8.0,1.0,0,7,Mumbai,Orient Green,313,9.2,2879.6
22,23.0,2.0,18.0,1.0,0,7,Mumbai,Power Grid Corp,737,9.2,6780.4
23,23.0,3.0,21.0,1.0,0,7,Mumbai,Jaiprakash Power,844,9.2,7764.800000000000
18,23.0,3.0,17.0,1.0,0,7,Mumbai,Indowind Energy,778,9.2,7157.600000000000
9,18.0,1.0,17.0,1.0,0,7,Mumbai,"Maha Transco – Maharashtra State Electricity Transmission Co, Ltd.",329,9.2,3026.8000000000000
23,23.0,3.0,19.0,12.0,0,7,Mumbai,NTPC Pvt. Ltd.,892,9.2,8206.4
22,23.0,0.0,15.0,1.0,0,7,New Delhi,Neueon Towers / Sujana Towers Ltd.,553,8.5,4700.5
14,22.0,3.0,5.0,1.0,0,7,New Delhi,TransRail Lighting,553,8.5,4700.5
13,23.0,3.0,20.0,1.0,0,7,New Delhi,Kalpataru Power,704,8.5,5984.0
23,23.0,3.0,8.0,1.0,0,7,New Delhi,Power Grid Corp,532,8.5,4522.0
20,23.0,0.0,21.0,1.0,0,7,New Delhi,Neueon Towers / Sujana Towers Ltd.,581,8.5,4938.5
8,22.0,3.0,21.0,1.0,0,7,New Delhi,NLC India,696,8.5,5916.0
12,22.0,3.0,5.0,1.0,0,7,New Delhi,Toshiba Transmission & Distribution Systems (India) Pvt. Ltd.,435,8.5,3697.5
23,22.0,3.0,20.0,1.0,0,7,New Delhi,KEC International,712,8.5,6052.0
15,23.0,3.0,7.0,1.0,0,7,New Delhi,SJVN Ltd.,651,8.5,5533.5
23,23.0,3.0,16.0,1.0,0,7,New Delhi,TransRail Lighting,577,8.5,4904.5
23,22.0,1.0,3.0,1.0,0,7,New Delhi,Ratnagiri Gas and Power Pvt. Ltd. (RGPPL),386,8.5,3281.0
17,23.0,2.0,16.0,1.0,0,7,New Delhi,Toshiba Transmission & Distribution Systems (India) Pvt. Ltd.,561,8.5,4768.5
10,22.0,0.0,22.0,1.0,0,7,New Delhi,CESC,561,8.5,4768.5
23,22.0,3.0,19.0,1.0,0,7,New Delhi,Jyoti Structure,561,8.5,4768.5
12,23.0,2.0,9.0,1.0,0,7,New Delhi,Orient Green,541,8.5,4598.5
23,23.0,2.0,16.0,1.0,0,7,New Delhi,Bonfiglioli Transmission Pvt. Ltd.,541,8.5,4598.5
6,23.0,1.0,21.0,1.0,0,7,New Delhi,Torrent Power Ltd.,450,8.5,3825.0
11,23.0,2.0,14.0,1.0,0,7,New Delhi,Sunil Hitech Eng,673,8.5,5720.5
23,22.0,2.0,8.0,1.0,0,7,New Delhi,Guj Ind Power,549,8.5,4666.5
10,22.0,3.0,8.0,1.0,0,7,New Delhi,Ratnagiri Gas and Power Pvt. Ltd. (RGPPL),432,8.5,3672.0
13,23.0,0.0,10.0,12.0,0,7,New Delhi,Sterlite Power Transmission Ltd,615,8.5,5227.5
6,21.0,2.0,16.0,1.0,0,7,New Delhi,Torrent Power Ltd.,615,8.5,5227.5
19,22.0,3.0,9.0,1.0,0,7,New Delhi,Reliance Energy,460,8.5,3910.0
14,23.0,0.0,4.0,1.0,0,7,New Delhi,Toshiba Transmission & Distribution Systems (India) Pvt. Ltd.,429,8.5,3646.5
21,23.0,0.0,10.0,1.0,0,7,New Delhi,Optibelt Power Transmission India Private Limited,429,8.5,3646.5
6,21.0,0.0,11.0,7.0,0,7,New Delhi,JSW Energy Ltd.,429,8.5,3646.5
5,19.0,2.0,14.0,1.0,0,7,New Delhi,Bonfiglioli Transmission Pvt. Ltd.,419,8.5,3561.5
20,23.0,3.0,9.0,1.0,0,7,New Delhi,Reliance Energy,479,8.5,4071.5
16,23.0,0.0,14.0,12.0,0,7,New Delhi,Sterlite Power Transmission Ltd,479,8.5,4071.5
19,22.0,2.0,7.0,1.0,0,7,New Delhi,L&T Transmission & Distribution,573,8.5,4870.5
18,23.0,1.0,12.0,1.0,0,7,New Delhi,Jyoti Structure,635,8.5,5397.5
9,21.0,1.0,12.0,1.0,0,7,New Delhi,Jyoti Structure,383,8.5,3255.5
8,19.0,0.0,6.0,1.0,0,7,New Delhi,JSW Energy Ltd.,371,8.5,3153.5
17,22.0,0.0,14.0,1.0,0,7,New Delhi,Reliance Energy,629,8.5,5346.5
5,23.0,3.0,7.0,1.0,0,7,New Delhi,Kalpataru Power,381,8.5,3238.5
11,23.0,3.0,5.0,12.0,0,7,New Delhi,Ratnagiri Gas and Power Pvt. Ltd. (RGPPL),538,8.5,4573.0
17,22.0,0.0,11.0,1.0,0,7,New Delhi,Adani Power Ltd.,538,8.5,4573.0
20,22.0,1.0,21.0,1.0,0,7,New Delhi,TransRail Lighting,538,8.5,4573.0
11,22.0,3.0,9.0,1.0,0,7,New Delhi,Optibelt Power Transmission India Private Limited,595,8.5,5057.5
16,22.0,3.0,3.0,1.0,0,7,New Delhi,Torrent Power Ltd.,595,8.5,5057.5
11,22.0,3.0,22.0,1.0,0,7,New Delhi,NTPC Pvt. Ltd.,592,8.5,5032.0
19,23.0,1.0,4.0,1.0,0,7,New Delhi,Indowind Energy,414,8.5,3519.0
12,23.0,0.0,15.0,1.0,0,7,New Delhi,Torrent Power Ltd.,414,8.5,3519.0
16,23.0,0.0,11.0,12.0,0,7,New Delhi,GE T&D India Limited,610,8.5,5185.0
18,23.0,3.0,16.0,1.0,0,7,New Delhi,GE T&D India Limited,714,8.5,6069.0
13,23.0,1.0,15.0,1.0,0,7,New Delhi,Neueon Towers / Sujana Towers Ltd.,481,8.5,4088.5
6,21.0,2.0,3.0,1.0,0,7,New Delhi,Guj Ind Power,481,8.5,4088.5
10,23.0,1.0,14.0,1.0,0,7,New Delhi,Adani Power Ltd.,481,8.5,4088.5
6,23.0,3.0,4.0,1.0,0,7,New Delhi,Adani Power Ltd.,481,8.5,4088.5
11,23.0,1.0,3.0,1.0,0,7,New Delhi,Optibelt Power Transmission India Private Limited,499,8.5,4241.5
20,22.0,0.0,17.0,1.0,0,7,New Delhi,Adani Power Ltd.,670,8.5,5695.0
14,22.0,2.0,22.0,12.0,0,7,New Delhi,Toshiba Transmission & Distribution Systems (India) Pvt. Ltd.,756,8.5,6426.0
11,23.0,1.0,5.0,1.0,0,7,New Delhi,Tata Power Company Ltd.,548,8.5,4658.0
21,23.0,2.0,20.0,12.0,0,7,New Delhi,Tata Power Company Ltd.,672,8.5,5712.0
13,22.0,0.0,21.0,1.0,0,7,New Delhi,Neueon Towers / Sujana Towers Ltd.,672,8.5,5712.0
18,23.0,1.0,13.0,1.0,0,7,New Delhi,Sunil Hitech Eng,500,8.5,4250.0
12,22.0,1.0,12.0,1.0,0,7,New Delhi,CESC,576,8.5,4896.0
7,19.0,3.0,14.0,1.0,0,7,New Delhi,"Maha Transco – Maharashtra State Electricity Transmission Co, Ltd.",441,8.5,3748.5
8,22.0,0.0,4.0,1.0,0,7,New Delhi,GE T&D India Limited,490,8.5,4165.0
8,23.0,1.0,16.0,7.0,0,7,New Delhi,Unitech Power Transmission Ltd.,609,8.5,5176.5
15,23.0,0.0,6.0,1.0,0,7,New Delhi,Jyoti Structure,330,8.5,2805.0
21,23.0,2.0,17.0,1.0,0,7,New Delhi,TransRail Lighting,689,8.5,5856.5
7,19.0,1.0,15.0,1.0,0,7,New Delhi,Unitech Power Transmission Ltd.,443,8.5,3765.5
5,17.0,1.0,18.0,1.0,0,7,New Delhi,NLC India,443,8.5,3765.5
15,23.0,2.0,22.0,1.0,0,7,New Delhi,NLC India,680,8.5,5780.0
15,22.0,0.0,14.0,1.0,0,7,New Delhi,L&T Transmission & Distribution,403,8.5,3425.5
12,22.0,2.0,6.0,1.0,0,7,New Delhi,GE T&D India Limited,523,8.5,4445.5
21,23.0,2.0,14.0,1.0,0,7,New Delhi,Tata Power Company Ltd.,617,8.5,5244.5
18,22.0,2.0,14.0,1.0,0,7,New Delhi,Orient Green,529,8.5,4496.5
16,22.0,2.0,10.0,1.0,0,7,New Delhi,KEC International,388,8.5,3298.0
21,23.0,2.0,20.0,1.0,0,7,New Delhi,Neueon Towers / Sujana Towers Ltd.,522,8.5,4437.0
20,23.0,3.0,3.0,1.0,0,7,New Delhi,SJVN Ltd.,454,8.5,3859.0
14,23.0,3.0,7.0,12.0,0,7,New Delhi,Sterlite Power Transmission Ltd,496,8.5,4216.0
19,23.0,1.0,8.0,1.0,0,7,New Delhi,Guj Ind Power,375,8.5,3187.5
15,23.0,1.0,8.0,1.0,0,7,New Delhi,Ringfeder Power Transmission India Pvt. Ltd.,480,8.5,4080.0
20,22.0,2.0,3.0,1.0,0,7,New Delhi,Toshiba Transmission & Distribution Systems (India) Pvt. Ltd.,458,8.5,3893.0
6,17.0,1.0,21.0,1.0,0,7,New Delhi,Guj Ind Power,458,8.5,3893.0
21,22.0,3.0,5.0,1.0,0,7,New Delhi,JSW Energy Ltd.,458,8.5,3893.0
11,22.0,0.0,18.0,1.0,0,7,New Delhi,Power Grid Corp,624,8.5,5304.0
6,22.0,3.0,4.0,1.0,0,7,New Delhi,Ringfeder Power Transmission India Pvt. Ltd.,370,8.5,3145.0
14,23.0,2.0,16.0,1.0,0,7,New Delhi,NLC India,535,8.5,4547.5
12,23.0,2.0,11.0,12.0,0,7,New Delhi,Ringfeder Power Transmission India Pvt. Ltd.,616,8.5,5236.0
6,18.0,1.0,13.0,1.0,0,7,New Delhi,CESC,494,8.5,4199.0
21,23.0,3.0,12.0,1.0,0,7,New Delhi,NLC India,671,8.5,5703.5
10,19.0,2.0,13.0,1.0,0,7,New Delhi,Ratnagiri Gas and Power Pvt. Ltd. (RGPPL),447,8.5,3799.5
12,22.0,3.0,6.0,1.0,0,7,New Delhi,Tata Power Company Ltd.,369,8.5,3136.5
6,18.0,3.0,20.0,1.0,0,7,New Delhi,Unitech Power Transmission Ltd.,526,8.5,4471.0
20,23.0,1.0,17.0,1.0,0,7,New Delhi,NHPC,526,8.5,4471.0
23,22.0,1.0,5.0,1.0,0,7,New Delhi,Ringfeder Power Transmission India Pvt. Ltd.,449,8.5,3816.5
15,22.0,1.0,5.0,1.0,0,7,New Delhi,Jaiprakash Power,449,8.5,3816.5
23,23.0,0.0,18.0,12.0,0,7,New Delhi,L&T Transmission & Distribution,648,8.5,5508.0
17,23.0,0.0,11.0,1.0,0,7,New Delhi,Jaiprakash Power,444,8.5,3774.0
6,20.0,0.0,6.0,7.0,0,7,New Delhi,NHPC,410,8.5,3485.0
10,21.0,3.0,6.0,1.0,0,7,New Delhi,Jyoti Structure,518,8.5,4403.0
14,23.0,1.0,10.0,1.0,0,7,New Delhi,KEC International,518,8.5,4403.0
6,20.0,0.0,17.0,1.0,0,7,New Delhi,Bonfiglioli Transmission Pvt. Ltd.,332,8.5,2822.0
9,22.0,2.0,19.0,1.0,0,7,New Delhi,Bonfiglioli Transmission Pvt. Ltd.,498,8.5,4233.0
6,19.0,2.0,6.0,1.0,0,7,New Delhi,Bonfiglioli Transmission Pvt. Ltd.,279,8.5,2371.5
10,20.0,1.0,16.0,1.0,0,7,New Delhi,Jyoti Structure,582,8.5,4947.0
7,17.0,3.0,11.0,7.0,0,7,New Delhi,Power Grid Corp,560,8.5,4760.0
18,22.0,0.0,4.0,1.0,0,7,New Delhi,GE T&D India Limited,524,8.5,4454.0
18,22.0,1.0,16.0,1.0,0,7,New Delhi,TransRail Lighting,524,8.5,4454.0
9,22.0,1.0,8.0,7.0,0,7,New Delhi,Adani Power Ltd.,430,8.5,3655.0
7,23.0,1.0,12.0,1.0,0,7,New Delhi,"Maha Transco – Maharashtra State Electricity Transmission Co, Ltd.",489,8.5,4156.5
21,22.0,0.0,21.0,1.0,0,7,New Delhi,Guj Ind Power,489,8.5,4156.5
19,23.0,2.0,16.0,1.0,0,7,New Delhi,KEC International,579,8.5,4921.5
10,19.0,3.0,9.0,1.0,0,7,New Delhi,Ringfeder Power Transmission India Pvt. Ltd.,336,8.5,2856.0
19,22.0,3.0,6.0,12.0,0,7,New Delhi,Toshiba Transmission & Distribution Systems (India) Pvt. Ltd.,772,8.5,6562.0
16,22.0,0.0,22.0,12.0,0,7,New Delhi,Adani Power Ltd.,772,8.5,6562.0
23,23.0,2.0,7.0,1.0,0,7,New Delhi,JSW Energy Ltd.,551,8.5,4683.5
23,22.0,3.0,22.0,1.0,0,7,New Delhi,GE T&D India Limited,655,8.5,5567.5
7,21.0,0.0,8.0,7.0,0,7,New Delhi,Bonfiglioli Transmission Pvt. Ltd.,515,8.5,4377.5
15,22.0,3.0,9.0,1.0,0,7,New Delhi,NHPC,507,8.5,4309.5
15,22.0,2.0,21.0,1.0,0,7,New Delhi,Guj Ind Power,642,8.5,5457.0
7,19.0,2.0,19.0,1.0,0,7,New Delhi,NTPC Pvt. Ltd.,493,8.5,4190.5
16,22.0,0.0,7.0,12.0,0,7,New Delhi,Jaiprakash Power,559,8.5,4751.5
13,22.0,1.0,22.0,12.0,0,7,New Delhi,NHPC,559,8.5,4751.5
22,22.0,0.0,3.0,12.0,0,7,New Delhi,Tata Power Company Ltd.,434,8.5,3689.0
5,20.0,1.0,7.0,1.0,0,7,New Delhi,Orient Green,434,8.5,3689.0
22,23.0,1.0,7.0,12.0,0,7,New Delhi,Reliance Energy,640,8.5,5440.0
23,22.0,3.0,19.0,1.0,0,7,New Delhi,GE T&D India Limited,583,8.5,4955.5
11,22.0,1.0,4.0,1.0,0,7,New Delhi,Adani Power Ltd.,396,8.5,3366.0
11,23.0,1.0,21.0,1.0,0,7,New Delhi,Sunil Hitech Eng,451,8.5,3833.5
21,22.0,2.0,19.0,1.0,0,7,New Delhi,Reliance Power,657,8.5,5584.5
11,23.0,1.0,10.0,1.0,0,7,New Delhi,Unitech Power Transmission Ltd.,477,8.5,4054.5
16,23.0,1.0,10.0,1.0,0,7,New Delhi,Indowind Energy,584,8.5,4964.0
11,23.0,2.0,13.0,1.0,0,7,New Delhi,Toshiba Transmission & Distribution Systems (India) Pvt. Ltd.,497,8.5,4224.5
7,22.0,0.0,10.0,1.0,0,7,New Delhi,L&T Transmission & Distribution,406,8.5,3451.0
17,23.0,1.0,8.0,1.0,0,7,New Delhi,Reliance Energy,406,8.5,3451.0
12,22.0,0.0,8.0,1.0,0,7,New Delhi,Reliance Power,355,8.5,3017.5
20,23.0,2.0,4.0,1.0,0,7,New Delhi,Guj Ind Power,636,8.5,5406.0
6,18.0,3.0,8.0,7.0,0,7,New Delhi,Ratnagiri Gas and Power Pvt. Ltd. (RGPPL),390,8.5,3315.0
10,19.0,2.0,11.0,1.0,0,7,New Delhi,SJVN Ltd.,390,8.5,3315.0
20,22.0,3.0,4.0,1.0,0,7,New Delhi,Guj Ind Power,382,8.5,3247.0
12,23.0,1.0,6.0,1.0,0,7,New Delhi,Power Grid Corp,466,8.5,3961.0
19,23.0,3.0,9.0,1.0,0,7,New Delhi,Unitech Power Transmission Ltd.,556,8.5,4726.0
12,22.0,3.0,8.0,1.0,0,7,New Delhi,Ringfeder Power Transmission India Pvt. Ltd.,405,8.5,3442.5
15,23.0,0.0,5.0,1.0,0,7,New Delhi,Jaiprakash Power,368,8.5,3128.0
7,20.0,0.0,13.0,1.0,0,7,New Delhi,TransRail Lighting,465,8.5,3952.5
11,23.0,1.0,16.0,1.0,0,7,New Delhi,NTPC Pvt. Ltd.,516,8.5,4386.0
11,22.0,1.0,9.0,1.0,0,7,New Delhi,Unitech Power Transmission Ltd.,506,8.5,4301.0
10,21.0,0.0,10.0,7.0,0,7,New Delhi,Jyoti Structure,506,8.5,4301.0
15,23.0,0.0,19.0,12.0,0,7,New Delhi,Sterlite Power Transmission Ltd,572,8.5,4862.0
15,22.0,3.0,20.0,1.0,0,7,New Delhi,Reliance Energy,572,8.5,4862.0
17,23.0,0.0,17.0,12.0,0,7,New Delhi,Ratnagiri Gas and Power Pvt. Ltd. (RGPPL),563,8.5,4785.5
7,17.0,2.0,17.0,7.0,0,7,New Delhi,Orient Green,612,8.5,5202.0
17,23.0,1.0,14.0,1.0,0,7,New Delhi,GE T&D India Limited,608,8.5,5168.0
7,21.0,2.0,6.0,1.0,0,7,New Delhi,SJVN Ltd.,315,8.5,2677.5
16,23.0,1.0,14.0,1.0,0,7,New Delhi,Adani Power Ltd.,611,8.5,5193.5
14,22.0,1.0,18.0,1.0,0,7,New Delhi,Bonfiglioli Transmission Pvt. Ltd.,513,8.5,4360.5
12,23.0,0.0,18.0,1.0,0,7,New Delhi,Torrent Power Ltd.,575,8.5,4887.5
21,23.0,1.0,21.0,1.0,0,7,New Delhi,NTPC Pvt. Ltd.,575,8.5,4887.5
7,20.0,1.0,11.0,1.0,0,7,New Delhi,Sterlite Power Transmission Ltd,475,8.5,4037.5
12,23.0,1.0,8.0,1.0,0,7,New Delhi,L&T Transmission & Distribution,475,8.5,4037.5
15,22.0,0.0,4.0,1.0,0,7,New Delhi,TransRail Lighting,455,8.5,3867.5
19,23.0,1.0,12.0,1.0,0,7,New Delhi,Bonfiglioli Transmission Pvt. Ltd.,455,8.5,3867.5
5,17.0,1.0,22.0,7.0,0,7,New Delhi,Jaiprakash Power,462,8.5,3927.0
17,22.0,0.0,11.0,12.0,0,7,New Delhi,Reliance Power,486,8.5,4131.0
13,23.0,0.0,15.0,1.0,0,7,New Delhi,Optibelt Power Transmission India Private Limited,420,8.5,3570.0
9,17.0,3.0,11.0,1.0,0,7,New Delhi,SJVN Ltd.,558,8.5,4743.0
10,23.0,3.0,13.0,1.0,0,7,New Delhi,JSW Energy Ltd.,558,8.5,4743.0
14,22.0,3.0,20.0,1.0,0,7,New Delhi,Toshiba Transmission & Distribution Systems (India) Pvt. Ltd.,558,8.5,4743.0
13,22.0,3.0,22.0,1.0,0,7,New Delhi,Reliance Power,656,8.5,5576.0
22,23.0,2.0,13.0,1.0,0,7,New Delhi,Reliance Power,662,8.5,5627.0
23,23.0,1.0,12.0,12.0,0,7,New Delhi,Ringfeder Power Transmission India Pvt. Ltd.,773,8.5,6570.5
14,23.0,3.0,20.0,1.0,0,7,New Delhi,Torrent Power Ltd.,702,8.5,5967.0
19,23.0,2.0,8.0,1.0,0,7,New Delhi,Reliance Power,472,8.5,4012.0
21,23.0,3.0,11.0,1.0,0,7,New Delhi,Kalpataru Power,649,8.5,5516.5
7,20.0,0.0,5.0,1.0,0,7,New Delhi,Sunil Hitech Eng,427,8.5,3629.5
17,23.0,0.0,17.0,1.0,0,7,New Delhi,Tata Power Company Ltd.,540,8.5,4590.0
21,23.0,1.0,10.0,1.0,0,7,New Delhi,Unitech Power Transmission Ltd.,585,8.5,4972.5
16,23.0,0.0,11.0,1.0,0,7,New Delhi,Power Grid Corp,525,8.5,4462.5
9,19.0,0.0,21.0,7.0,0,7,New Delhi,Neueon Towers / Sujana Towers Ltd.,621,8.5,5278.5
10,19.0,0.0,21.0,7.0,0,7,New Delhi,NTPC Pvt. Ltd.,505,8.5,4292.5
21,22.0,3.0,5.0,1.0,0,7,New Delhi,Toshiba Transmission & Distribution Systems (India) Pvt. Ltd.,505,8.5,4292.5
7,18.0,0.0,12.0,1.0,0,7,New Delhi,Unitech Power Transmission Ltd.,349,8.5,2966.5
14,23.0,2.0,20.0,12.0,0,7,New Delhi,Jyoti Structure,630,8.5,5355.0
8,17.0,0.0,9.0,1.0,0,7,New Delhi,KEC International,448,8.5,3808.0
5,20.0,3.0,15.0,1.0,0,7,New Delhi,Optibelt Power Transmission India Private Limited,601,8.5,5108.5
17,23.0,0.0,17.0,1.0,0,7,New Delhi,Toshiba Transmission & Distribution Systems (India) Pvt. Ltd.,627,8.5,5329.5
10,20.0,3.0,21.0,7.0,0,7,New Delhi,KEC International,607,8.5,5159.5
18,22.0,3.0,16.0,12.0,0,7,New Delhi,L&T Transmission & Distribution,607,8.5,5159.5
15,23.0,3.0,16.0,12.0,0,7,New Delhi,Sunil Hitech Eng,687,8.5,5839.5
8,19.0,2.0,11.0,1.0,0,7,New Delhi,Toshiba Transmission & Distribution Systems (India) Pvt. Ltd.,343,8.5,2915.5
13,23.0,1.0,4.0,1.0,0,7,New Delhi,NTPC Pvt. Ltd.,379,8.5,3221.5
8,23.0,1.0,15.0,1.0,0,7,New Delhi,KEC International,491,8.5,4173.5
21,23.0,2.0,8.0,1.0,0,7,New Delhi,"Maha Transco – Maharashtra State Electricity Transmission Co, Ltd.",491,8.5,4173.5
20,22.0,3.0,21.0,1.0,0,7,New Delhi,Tata Power Company Ltd.,700,8.5,5950.0
23,23.0,2.0,18.0,1.0,0,7,New Delhi,Sunil Hitech Eng,517,8.5,4394.5
19,23.0,3.0,12.0,1.0,0,7,New Delhi,NLC India,652,8.5,5542.0
17,23.0,0.0,21.0,1.0,0,7,New Delhi,Power Grid Corp,619,8.5,5261.5
14,23.0,0.0,5.0,1.0,0,7,New Delhi,SJVN Ltd.,335,8.5,2847.5
21,23.0,1.0,15.0,1.0,0,7,New Delhi,Indowind Energy,483,8.5,4105.5
5,23.0,1.0,20.0,7.0,0,7,New Delhi,Power Grid Corp,699,8.5,5941.5
11,23.0,1.0,8.0,1.0,0,7,New Delhi,Guj Ind Power,482,8.5,4097.0
11,23.0,3.0,4.0,1.0,0,7,New Delhi,Reliance Power,482,8.5,4097.0
21,23.0,3.0,7.0,1.0,0,7,New Delhi,NTPC Pvt. Ltd.,668,8.5,5678.0
7,19.0,3.0,7.0,1.0,0,7,New Delhi,Kalpataru Power,495,8.5,4207.5
23,22.0,3.0,3.0,1.0,0,7,New Delhi,Ringfeder Power Transmission India Pvt. Ltd.,613,8.5,5210.5
14,23.0,0.0,18.0,12.0,0,7,New Delhi,Orient Green,613,8.5,5210.5
21,23.0,3.0,15.0,12.0,0,7,New Delhi,Reliance Power,625,8.5,5312.5
6,19.0,1.0,15.0,1.0,0,7,New Delhi,Jyoti Structure,508,8.5,4318.0
13,22.0,0.0,6.0,1.0,0,7,New Delhi,KEC International,502,8.5,4267.0
7,18.0,0.0,4.0,1.0,0,7,New Delhi,Jyoti Structure,283,8.5,2405.5
15,22.0,3.0,19.0,1.0,0,7,New Delhi,L&T Transmission & Distribution,641,8.5,5448.5
13,23.0,3.0,5.0,1.0,0,7,New Delhi,L&T Transmission & Distribution,437,8.5,3714.5
9,18.0,2.0,9.0,1.0,0,7,New Delhi,KEC International,437,8.5,3714.5
8,19.0,2.0,12.0,1.0,0,7,New Delhi,Neueon Towers / Sujana Towers Ltd.,356,8.5,3026.0
21,22.0,1.0,22.0,12.0,0,7,New Delhi,TransRail Lighting,661,8.5,5618.5
17,22.0,2.0,16.0,12.0,0,7,New Delhi,L&T Transmission & Distribution,765,8.5,6502.5
16,22.0,2.0,20.0,12.0,0,7,New Delhi,CESC,771,8.5,6553.5
9,21.0,0.0,10.0,1.0,0,7,New Delhi,CESC,333,8.5,2830.5
21,23.0,2.0,11.0,1.0,0,7,New Delhi,Orient Green,676,8.5,5746.0
6,17.0,0.0,6.0,1.0,0,7,New Delhi,Ringfeder Power Transmission India Pvt. Ltd.,205,8.5,1742.5
22,23.0,1.0,5.0,12.0,0,7,New Delhi,JSW Energy Ltd.,626,8.5,5321.0
18,23.0,3.0,10.0,12.0,0,7,New Delhi,Adani Power Ltd.,626,8.5,5321.0
19,23.0,0.0,22.0,1.0,0,7,New Delhi,SJVN Ltd.,626,8.5,5321.0
6,18.0,2.0,11.0,1.0,0,7,New Delhi,Power Grid Corp,391,8.5,3323.5
8,20.0,1.0,6.0,1.0,0,7,New Delhi,JSW Energy Ltd.,391,8.5,3323.5
15,22.0,3.0,13.0,1.0,0,7,New Delhi,Neueon Towers / Sujana Towers Ltd.,703,8.5,5975.5
14,23.0,2.0,15.0,1.0,0,7,New Delhi,NLC India,703,8.5,5975.5
19,23.0,1.0,21.0,1.0,0,7,New Delhi,L&T Transmission & Distribution,735,8.5,6247.5
21,22.0,3.0,19.0,1.0,0,7,New Delhi,Reliance Energy,725,8.5,6162.5
21,23.0,1.0,20.0,12.0,0,7,New Delhi,Optibelt Power Transmission India Private Limited,862,8.5,7327.0
13,23.0,3.0,21.0,1.0,0,7,New Delhi,"Maha Transco – Maharashtra State Electricity Transmission Co, Ltd.",770,8.5,6545.0
20,23.0,3.0,21.0,1.0,0,7,New Delhi,Unitech Power Transmission Ltd.,803,8.5,6825.5
23,22.0,3.0,11.0,12.0,0,7,New Delhi,Adani Power Ltd.,825,8.5,7012.5
17,22.0,1.0,19.0,12.0,0,7,New Delhi,L&T Transmission & Distribution,760,8.5,6460.0
15,23.0,2.0,21.0,1.0,0,7,New Delhi,SJVN Ltd.,760,8.5,6460.0
23,23.0,3.0,21.0,1.0,0,7,New Delhi,Jyoti Structure,739,8.5,6281.5
21,22.0,1.0,17.0,12.0,0,7,New Delhi,NTPC Pvt. Ltd.,788,8.5,6698.0
11,23.0,3.0,20.0,12.0,0,7,New Delhi,JSW Energy Ltd.,861,8.5,7318.5
19,23.0,1.0,9.0,12.0,0,8,Hyderabad,Toshiba Transmission & Distribution Systems (India) Pvt. Ltd.,704,8.4,5913.6
23,22.0,3.0,17.0,1.0,0,8,Hyderabad,Reliance Energy,682,8.4,5728.8
8,20.0,3.0,13.0,7.0,0,8,Hyderabad,Kalpataru Power,594,8.4,4989.6
14,22.0,3.0,5.0,1.0,0,8,Hyderabad,L&T Transmission & Distribution,594,8.4,4989.6
9,18.0,3.0,18.0,7.0,0,8,Hyderabad,Jyoti Structure,528,8.4,4435.2
20,22.0,2.0,8.0,12.0,0,8,Hyderabad,Power Grid Corp,528,8.4,4435.2
14,23.0,1.0,13.0,1.0,0,8,Hyderabad,Adani Power Ltd.,456,8.4,3830.4
6,21.0,3.0,3.0,7.0,0,8,Hyderabad,Reliance Power,456,8.4,3830.4
20,23.0,1.0,4.0,1.0,0,8,Hyderabad,Jaiprakash Power,456,8.4,3830.4
7,17.0,1.0,17.0,1.0,0,8,Hyderabad,NLC India,475,8.4,3990.0
20,22.0,2.0,4.0,1.0,0,8,Hyderabad,NTPC Pvt. Ltd.,380,8.4,3192.0
18,22.0,1.0,10.0,1.0,0,8,Hyderabad,Jaiprakash Power,405,8.4,3402.0
12,22.0,2.0,10.0,1.0,0,8,Hyderabad,Torrent Power Ltd.,405,8.4,3402.0
14,23.0,3.0,7.0,1.0,0,8,Hyderabad,Indowind Energy,432,8.4,3628.8
21,22.0,1.0,9.0,1.0,0,8,Hyderabad,SJVN Ltd.,498,8.4,4183.2
18,22.0,1.0,6.0,1.0,0,8,Hyderabad,KEC International,415,8.4,3486.0
17,23.0,2.0,7.0,1.0,0,8,Hyderabad,NHPC,415,8.4,3486.0
16,22.0,1.0,4.0,12.0,0,8,Hyderabad,Ratnagiri Gas and Power Pvt. Ltd. (RGPPL),415,8.4,3486.0
6,22.0,3.0,8.0,7.0,0,8,Hyderabad,Neueon Towers / Sujana Towers Ltd.,415,8.4,3486.0
5,23.0,1.0,5.0,1.0,0,8,Hyderabad,Optibelt Power Transmission India Private Limited,444,8.4,3729.6000000000000
11,23.0,1.0,12.0,12.0,0,8,Hyderabad,GE T&D India Limited,669,8.4,5619.6
19,22.0,2.0,19.0,1.0,0,8,Hyderabad,Reliance Energy,599,8.4,5031.6
5,23.0,2.0,18.0,1.0,0,8,Hyderabad,Toshiba Transmission & Distribution Systems (India) Pvt. Ltd.,599,8.4,5031.6
16,22.0,0.0,10.0,1.0,0,8,Hyderabad,Guj Ind Power,587,8.4,4930.8
12,23.0,3.0,6.0,1.0,0,8,Hyderabad,Guj Ind Power,576,8.4,4838.400000000000
15,22.0,0.0,21.0,1.0,0,8,Hyderabad,NTPC Pvt. Ltd.,518,8.4,4351.2
7,19.0,0.0,22.0,1.0,0,8,Hyderabad,JSW Energy Ltd.,589,8.4,4947.6
13,23.0,2.0,22.0,1.0,0,8,Hyderabad,Unitech Power Transmission Ltd.,708,8.4,5947.2
8,22.0,1.0,10.0,1.0,0,8,Hyderabad,Adani Power Ltd.,531,8.4,4460.400000000000
19,22.0,1.0,13.0,1.0,0,8,Hyderabad,KEC International,443,8.4,3721.2000000000000
15,23.0,2.0,15.0,1.0,0,8,Hyderabad,Jyoti Structure,443,8.4,3721.2000000000000
7,22.0,3.0,9.0,1.0,0,8,Hyderabad,Torrent Power Ltd.,443,8.4,3721.2000000000000
18,22.0,0.0,14.0,1.0,0,8,Hyderabad,Guj Ind Power,568,8.4,4771.2
15,23.0,2.0,19.0,1.0,0,8,Hyderabad,Jyoti Structure,615,8.4,5166.0
17,23.0,3.0,17.0,12.0,0,8,Hyderabad,NHPC,615,8.4,5166.0
9,23.0,2.0,21.0,1.0,0,8,Hyderabad,Reliance Energy,615,8.4,5166.0
14,22.0,2.0,13.0,1.0,0,8,Hyderabad,Indowind Energy,452,8.4,3796.8
5,23.0,3.0,13.0,1.0,0,8,Hyderabad,Indowind Energy,452,8.4,3796.8
8,17.0,0.0,19.0,1.0,0,8,Hyderabad,JSW Energy Ltd.,344,8.4,2889.6
22,22.0,1.0,10.0,1.0,0,8,Hyderabad,SJVN Ltd.,397,8.4,3334.8
7,21.0,2.0,5.0,1.0,0,8,Hyderabad,Optibelt Power Transmission India Private Limited,397,8.4,3334.8
5,19.0,2.0,15.0,7.0,0,8,Hyderabad,NTPC Pvt. Ltd.,397,8.4,3334.8
10,17.0,0.0,19.0,1.0,0,8,Hyderabad,Torrent Power Ltd.,397,8.4,3334.8
13,22.0,3.0,11.0,12.0,0,8,Hyderabad,Indowind Energy,519,8.4,4359.6
21,22.0,0.0,5.0,1.0,0,8,Hyderabad,"Maha Transco – Maharashtra State Electricity Transmission Co, Ltd.",421,8.4,3536.4
16,22.0,1.0,10.0,12.0,0,8,Hyderabad,Power Grid Corp,500,8.4,4200.0
23,23.0,2.0,12.0,12.0,0,8,Hyderabad,Neueon Towers / Sujana Towers Ltd.,736,8.4,6182.400000000000
21,22.0,0.0,22.0,1.0,0,8,Hyderabad,Jaiprakash Power,725,8.4,6090.0
10,17.0,1.0,13.0,1.0,0,8,Hyderabad,Bonfiglioli Transmission Pvt. Ltd.,266,8.4,2234.4
20,23.0,0.0,20.0,1.0,0,8,Hyderabad,Guj Ind Power,641,8.4,5384.400000000000
16,22.0,2.0,21.0,1.0,0,8,Hyderabad,Reliance Energy,641,8.4,5384.400000000000
14,22.0,0.0,11.0,1.0,0,8,Hyderabad,Power Grid Corp,490,8.4,4116.0
9,23.0,0.0,10.0,1.0,0,8,Hyderabad,NLC India,490,8.4,4116.0
20,23.0,3.0,5.0,1.0,0,8,Hyderabad,Ringfeder Power Transmission India Pvt. Ltd.,490,8.4,4116.0
16,22.0,0.0,11.0,1.0,0,8,Hyderabad,NHPC,565,8.4,4746.0
23,23.0,0.0,16.0,1.0,0,8,Hyderabad,NLC India,565,8.4,4746.0
17,22.0,0.0,21.0,1.0,0,8,Hyderabad,NTPC Pvt. Ltd.,653,8.4,5485.2
8,23.0,0.0,14.0,7.0,0,8,Hyderabad,Jaiprakash Power,463,8.4,3889.2000000000000
9,23.0,2.0,3.0,1.0,0,8,Hyderabad,Indowind Energy,463,8.4,3889.2000000000000
10,23.0,2.0,12.0,1.0,0,8,Hyderabad,Tata Power Company Ltd.,485,8.4,4074.0
9,18.0,3.0,9.0,7.0,0,8,Hyderabad,L&T Transmission & Distribution,563,8.4,4729.2
8,20.0,1.0,16.0,7.0,0,8,Hyderabad,Tata Power Company Ltd.,614,8.4,5157.6
11,22.0,2.0,14.0,1.0,0,8,Hyderabad,CESC,411,8.4,3452.4
19,22.0,1.0,15.0,1.0,0,8,Hyderabad,NHPC,645,8.4,5418.0
18,22.0,1.0,21.0,1.0,0,8,Hyderabad,Ratnagiri Gas and Power Pvt. Ltd. (RGPPL),604,8.4,5073.6
5,18.0,2.0,20.0,1.0,0,8,Hyderabad,Unitech Power Transmission Ltd.,426,8.4,3578.4
19,23.0,0.0,8.0,1.0,0,8,Hyderabad,Bonfiglioli Transmission Pvt. Ltd.,521,8.4,4376.400000000000
16,23.0,0.0,11.0,1.0,0,8,Hyderabad,NHPC,610,8.4,5124.0
17,23.0,1.0,15.0,1.0,0,8,Hyderabad,Jyoti Structure,610,8.4,5124.0
12,23.0,2.0,18.0,1.0,0,8,Hyderabad,Toshiba Transmission & Distribution Systems (India) Pvt. Ltd.,529,8.4,4443.6
14,23.0,2.0,19.0,1.0,0,8,Hyderabad,Guj Ind Power,629,8.4,5283.6
14,22.0,0.0,3.0,12.0,0,8,Hyderabad,Torrent Power Ltd.,445,8.4,3738.0
16,22.0,0.0,20.0,1.0,0,8,Hyderabad,Adani Power Ltd.,445,8.4,3738.0
18,23.0,3.0,21.0,1.0,0,8,Hyderabad,Orient Green,643,8.4,5401.2
11,22.0,1.0,6.0,1.0,0,8,Hyderabad,Unitech Power Transmission Ltd.,489,8.4,4107.6
5,23.0,0.0,16.0,1.0,0,8,Hyderabad,"Maha Transco – Maharashtra State Electricity Transmission Co, Ltd.",489,8.4,4107.6
18,23.0,3.0,8.0,1.0,0,8,Hyderabad,Neueon Towers / Sujana Towers Ltd.,431,8.4,3620.4
21,22.0,2.0,11.0,1.0,0,8,Hyderabad,Sterlite Power Transmission Ltd,566,8.4,4754.400000000000
10,23.0,0.0,21.0,1.0,0,8,Hyderabad,GE T&D India Limited,399,8.4,3351.6000000000000
17,23.0,1.0,12.0,1.0,0,8,Hyderabad,NHPC,459,8.4,3855.6000000000000
16,22.0,2.0,21.0,1.0,0,8,Hyderabad,Orient Green,613,8.4,5149.2
11,22.0,0.0,11.0,1.0,0,8,Hyderabad,Ringfeder Power Transmission India Pvt. Ltd.,423,8.4,3553.2000000000000
12,23.0,1.0,12.0,1.0,0,8,Hyderabad,NHPC,481,8.4,4040.4
6,21.0,2.0,18.0,1.0,0,8,Hyderabad,Power Grid Corp,617,8.4,5182.8
19,23.0,1.0,20.0,1.0,0,8,Hyderabad,Unitech Power Transmission Ltd.,617,8.4,5182.8
13,22.0,1.0,22.0,1.0,0,8,Hyderabad,TransRail Lighting,639,8.4,5367.6
12,22.0,0.0,6.0,12.0,0,8,Hyderabad,Orient Green,555,8.4,4662.0
19,23.0,0.0,9.0,1.0,0,8,Hyderabad,Indowind Energy,555,8.4,4662.0
21,22.0,2.0,6.0,12.0,0,8,Hyderabad,Orient Green,555,8.4,4662.0
20,22.0,3.0,9.0,1.0,0,8,Hyderabad,JSW Energy Ltd.,555,8.4,4662.0
22,22.0,2.0,12.0,12.0,0,8,Hyderabad,CESC,651,8.4,5468.400000000000
6,20.0,0.0,15.0,1.0,0,8,Hyderabad,Power Grid Corp,446,8.4,3746.4
6,22.0,3.0,20.0,1.0,0,8,Hyderabad,L&T Transmission & Distribution,486,8.4,4082.4
23,23.0,3.0,9.0,1.0,0,8,Hyderabad,Toshiba Transmission & Distribution Systems (India) Pvt. Ltd.,537,8.4,4510.8
22,22.0,2.0,9.0,1.0,0,8,Hyderabad,Sunil Hitech Eng,626,8.4,5258.400000000000
19,23.0,2.0,7.0,12.0,0,8,Hyderabad,NLC India,626,8.4,5258.400000000000
17,23.0,2.0,15.0,1.0,0,8,Hyderabad,Tata Power Company Ltd.,535,8.4,4494.0
7,18.0,2.0,18.0,1.0,0,8,Hyderabad,TransRail Lighting,341,8.4,2864.4
10,17.0,0.0,13.0,1.0,0,8,Hyderabad,Neueon Towers / Sujana Towers Ltd.,441,8.4,3704.4
16,23.0,3.0,22.0,1.0,0,8,Hyderabad,KEC International,559,8.4,4695.6
22,22.0,2.0,13.0,1.0,0,8,Hyderabad,Torrent Power Ltd.,559,8.4,4695.6
20,23.0,3.0,18.0,1.0,0,8,Hyderabad,Kalpataru Power,559,8.4,4695.6
17,22.0,2.0,15.0,1.0,0,8,Hyderabad,Ratnagiri Gas and Power Pvt. Ltd. (RGPPL),468,8.4,3931.2000000000000
9,20.0,0.0,8.0,1.0,0,8,Hyderabad,CESC,468,8.4,3931.2000000000000
21,22.0,3.0,19.0,1.0,0,8,Hyderabad,Jaiprakash Power,690,8.4,5796.0
13,23.0,3.0,6.0,1.0,0,8,Hyderabad,Jaiprakash Power,395,8.4,3318.0
22,22.0,1.0,15.0,1.0,0,8,Hyderabad,Kalpataru Power,667,8.4,5602.8
5,23.0,1.0,15.0,1.0,0,8,Hyderabad,NTPC Pvt. Ltd.,552,8.4,4636.8
8,21.0,1.0,18.0,1.0,0,8,Hyderabad,Reliance Power,534,8.4,4485.6
10,18.0,2.0,22.0,7.0,0,8,Hyderabad,Unitech Power Transmission Ltd.,534,8.4,4485.6
22,23.0,1.0,18.0,1.0,0,8,Hyderabad,Jyoti Structure,713,8.4,5989.2
16,23.0,0.0,3.0,1.0,0,8,Hyderabad,Indowind Energy,369,8.4,3099.6
20,23.0,1.0,21.0,1.0,0,8,Hyderabad,Power Grid Corp,574,8.4,4821.6
18,22.0,0.0,13.0,1.0,0,8,Hyderabad,NTPC Pvt. Ltd.,574,8.4,4821.6
10,23.0,1.0,22.0,1.0,0,8,Hyderabad,CESC,492,8.4,4132.8
8,21.0,3.0,19.0,1.0,0,8,Hyderabad,NHPC,663,8.4,5569.2
16,23.0,2.0,14.0,1.0,0,8,Hyderabad,Indowind Energy,663,8.4,5569.2
8,23.0,0.0,9.0,7.0,0,8,Hyderabad,CESC,546,8.4,4586.400000000000
7,17.0,3.0,3.0,1.0,0,8,Hyderabad,NLC India,296,8.4,2486.4
8,23.0,3.0,4.0,1.0,0,8,Hyderabad,Sunil Hitech Eng,407,8.4,3418.8
22,22.0,0.0,3.0,1.0,0,8,Hyderabad,NLC India,396,8.4,3326.4
8,23.0,2.0,10.0,1.0,0,8,Hyderabad,Neueon Towers / Sujana Towers Ltd.,416,8.4,3494.4
15,23.0,3.0,8.0,1.0,0,8,Hyderabad,Orient Green,637,8.4,5350.8
6,23.0,2.0,20.0,7.0,0,8,Hyderabad,Unitech Power Transmission Ltd.,637,8.4,5350.8
8,22.0,3.0,20.0,7.0,0,8,Hyderabad,Torrent Power Ltd.,533,8.4,4477.2
10,22.0,2.0,12.0,1.0,0,8,Hyderabad,NHPC,361,8.4,3032.4
8,20.0,1.0,10.0,1.0,0,8,Hyderabad,Optibelt Power Transmission India Private Limited,324,8.4,2721.6
7,18.0,3.0,4.0,1.0,0,8,Hyderabad,Reliance Power,417,8.4,3502.8
9,17.0,3.0,22.0,1.0,0,8,Hyderabad,NLC India,417,8.4,3502.8
12,23.0,2.0,7.0,12.0,0,8,Hyderabad,NHPC,564,8.4,4737.6
15,23.0,0.0,3.0,1.0,0,8,Hyderabad,SJVN Ltd.,447,8.4,3754.8
8,21.0,1.0,19.0,1.0,0,8,Hyderabad,Tata Power Company Ltd.,428,8.4,3595.2000000000000
18,23.0,3.0,6.0,1.0,0,8,Hyderabad,Jaiprakash Power,428,8.4,3595.2000000000000
7,22.0,0.0,12.0,1.0,0,8,Hyderabad,L&T Transmission & Distribution,384,8.4,3225.6000000000000
14,23.0,0.0,15.0,1.0,0,8,Hyderabad,Kalpataru Power,385,8.4,3234.0
7,19.0,3.0,22.0,1.0,0,8,Hyderabad,Unitech Power Transmission Ltd.,602,8.4,5056.8
11,23.0,2.0,10.0,1.0,0,8,Hyderabad,Ratnagiri Gas and Power Pvt. Ltd. (RGPPL),482,8.4,4048.8
15,23.0,2.0,20.0,1.0,0,8,Hyderabad,Jaiprakash Power,525,8.4,4410.0
12,23.0,3.0,9.0,1.0,0,8,Hyderabad,NHPC,586,8.4,4922.400000000000
14,23.0,2.0,9.0,1.0,0,8,Hyderabad,Neueon Towers / Sujana Towers Ltd.,586,8.4,4922.400000000000
11,22.0,3.0,21.0,1.0,0,8,Hyderabad,CESC,635,8.4,5334.0
15,23.0,1.0,18.0,12.0,0,8,Hyderabad,Kalpataru Power,685,8.4,5754.0
17,22.0,1.0,5.0,1.0,0,8,Hyderabad,KEC International,430,8.4,3612.0
22,23.0,1.0,3.0,1.0,0,8,Hyderabad,Toshiba Transmission & Distribution Systems (India) Pvt. Ltd.,457,8.4,3838.8
12,22.0,2.0,10.0,1.0,0,8,Hyderabad,Unitech Power Transmission Ltd.,457,8.4,3838.8
20,23.0,1.0,3.0,1.0,0,8,Hyderabad,Sterlite Power Transmission Ltd,590,8.4,4956.0
20,23.0,2.0,21.0,1.0,0,8,Hyderabad,Jyoti Structure,607,8.4,5098.8
23,22.0,2.0,13.0,12.0,0,8,Hyderabad,TransRail Lighting,608,8.4,5107.2
8,20.0,0.0,15.0,7.0,0,8,Hyderabad,NHPC,476,8.4,3998.4
21,23.0,0.0,5.0,1.0,0,8,Hyderabad,Reliance Power,476,8.4,3998.4
19,23.0,2.0,7.0,12.0,0,8,Hyderabad,Sunil Hitech Eng,571,8.4,4796.400000000000
10,18.0,2.0,7.0,1.0,0,8,Hyderabad,Power Grid Corp,382,8.4,3208.8
21,22.0,1.0,11.0,1.0,0,8,Hyderabad,Reliance Energy,412,8.4,3460.8
14,22.0,1.0,9.0,1.0,0,8,Hyderabad,Bonfiglioli Transmission Pvt. Ltd.,579,8.4,4863.6
18,23.0,3.0,10.0,1.0,0,8,Hyderabad,KEC International,579,8.4,4863.6
18,23.0,2.0,3.0,1.0,0,8,Hyderabad,Ringfeder Power Transmission India Pvt. Ltd.,532,8.4,4468.8
19,23.0,3.0,12.0,1.0,0,8,Hyderabad,Unitech Power Transmission Ltd.,465,8.4,3906.0
10,22.0,2.0,5.0,1.0,0,8,Hyderabad,NHPC,560,8.4,4704.0
14,23.0,0.0,16.0,1.0,0,8,Hyderabad,Unitech Power Transmission Ltd.,560,8.4,4704.0
17,23.0,1.0,9.0,1.0,0,8,Hyderabad,Indowind Energy,402,8.4,3376.8
10,23.0,0.0,8.0,1.0,0,8,Hyderabad,TransRail Lighting,334,8.4,2805.6
19,22.0,1.0,15.0,12.0,0,8,Hyderabad,NTPC Pvt. Ltd.,661,8.4,5552.400000000000
7,23.0,3.0,12.0,7.0,0,8,Hyderabad,Guj Ind Power,477,8.4,4006.8
5,19.0,1.0,21.0,7.0,0,8,Hyderabad,CESC,477,8.4,4006.8
6,23.0,2.0,4.0,1.0,0,8,Hyderabad,Guj Ind Power,305,8.4,2562.0
8,21.0,3.0,10.0,1.0,0,8,Hyderabad,Reliance Energy,367,8.4,3082.8
14,22.0,1.0,4.0,12.0,0,8,Hyderabad,Neueon Towers / Sujana Towers Ltd.,505,8.4,4242.0
14,23.0,3.0,8.0,1.0,0,8,Hyderabad,JSW Energy Ltd.,505,8.4,4242.0
22,23.0,3.0,13.0,1.0,0,8,Hyderabad,Guj Ind Power,700,8.4,5880.0
20,22.0,2.0,12.0,1.0,0,8,Hyderabad,L&T Transmission & Distribution,473,8.4,3973.2000000000000
14,23.0,1.0,19.0,1.0,0,8,Hyderabad,Power Grid Corp,436,8.4,3662.4
14,22.0,2.0,3.0,1.0,0,8,Hyderabad,Tata Power Company Ltd.,554,8.4,4653.6
6,19.0,0.0,7.0,1.0,0,8,Hyderabad,TransRail Lighting,427,8.4,3586.8
10,18.0,0.0,7.0,7.0,0,8,Hyderabad,Reliance Energy,352,8.4,2956.8
16,22.0,1.0,20.0,1.0,0,8,Hyderabad,CESC,648,8.4,5443.2
13,23.0,1.0,20.0,12.0,0,8,Hyderabad,JSW Energy Ltd.,548,8.4,4603.2
19,23.0,3.0,5.0,12.0,0,8,Hyderabad,Jyoti Structure,548,8.4,4603.2
6,18.0,2.0,7.0,1.0,0,8,Hyderabad,Jaiprakash Power,320,8.4,2688.0
20,22.0,1.0,14.0,1.0,0,8,Hyderabad,Kalpataru Power,496,8.4,4166.400000000000
13,22.0,1.0,12.0,1.0,0,8,Hyderabad,Torrent Power Ltd.,383,8.4,3217.2000000000000
8,17.0,2.0,17.0,1.0,0,8,Hyderabad,Unitech Power Transmission Ltd.,383,8.4,3217.2000000000000
16,23.0,3.0,20.0,1.0,0,8,Hyderabad,Indowind Energy,662,8.4,5560.8
8,18.0,3.0,8.0,1.0,0,8,Hyderabad,TransRail Lighting,303,8.4,2545.2000000000000
17,22.0,0.0,9.0,1.0,0,8,Hyderabad,"Maha Transco – Maharashtra State Electricity Transmission Co, Ltd.",364,8.4,3057.6
13,22.0,1.0,4.0,12.0,0,8,Hyderabad,Jaiprakash Power,575,8.4,4830.0
15,23.0,0.0,13.0,1.0,0,8,Hyderabad,Jyoti Structure,575,8.4,4830.0
7,23.0,1.0,12.0,7.0,0,8,Hyderabad,Sterlite Power Transmission Ltd,569,8.4,4779.6
10,23.0,3.0,6.0,1.0,0,8,Hyderabad,Ratnagiri Gas and Power Pvt. Ltd. (RGPPL),569,8.4,4779.6
22,23.0,2.0,15.0,1.0,0,8,Hyderabad,NHPC,724,8.4,6081.6
10,17.0,0.0,22.0,1.0,0,8,Hyderabad,SJVN Ltd.,460,8.4,3864.0
7,23.0,3.0,8.0,1.0,0,8,Hyderabad,Sunil Hitech Eng,549,8.4,4611.6
10,20.0,3.0,22.0,7.0,0,8,Hyderabad,Reliance Energy,545,8.4,4578.0
13,23.0,1.0,9.0,12.0,0,8,Hyderabad,L&T Transmission & Distribution,591,8.4,4964.400000000000
9,17.0,3.0,9.0,7.0,0,8,Hyderabad,TransRail Lighting,370,8.4,3108.0
13,22.0,0.0,7.0,1.0,0,8,Hyderabad,CESC,425,8.4,3570.0
13,22.0,3.0,9.0,12.0,0,8,Hyderabad,NLC India,761,8.4,6392.400000000000
9,18.0,3.0,10.0,1.0,0,8,Hyderabad,Power Grid Corp,406,8.4,3410.4
15,23.0,3.0,8.0,1.0,0,8,Hyderabad,TransRail Lighting,668,8.4,5611.2
8,19.0,3.0,4.0,1.0,0,8,Hyderabad,KEC International,526,8.4,4418.400000000000
11,23.0,1.0,21.0,1.0,0,8,Hyderabad,Jaiprakash Power,526,8.4,4418.400000000000
13,23.0,1.0,16.0,1.0,0,8,Hyderabad,Adani Power Ltd.,673,8.4,5653.2
8,20.0,1.0,8.0,1.0,0,8,Hyderabad,GE T&D India Limited,343,8.4,2881.2000000000000
18,22.0,3.0,17.0,1.0,0,8,Hyderabad,NLC India,719,8.4,6039.6
16,23.0,2.0,8.0,1.0,0,8,Hyderabad,NTPC Pvt. Ltd.,516,8.4,4334.400000000000
7,17.0,1.0,14.0,1.0,0,8,Hyderabad,Tata Power Company Ltd.,353,8.4,2965.2000000000000
6,22.0,2.0,8.0,1.0,0,8,Hyderabad,Power Grid Corp,375,8.4,3150.0
20,22.0,3.0,7.0,1.0,0,8,Hyderabad,Guj Ind Power,656,8.4,5510.400000000000
8,19.0,3.0,18.0,7.0,0,8,Hyderabad,NHPC,671,8.4,5636.400000000000
18,23.0,1.0,13.0,1.0,0,8,Hyderabad,L&T Transmission & Distribution,584,8.4,4905.6
23,23.0,3.0,10.0,1.0,0,8,Hyderabad,CESC,657,8.4,5518.8
22,22.0,3.0,14.0,1.0,0,8,Hyderabad,"Maha Transco – Maharashtra State Electricity Transmission Co, Ltd.",701,8.4,5888.400000000000
15,23.0,3.0,4.0,12.0,0,8,Hyderabad,Bonfiglioli Transmission Pvt. Ltd.,701,8.4,5888.400000000000
20,23.0,2.0,14.0,1.0,0,8,Hyderabad,Sterlite Power Transmission Ltd,699,8.4,5871.6
21,22.0,2.0,10.0,1.0,0,8,Hyderabad,Tata Power Company Ltd.,636,8.4,5342.400000000000
8,20.0,0.0,20.0,1.0,0,8,Hyderabad,Adani Power Ltd.,499,8.4,4191.6
14,22.0,0.0,13.0,1.0,0,8,Hyderabad,Sterlite Power Transmission Ltd,381,8.4,3200.4
14,22.0,2.0,3.0,1.0,0,8,Hyderabad,Kalpataru Power,358,8.4,3007.2000000000000
21,23.0,1.0,16.0,1.0,0,8,Hyderabad,Optibelt Power Transmission India Private Limited,542,8.4,4552.8
13,23.0,3.0,14.0,1.0,0,8,Hyderabad,L&T Transmission & Distribution,542,8.4,4552.8
19,23.0,2.0,13.0,1.0,0,8,Hyderabad,Optibelt Power Transmission India Private Limited,672,8.4,5644.8
18,23.0,3.0,21.0,1.0,0,8,Hyderabad,JSW Energy Ltd.,742,8.4,6232.8
19,23.0,0.0,3.0,1.0,0,8,Hyderabad,L&T Transmission & Distribution,321,8.4,2696.4
22,22.0,0.0,22.0,12.0,0,8,Hyderabad,Orient Green,582,8.4,4888.8
16,23.0,3.0,21.0,1.0,0,8,Hyderabad,Ratnagiri Gas and Power Pvt. Ltd. (RGPPL),596,8.4,5006.400000000000
17,23.0,0.0,18.0,1.0,0,8,Hyderabad,Torrent Power Ltd.,670,8.4,5628.0
20,23.0,3.0,14.0,12.0,0,8,Hyderabad,CESC,670,8.4,5628.0
12,23.0,0.0,20.0,12.0,0,8,Hyderabad,TransRail Lighting,670,8.4,5628.0
18,22.0,0.0,13.0,1.0,0,8,Hyderabad,Kalpataru Power,543,8.4,4561.2
21,23.0,1.0,20.0,1.0,0,8,Hyderabad,Guj Ind Power,710,8.4,5964.0
10,18.0,0.0,14.0,1.0,0,8,Hyderabad,NLC India,512,8.4,4300.8
19,22.0,3.0,6.0,1.0,0,8,Hyderabad,Indowind Energy,512,8.4,4300.8
10,18.0,1.0,17.0,1.0,0,8,Hyderabad,Orient Green,376,8.4,3158.4
6,21.0,2.0,7.0,1.0,0,8,Hyderabad,SJVN Ltd.,376,8.4,3158.4
19,23.0,3.0,17.0,1.0,0,8,Hyderabad,TransRail Lighting,773,8.4,6493.200000000000
10,17.0,0.0,7.0,1.0,0,8,Hyderabad,KEC International,243,8.4,2041.2
20,23.0,3.0,17.0,1.0,0,8,Hyderabad,SJVN Ltd.,777,8.4,6526.8
23,22.0,3.0,20.0,1.0,0,8,Hyderabad,Jaiprakash Power,823,8.4,6913.200000000000
20,23.0,1.0,22.0,12.0,0,8,Hyderabad,Sterlite Power Transmission Ltd,795,8.4,6678.0
22,22.0,3.0,18.0,1.0,0,8,Hyderabad,KEC International,758,8.4,6367.2
10,17.0,0.0,8.0,1.0,0,8,Hyderabad,KEC International,301,8.4,2528.4
21,22.0,2.0,22.0,12.0,0,8,Hyderabad,TransRail Lighting,745,8.4,6258.0
15,23.0,3.0,21.0,1.0,0,8,Hyderabad,Optibelt Power Transmission India Private Limited,737,8.4,6190.8
14,22.0,3.0,7.0,1.0,0,8,Nagpur,Kalpataru Power,528,8.9,4699.2
18,23.0,2.0,3.0,1.0,0,8,Nagpur,Ratnagiri Gas and Power Pvt. Ltd. (RGPPL),440,8.9,3916.0
8,18.0,3.0,3.0,1.0,0,8,Nagpur,TransRail Lighting,380,8.9,3382.0
5,23.0,3.0,14.0,7.0,0,8,Nagpur,Jyoti Structure,486,8.9,4325.400000000000
6,21.0,1.0,15.0,1.0,0,8,Nagpur,Adani Power Ltd.,486,8.9,4325.400000000000
12,22.0,3.0,16.0,1.0,0,8,Nagpur,Power Grid Corp,486,8.9,4325.400000000000
5,20.0,1.0,8.0,1.0,0,8,Nagpur,TransRail Lighting,405,8.9,3604.5
22,23.0,0.0,5.0,12.0,0,8,Nagpur,JSW Energy Ltd.,672,8.9,5980.8
10,20.0,3.0,14.0,1.0,0,8,Nagpur,Power Grid Corp,420,8.9,3738.0
13,22.0,3.0,10.0,1.0,0,8,Nagpur,Indowind Energy,552,8.9,4912.8
10,21.0,3.0,4.0,7.0,0,8,Nagpur,Kalpataru Power,552,8.9,4912.8
21,22.0,0.0,20.0,1.0,0,8,Nagpur,Power Grid Corp,612,8.9,5446.8
15,22.0,3.0,20.0,1.0,0,8,Nagpur,Ratnagiri Gas and Power Pvt. Ltd. (RGPPL),651,8.9,5793.900000000000
11,23.0,2.0,3.0,1.0,0,8,Nagpur,Power Grid Corp,449,8.9,3996.1000000000000
21,22.0,2.0,5.0,1.0,0,8,Nagpur,SJVN Ltd.,596,8.9,5304.400000000000
17,22.0,1.0,13.0,1.0,0,8,Nagpur,Ringfeder Power Transmission India Pvt. Ltd.,596,8.9,5304.400000000000
9,17.0,2.0,9.0,1.0,0,8,Nagpur,NLC India,396,8.9,3524.4
12,23.0,3.0,12.0,1.0,0,8,Nagpur,Ringfeder Power Transmission India Pvt. Ltd.,431,8.9,3835.9
5,17.0,0.0,7.0,1.0,0,8,Nagpur,Reliance Power,411,8.9,3657.9
14,23.0,1.0,10.0,1.0,0,8,Nagpur,L&T Transmission & Distribution,411,8.9,3657.9
19,23.0,2.0,20.0,1.0,0,8,Nagpur,KEC International,605,8.9,5384.5
16,22.0,1.0,13.0,1.0,0,8,Nagpur,"Maha Transco – Maharashtra State Electricity Transmission Co, Ltd.",633,8.9,5633.7
8,18.0,2.0,17.0,1.0,0,8,Nagpur,Guj Ind Power,461,8.9,4102.900000000000
21,22.0,1.0,16.0,1.0,0,8,Nagpur,GE T&D India Limited,608,8.9,5411.2
9,22.0,2.0,17.0,1.0,0,8,Nagpur,Sunil Hitech Eng,608,8.9,5411.2
18,22.0,2.0,11.0,1.0,0,8,Nagpur,Indowind Energy,526,8.9,4681.400000000000
20,22.0,1.0,8.0,1.0,0,8,Nagpur,TransRail Lighting,611,8.9,5437.900000000000
8,22.0,2.0,21.0,1.0,0,8,Nagpur,Unitech Power Transmission Ltd.,476,8.9,4236.400000000000
22,23.0,3.0,12.0,1.0,0,8,Nagpur,NTPC Pvt. Ltd.,504,8.9,4485.6
23,23.0,0.0,10.0,1.0,0,8,Nagpur,JSW Energy Ltd.,504,8.9,4485.6
6,22.0,2.0,16.0,7.0,0,8,Nagpur,CESC,583,8.9,5188.7
12,23.0,3.0,7.0,1.0,0,8,Nagpur,Ringfeder Power Transmission India Pvt. Ltd.,583,8.9,5188.7
20,23.0,0.0,10.0,1.0,0,8,Nagpur,NTPC Pvt. Ltd.,583,8.9,5188.7
19,23.0,2.0,14.0,12.0,0,8,Nagpur,SJVN Ltd.,710,8.9,6319.0
22,22.0,2.0,13.0,1.0,0,8,Nagpur,Reliance Energy,551,8.9,4903.900000000000
14,22.0,3.0,6.0,1.0,0,8,Nagpur,Jaiprakash Power,456,8.9,4058.4
5,20.0,2.0,7.0,1.0,0,8,Nagpur,CESC,385,8.9,3426.5
5,20.0,0.0,18.0,1.0,0,8,Nagpur,Jyoti Structure,518,8.9,4610.2
23,22.0,2.0,13.0,1.0,0,8,Nagpur,Neueon Towers / Sujana Towers Ltd.,561,8.9,4992.900000000000
12,23.0,0.0,12.0,12.0,0,8,Nagpur,Adani Power Ltd.,561,8.9,4992.900000000000
11,23.0,2.0,11.0,1.0,0,8,Nagpur,NTPC Pvt. Ltd.,475,8.9,4227.5
9,19.0,0.0,3.0,7.0,0,8,Nagpur,Indowind Energy,475,8.9,4227.5
11,22.0,3.0,22.0,1.0,0,8,Nagpur,Adani Power Ltd.,625,8.9,5562.5
10,22.0,1.0,8.0,7.0,0,8,Nagpur,Ratnagiri Gas and Power Pvt. Ltd. (RGPPL),448,8.9,3987.2000000000000
13,22.0,0.0,22.0,1.0,0,8,Nagpur,CESC,676,8.9,6016.400000000000
19,23.0,3.0,22.0,12.0,0,8,Nagpur,CESC,676,8.9,6016.400000000000
9,21.0,1.0,19.0,1.0,0,8,Nagpur,Jaiprakash Power,428,8.9,3809.2000000000000
8,19.0,2.0,7.0,1.0,0,8,Nagpur,CESC,492,8.9,4378.8
23,22.0,0.0,8.0,1.0,0,8,Nagpur,Bonfiglioli Transmission Pvt. Ltd.,481,8.9,4280.900000000000
14,23.0,3.0,10.0,1.0,0,8,Nagpur,Torrent Power Ltd.,571,8.9,5081.900000000000
13,22.0,3.0,12.0,1.0,0,8,Nagpur,Adani Power Ltd.,607,8.9,5402.3
14,22.0,0.0,18.0,1.0,0,8,Nagpur,NLC India,636,8.9,5660.400000000000
17,22.0,2.0,11.0,1.0,0,8,Nagpur,Toshiba Transmission & Distribution Systems (India) Pvt. Ltd.,540,8.9,4806.0
11,23.0,0.0,6.0,1.0,0,8,Nagpur,Optibelt Power Transmission India Private Limited,540,8.9,4806.0
23,22.0,1.0,7.0,12.0,0,8,Nagpur,CESC,539,8.9,4797.1
16,22.0,1.0,4.0,1.0,0,8,Nagpur,Adani Power Ltd.,536,8.9,4770.400000000000
21,23.0,2.0,17.0,1.0,0,8,Nagpur,Reliance Power,699,8.9,6221.1
14,23.0,1.0,3.0,1.0,0,8,Nagpur,Reliance Power,360,8.9,3204.0
19,23.0,2.0,8.0,1.0,0,8,Nagpur,"Maha Transco – Maharashtra State Electricity Transmission Co, Ltd.",497,8.9,4423.3
7,22.0,2.0,16.0,1.0,0,8,Nagpur,GE T&D India Limited,515,8.9,4583.5
22,23.0,0.0,5.0,1.0,0,8,Nagpur,NLC India,515,8.9,4583.5
8,20.0,3.0,13.0,1.0,0,8,Nagpur,"Maha Transco – Maharashtra State Electricity Transmission Co, Ltd.",515,8.9,4583.5
22,23.0,1.0,10.0,12.0,0,8,Nagpur,NTPC Pvt. Ltd.,614,8.9,5464.6
10,21.0,2.0,4.0,1.0,0,8,Nagpur,Reliance Power,398,8.9,3542.2000000000000
23,23.0,2.0,6.0,1.0,0,8,Nagpur,Ringfeder Power Transmission India Pvt. Ltd.,484,8.9,4307.6
11,22.0,3.0,6.0,12.0,0,8,Nagpur,SJVN Ltd.,629,8.9,5598.1
10,22.0,0.0,8.0,1.0,0,8,Nagpur,NHPC,327,8.9,2910.3
19,22.0,0.0,6.0,1.0,0,8,Nagpur,NTPC Pvt. Ltd.,386,8.9,3435.4
17,22.0,2.0,16.0,1.0,0,8,Nagpur,Bonfiglioli Transmission Pvt. Ltd.,530,8.9,4717.0
17,23.0,0.0,10.0,1.0,0,8,Nagpur,Bonfiglioli Transmission Pvt. Ltd.,345,8.9,3070.5
13,23.0,3.0,5.0,12.0,0,8,Nagpur,Power Grid Corp,592,8.9,5268.8
22,23.0,0.0,15.0,12.0,0,8,Nagpur,"Maha Transco – Maharashtra State Electricity Transmission Co, Ltd.",781,8.9,6950.900000000000
11,23.0,1.0,12.0,1.0,0,8,Nagpur,Power Grid Corp,480,8.9,4272.0
12,22.0,1.0,21.0,12.0,0,8,Nagpur,Ratnagiri Gas and Power Pvt. Ltd. (RGPPL),623,8.9,5544.7
20,22.0,2.0,11.0,1.0,0,8,Nagpur,Ringfeder Power Transmission India Pvt. Ltd.,565,8.9,5028.5
9,17.0,2.0,6.0,1.0,0,8,Nagpur,NLC India,453,8.9,4031.7000000000000
11,23.0,2.0,18.0,12.0,0,8,Nagpur,NHPC,635,8.9,5651.5
10,18.0,0.0,11.0,1.0,0,8,Nagpur,Unitech Power Transmission Ltd.,355,8.9,3159.5
19,23.0,1.0,15.0,1.0,0,8,Nagpur,Toshiba Transmission & Distribution Systems (India) Pvt. Ltd.,465,8.9,4138.5
15,22.0,0.0,8.0,1.0,0,8,Nagpur,NLC India,429,8.9,3818.1000000000000
13,22.0,0.0,16.0,1.0,0,8,Nagpur,Reliance Power,426,8.9,3791.4
5,23.0,2.0,5.0,1.0,0,8,Nagpur,Unitech Power Transmission Ltd.,426,8.9,3791.4
8,17.0,2.0,4.0,1.0,0,8,Nagpur,Sterlite Power Transmission Ltd,416,8.9,3702.4
11,23.0,1.0,5.0,1.0,0,8,Nagpur,"Maha Transco – Maharashtra State Electricity Transmission Co, Ltd.",473,8.9,4209.7
17,23.0,3.0,8.0,1.0,0,8,Nagpur,L&T Transmission & Distribution,646,8.9,5749.400000000000
7,23.0,1.0,7.0,1.0,0,8,Nagpur,Optibelt Power Transmission India Private Limited,521,8.9,4636.900000000000
11,22.0,1.0,11.0,1.0,0,8,Nagpur,Toshiba Transmission & Distribution Systems (India) Pvt. Ltd.,501,8.9,4458.900000000000
11,23.0,0.0,21.0,12.0,0,8,Nagpur,KEC International,660,8.9,5874.0
22,22.0,1.0,7.0,1.0,0,8,Nagpur,Toshiba Transmission & Distribution Systems (India) Pvt. Ltd.,407,8.9,3622.3
7,17.0,2.0,16.0,7.0,0,8,Nagpur,Neueon Towers / Sujana Towers Ltd.,570,8.9,5073.0
21,23.0,0.0,20.0,12.0,0,8,Nagpur,Torrent Power Ltd.,570,8.9,5073.0
20,23.0,3.0,14.0,1.0,0,8,Nagpur,Ringfeder Power Transmission India Pvt. Ltd.,582,8.9,5179.8
20,22.0,0.0,18.0,1.0,0,8,Nagpur,KEC International,582,8.9,5179.8
22,23.0,3.0,10.0,1.0,0,8,Nagpur,Unitech Power Transmission Ltd.,514,8.9,4574.6
11,22.0,3.0,5.0,1.0,0,8,Nagpur,NLC India,514,8.9,4574.6
8,17.0,1.0,8.0,1.0,0,8,Nagpur,Sterlite Power Transmission Ltd,415,8.9,3693.5
7,18.0,2.0,7.0,1.0,0,8,Nagpur,GE T&D India Limited,368,8.9,3275.2000000000000
22,22.0,0.0,17.0,1.0,0,8,Nagpur,NTPC Pvt. Ltd.,576,8.9,5126.400000000000
8,21.0,2.0,14.0,1.0,0,8,Nagpur,TransRail Lighting,564,8.9,5019.6
11,23.0,1.0,14.0,12.0,0,8,Nagpur,Torrent Power Ltd.,653,8.9,5811.7
12,22.0,2.0,21.0,1.0,0,8,Nagpur,Toshiba Transmission & Distribution Systems (India) Pvt. Ltd.,653,8.9,5811.7
23,22.0,1.0,13.0,1.0,0,8,Nagpur,GE T&D India Limited,584,8.9,5197.6
23,23.0,0.0,13.0,1.0,0,8,Nagpur,Jyoti Structure,584,8.9,5197.6
19,23.0,0.0,15.0,1.0,0,8,Nagpur,CESC,584,8.9,5197.6
16,23.0,1.0,6.0,1.0,0,8,Nagpur,Guj Ind Power,392,8.9,3488.8
11,22.0,0.0,15.0,12.0,0,8,Nagpur,Kalpataru Power,624,8.9,5553.6
17,22.0,0.0,13.0,1.0,0,8,Nagpur,NHPC,357,8.9,3177.3
16,22.0,1.0,7.0,1.0,0,8,Nagpur,NHPC,357,8.9,3177.3
7,19.0,0.0,13.0,1.0,0,8,Nagpur,Sunil Hitech Eng,331,8.9,2945.9
7,19.0,1.0,19.0,1.0,0,8,Nagpur,CESC,474,8.9,4218.6
7,17.0,2.0,21.0,1.0,0,8,Nagpur,Ringfeder Power Transmission India Pvt. Ltd.,474,8.9,4218.6
21,22.0,3.0,9.0,1.0,0,8,Nagpur,Orient Green,491,8.9,4369.900000000000
21,22.0,1.0,13.0,12.0,0,8,Nagpur,Tata Power Company Ltd.,511,8.9,4547.900000000000
20,22.0,3.0,13.0,1.0,0,8,Nagpur,Adani Power Ltd.,559,8.9,4975.1
14,23.0,3.0,3.0,1.0,0,8,Nagpur,Unitech Power Transmission Ltd.,432,8.9,3844.8
13,22.0,2.0,8.0,1.0,0,8,Nagpur,L&T Transmission & Distribution,432,8.9,3844.8
12,23.0,1.0,14.0,1.0,0,8,Nagpur,Unitech Power Transmission Ltd.,450,8.9,4005.0
8,17.0,3.0,16.0,1.0,0,8,Nagpur,Tata Power Company Ltd.,519,8.9,4619.1
20,22.0,3.0,18.0,1.0,0,8,Nagpur,Reliance Energy,673,8.9,5989.7
9,22.0,0.0,10.0,1.0,0,8,Nagpur,Reliance Energy,472,8.9,4200.8
20,22.0,2.0,22.0,1.0,0,8,Nagpur,Tata Power Company Ltd.,567,8.9,5046.3
13,23.0,1.0,3.0,12.0,0,8,Nagpur,Guj Ind Power,567,8.9,5046.3
8,22.0,3.0,15.0,1.0,0,8,Nagpur,NTPC Pvt. Ltd.,567,8.9,5046.3
8,17.0,0.0,15.0,1.0,0,8,Nagpur,CESC,361,8.9,3212.9
13,22.0,3.0,5.0,1.0,0,8,Nagpur,L&T Transmission & Distribution,361,8.9,3212.9
10,23.0,1.0,13.0,1.0,0,8,Nagpur,NTPC Pvt. Ltd.,606,8.9,5393.400000000000
19,22.0,0.0,20.0,1.0,0,8,Nagpur,Sterlite Power Transmission Ltd,698,8.9,6212.2
5,20.0,0.0,19.0,1.0,0,8,Nagpur,NHPC,436,8.9,3880.4
15,22.0,0.0,4.0,12.0,0,8,Nagpur,KEC International,585,8.9,5206.5
8,23.0,1.0,8.0,7.0,0,8,Nagpur,Ratnagiri Gas and Power Pvt. Ltd. (RGPPL),496,8.9,4414.400000000000
14,23.0,0.0,4.0,1.0,0,8,Nagpur,Unitech Power Transmission Ltd.,289,8.9,2572.1
17,23.0,1.0,13.0,1.0,0,8,Nagpur,Bonfiglioli Transmission Pvt. Ltd.,613,8.9,5455.7
22,23.0,2.0,4.0,1.0,0,8,Nagpur,Optibelt Power Transmission India Private Limited,613,8.9,5455.7
8,21.0,3.0,15.0,1.0,0,8,Nagpur,NTPC Pvt. Ltd.,613,8.9,5455.7
23,22.0,1.0,16.0,1.0,0,8,Nagpur,Indowind Energy,483,8.9,4298.7
13,23.0,2.0,3.0,12.0,0,8,Nagpur,KEC International,483,8.9,4298.7
10,20.0,1.0,16.0,1.0,0,8,Nagpur,Kalpataru Power,572,8.9,5090.8
9,21.0,2.0,8.0,1.0,0,8,Nagpur,NTPC Pvt. Ltd.,572,8.9,5090.8
15,22.0,2.0,16.0,1.0,0,8,Nagpur,Torrent Power Ltd.,671,8.9,5971.900000000000
14,23.0,3.0,6.0,1.0,0,8,Nagpur,Ratnagiri Gas and Power Pvt. Ltd. (RGPPL),510,8.9,4539.0
17,23.0,2.0,17.0,1.0,0,8,Nagpur,Ringfeder Power Transmission India Pvt. Ltd.,510,8.9,4539.0
5,19.0,3.0,4.0,7.0,0,8,Nagpur,Reliance Energy,328,8.9,2919.2000000000000
8,21.0,0.0,4.0,1.0,0,8,Nagpur,Reliance Energy,273,8.9,2429.7000000000000
17,23.0,1.0,20.0,1.0,0,8,Nagpur,Optibelt Power Transmission India Private Limited,597,8.9,5313.3
21,22.0,0.0,18.0,12.0,0,8,Nagpur,Optibelt Power Transmission India Private Limited,742,8.9,6603.8
17,23.0,3.0,4.0,1.0,0,8,Nagpur,Reliance Energy,647,8.9,5758.3
22,22.0,2.0,4.0,1.0,0,8,Nagpur,Torrent Power Ltd.,362,8.9,3221.8
20,23.0,3.0,13.0,1.0,0,8,Nagpur,Ratnagiri Gas and Power Pvt. Ltd. (RGPPL),639,8.9,5687.1
19,22.0,3.0,17.0,1.0,0,8,Nagpur,Orient Green,573,8.9,5099.7
23,23.0,2.0,19.0,1.0,0,8,Nagpur,Unitech Power Transmission Ltd.,678,8.9,6034.2
19,23.0,2.0,7.0,1.0,0,8,Nagpur,Bonfiglioli Transmission Pvt. Ltd.,466,8.9,4147.400000000000
6,22.0,2.0,16.0,1.0,0,8,Nagpur,Adani Power Ltd.,466,8.9,4147.400000000000
21,22.0,1.0,22.0,1.0,0,8,Nagpur,"Maha Transco – Maharashtra State Electricity Transmission Co, Ltd.",634,8.9,5642.6
22,23.0,1.0,5.0,12.0,0,8,Nagpur,SJVN Ltd.,586,8.9,5215.400000000000
21,22.0,3.0,12.0,1.0,0,8,Nagpur,Jaiprakash Power,713,8.9,6345.7
19,23.0,2.0,13.0,1.0,0,8,Nagpur,Sunil Hitech Eng,684,8.9,6087.6
13,22.0,1.0,10.0,12.0,0,8,Nagpur,Ratnagiri Gas and Power Pvt. Ltd. (RGPPL),437,8.9,3889.3
13,22.0,3.0,21.0,12.0,0,8,Nagpur,Ringfeder Power Transmission India Pvt. Ltd.,739,8.9,6577.1
13,23.0,2.0,7.0,1.0,0,8,Nagpur,Kalpataru Power,603,8.9,5366.7
17,23.0,3.0,3.0,1.0,0,8,Nagpur,Sterlite Power Transmission Ltd,603,8.9,5366.7
12,22.0,1.0,16.0,1.0,0,8,Nagpur,KEC International,627,8.9,5580.3
19,23.0,3.0,10.0,1.0,0,8,Nagpur,Reliance Energy,716,8.9,6372.400000000000
13,23.0,3.0,10.0,12.0,0,8,Nagpur,Neueon Towers / Sujana Towers Ltd.,716,8.9,6372.400000000000
21,22.0,2.0,13.0,1.0,0,8,Nagpur,Power Grid Corp,599,8.9,5331.1
12,22.0,2.0,15.0,1.0,0,8,Nagpur,TransRail Lighting,555,8.9,4939.5
20,22.0,1.0,21.0,1.0,0,8,Nagpur,Sterlite Power Transmission Ltd,555,8.9,4939.5
6,21.0,3.0,7.0,1.0,0,8,Nagpur,SJVN Ltd.,555,8.9,4939.5
17,22.0,3.0,18.0,12.0,0,8,Nagpur,"Maha Transco – Maharashtra State Electricity Transmission Co, Ltd.",738,8.9,6568.2
18,23.0,1.0,7.0,1.0,0,8,Nagpur,TransRail Lighting,533,8.9,4743.7
15,22.0,2.0,6.0,1.0,0,8,Nagpur,Ratnagiri Gas and Power Pvt. Ltd. (RGPPL),589,8.9,5242.1
7,23.0,3.0,19.0,1.0,0,8,Nagpur,Guj Ind Power,589,8.9,5242.1
15,22.0,2.0,18.0,12.0,0,8,Nagpur,Kalpataru Power,750,8.9,6675.0
5,23.0,1.0,21.0,1.0,0,8,Nagpur,Indowind Energy,669,8.9,5954.1
10,17.0,0.0,6.0,1.0,0,8,Nagpur,Neueon Towers / Sujana Towers Ltd.,297,8.9,2643.3
21,23.0,3.0,12.0,1.0,0,8,Nagpur,TransRail Lighting,490,8.9,4361.0
23,22.0,2.0,10.0,1.0,0,8,Nagpur,Ratnagiri Gas and Power Pvt. Ltd. (RGPPL),690,8.9,6141.0
21,23.0,0.0,17.0,1.0,0,8,Nagpur,NHPC,690,8.9,6141.0
13,22.0,1.0,16.0,1.0,0,8,Nagpur,Ringfeder Power Transmission India Pvt. Ltd.,619,8.9,5509.1
20,23.0,1.0,20.0,12.0,0,8,Nagpur,Sunil Hitech Eng,682,8.9,6069.8
6,18.0,2.0,9.0,7.0,0,8,Nagpur,Orient Green,412,8.9,3666.8
18,23.0,1.0,4.0,1.0,0,8,Nagpur,GE T&D India Limited,403,8.9,3586.7000000000000
6,22.0,2.0,19.0,1.0,0,8,Nagpur,Neueon Towers / Sujana Towers Ltd.,675,8.9,6007.5
23,22.0,3.0,9.0,1.0,0,8,Nagpur,NLC India,626,8.9,5571.400000000000
10,22.0,3.0,21.0,1.0,0,8,Nagpur,Neueon Towers / Sujana Towers Ltd.,674,8.9,5998.6
20,22.0,0.0,22.0,1.0,0,8,Nagpur,Jyoti Structure,674,8.9,5998.6
23,23.0,3.0,5.0,1.0,0,8,Nagpur,Torrent Power Ltd.,663,8.9,5900.7
8,21.0,0.0,18.0,1.0,0,8,Nagpur,Orient Green,351,8.9,3123.9
13,22.0,2.0,20.0,1.0,0,8,Nagpur,Jaiprakash Power,712,8.9,6336.8
9,19.0,2.0,22.0,7.0,0,8,Nagpur,"Maha Transco – Maharashtra State Electricity Transmission Co, Ltd.",712,8.9,6336.8
13,23.0,3.0,19.0,1.0,0,8,Nagpur,Neueon Towers / Sujana Towers Ltd.,706,8.9,6283.400000000000
19,23.0,2.0,17.0,1.0,0,8,Nagpur,Sunil Hitech Eng,706,8.9,6283.400000000000
12,22.0,1.0,10.0,1.0,0,8,Nagpur,CESC,364,8.9,3239.6
21,23.0,2.0,19.0,12.0,0,8,Nagpur,SJVN Ltd.,704,8.9,6265.6
6,21.0,2.0,22.0,1.0,0,8,Nagpur,SJVN Ltd.,487,8.9,4334.3
13,22.0,0.0,11.0,1.0,0,8,Nagpur,Jaiprakash Power,487,8.9,4334.3
13,23.0,3.0,12.0,12.0,0,8,Nagpur,Tata Power Company Ltd.,615,8.9,5473.5
6,18.0,3.0,13.0,1.0,0,8,Nagpur,Jyoti Structure,524,8.9,4663.6
10,17.0,1.0,9.0,7.0,0,8,Nagpur,Jaiprakash Power,337,8.9,2999.3
8,23.0,3.0,12.0,7.0,0,8,Nagpur,"Maha Transco – Maharashtra State Electricity Transmission Co, Ltd.",715,8.9,6363.5
19,23.0,2.0,20.0,12.0,0,8,Nagpur,Unitech Power Transmission Ltd.,828,8.9,7369.200000000000
18,23.0,3.0,12.0,1.0,0,8,Nagpur,Torrent Power Ltd.,726,8.9,6461.400000000000
6,23.0,1.0,6.0,1.0,0,8,Nagpur,Kalpataru Power,388,8.9,3453.2000000000000
23,23.0,2.0,21.0,1.0,0,8,Nagpur,Toshiba Transmission & Distribution Systems (India) Pvt. Ltd.,811,8.9,7217.900000000000
22,23.0,3.0,5.0,12.0,0,8,Nagpur,NTPC Pvt. Ltd.,780,8.9,6942.0
5,20.0,0.0,5.0,1.0,0,8,Nagpur,Orient Green,259,8.9,2305.1
6,21.0,0.0,6.0,1.0,0,8,Nagpur,SJVN Ltd.,259,8.9,2305.1
9,23.0,0.0,8.0,1.0,0,8,Nagpur,NHPC,325,8.9,2892.5
16,22.0,0.0,4.0,1.0,0,8,Nagpur,Jaiprakash Power,281,8.9,2500.9
22,23.0,0.0,4.0,12.0,0,8,Nagpur,Kalpataru Power,686,8.9,6105.400000000000
11,22.0,3.0,16.0,1.0,0,8,Nagpur,Jaiprakash Power,711,8.9,6327.900000000000
12,22.0,3.0,14.0,12.0,0,8,Nagpur,Indowind Energy,800,8.9,7120.0
19,22.0,2.0,10.0,1.0,0,8,Nagpur,Guj Ind Power,661,8.9,5882.900000000000
17,23.0,3.0,8.0,12.0,0,8,Nagpur,Sterlite Power Transmission Ltd,719,8.9,6399.1
18,22.0,1.0,22.0,12.0,0,8,Nagpur,NHPC,803,8.9,7146.700000000000
17,23.0,1.0,11.0,1.0,0,8,Nagpur,Ringfeder Power Transmission India Pvt. Ltd.,517,8.9,4601.3
15,22.0,0.0,18.0,1.0,0,8,Mumbai,Kalpataru Power,528,9.2,4857.600000000000
7,18.0,3.0,6.0,1.0,0,8,Mumbai,"Maha Transco – Maharashtra State Electricity Transmission Co, Ltd.",418,9.2,3845.6
21,23.0,0.0,6.0,1.0,0,8,Mumbai,Toshiba Transmission & Distribution Systems (India) Pvt. Ltd.,484,9.2,4452.800000000000
19,22.0,0.0,20.0,12.0,0,8,Mumbai,Ringfeder Power Transmission India Pvt. Ltd.,594,9.2,5464.800000000000
17,23.0,3.0,5.0,1.0,0,8,Mumbai,JSW Energy Ltd.,660,9.2,6072.000000000000
17,23.0,3.0,6.0,1.0,0,8,Mumbai,Bonfiglioli Transmission Pvt. Ltd.,660,9.2,6072.000000000000
9,18.0,1.0,10.0,1.0,0,8,Mumbai,JSW Energy Ltd.,361,9.2,3321.2
8,20.0,1.0,15.0,1.0,0,8,Mumbai,Optibelt Power Transmission India Private Limited,532,9.2,4894.4
14,23.0,2.0,18.0,1.0,0,8,Mumbai,Sunil Hitech Eng,567,9.2,5216.4
15,23.0,0.0,22.0,1.0,0,8,Mumbai,Bonfiglioli Transmission Pvt. Ltd.,567,9.2,5216.4
20,22.0,0.0,4.0,1.0,0,8,Mumbai,Orient Green,435,9.2,4002.0000000000000
6,19.0,3.0,3.0,7.0,0,8,Mumbai,Indowind Energy,488,9.2,4489.600000000000
23,22.0,0.0,6.0,1.0,0,8,Mumbai,GE T&D India Limited,488,9.2,4489.600000000000
23,22.0,2.0,13.0,1.0,0,8,Mumbai,NTPC Pvt. Ltd.,621,9.2,5713.2
6,22.0,2.0,22.0,1.0,0,8,Mumbai,NHPC,442,9.2,4066.4000000000000
9,23.0,1.0,15.0,1.0,0,8,Mumbai,Jaiprakash Power,415,9.2,3818.0000000000000
11,23.0,3.0,15.0,12.0,0,8,Mumbai,Toshiba Transmission & Distribution Systems (India) Pvt. Ltd.,631,9.2,5805.2
14,23.0,3.0,5.0,12.0,0,8,Mumbai,"Maha Transco – Maharashtra State Electricity Transmission Co, Ltd.",583,9.2,5363.600000000000
15,22.0,0.0,22.0,1.0,0,8,Mumbai,NLC India,432,9.2,3974.4000000000000
8,18.0,3.0,17.0,1.0,0,8,Mumbai,JSW Energy Ltd.,527,9.2,4848.4
14,23.0,2.0,4.0,1.0,0,8,Mumbai,Adani Power Ltd.,381,9.2,3505.2
8,22.0,3.0,6.0,1.0,0,8,Mumbai,Reliance Energy,444,9.2,4084.8000000000000
14,23.0,0.0,16.0,1.0,0,8,Mumbai,Kalpataru Power,444,9.2,4084.8000000000000
21,22.0,2.0,3.0,1.0,0,8,Mumbai,Jaiprakash Power,601,9.2,5529.2
15,22.0,0.0,16.0,1.0,0,8,Mumbai,Power Grid Corp,490,9.2,4508.0
22,23.0,0.0,7.0,12.0,0,8,Mumbai,NTPC Pvt. Ltd.,495,9.2,4554.0
16,23.0,2.0,17.0,1.0,0,8,Mumbai,Optibelt Power Transmission India Private Limited,495,9.2,4554.0
22,22.0,0.0,3.0,1.0,0,8,Mumbai,Toshiba Transmission & Distribution Systems (India) Pvt. Ltd.,394,9.2,3624.8000000000000
16,22.0,2.0,5.0,1.0,0,8,Mumbai,Guj Ind Power,338,9.2,3109.6
12,23.0,1.0,5.0,1.0,0,8,Mumbai,Sterlite Power Transmission Ltd,338,9.2,3109.6
7,20.0,2.0,7.0,1.0,0,8,Mumbai,Jyoti Structure,507,9.2,4664.4
8,17.0,1.0,12.0,1.0,0,8,Mumbai,NLC India,471,9.2,4333.2
17,22.0,3.0,9.0,1.0,0,8,Mumbai,JSW Energy Ltd.,428,9.2,3937.6
16,23.0,0.0,16.0,1.0,0,8,Mumbai,KEC International,443,9.2,4075.6
12,23.0,3.0,4.0,1.0,0,8,Mumbai,CESC,443,9.2,4075.6
13,23.0,3.0,5.0,1.0,0,8,Mumbai,JSW Energy Ltd.,443,9.2,4075.6
18,22.0,2.0,14.0,12.0,0,8,Mumbai,L&T Transmission & Distribution,577,9.2,5308.4
22,22.0,2.0,8.0,1.0,0,8,Mumbai,Unitech Power Transmission Ltd.,456,9.2,4195.2
19,23.0,0.0,10.0,1.0,0,8,Mumbai,SJVN Ltd.,609,9.2,5602.800000000000
21,22.0,1.0,3.0,12.0,0,8,Mumbai,Reliance Energy,654,9.2,6016.800000000000
9,23.0,2.0,19.0,1.0,0,8,Mumbai,Jyoti Structure,509,9.2,4682.800000000000
12,23.0,1.0,19.0,1.0,0,8,Mumbai,JSW Energy Ltd.,509,9.2,4682.800000000000
8,20.0,0.0,12.0,7.0,0,8,Mumbai,Torrent Power Ltd.,509,9.2,4682.800000000000
18,22.0,1.0,19.0,1.0,0,8,Mumbai,Indowind Energy,546,9.2,5023.2
23,23.0,0.0,3.0,1.0,0,8,Mumbai,Sunil Hitech Eng,530,9.2,4876.0
11,22.0,1.0,9.0,1.0,0,8,Mumbai,Ringfeder Power Transmission India Pvt. Ltd.,451,9.2,4149.2
5,23.0,1.0,21.0,1.0,0,8,Mumbai,Toshiba Transmission & Distribution Systems (India) Pvt. Ltd.,458,9.2,4213.600000000000
20,23.0,2.0,21.0,1.0,0,8,Mumbai,NLC India,600,9.2,5520.0
12,22.0,3.0,13.0,12.0,0,8,Mumbai,SJVN Ltd.,598,9.2,5501.600000000000
16,23.0,3.0,12.0,1.0,0,8,Mumbai,Kalpataru Power,544,9.2,5004.800000000000
17,22.0,1.0,3.0,12.0,0,8,Mumbai,Ratnagiri Gas and Power Pvt. Ltd. (RGPPL),544,9.2,5004.800000000000
21,22.0,3.0,18.0,1.0,0,8,Mumbai,Reliance Energy,544,9.2,5004.800000000000
8,22.0,0.0,15.0,1.0,0,8,Mumbai,Ringfeder Power Transmission India Pvt. Ltd.,375,9.2,3450.0000000000000
12,22.0,2.0,3.0,1.0,0,8,Mumbai,L&T Transmission & Distribution,315,9.2,2898.0
22,23.0,2.0,20.0,1.0,0,8,Mumbai,Jyoti Structure,744,9.2,6844.800000000000
11,22.0,1.0,15.0,12.0,0,8,Mumbai,Bonfiglioli Transmission Pvt. Ltd.,534,9.2,4912.800000000000
14,22.0,0.0,8.0,1.0,0,8,Mumbai,NLC India,299,9.2,2750.8000000000000
19,22.0,0.0,3.0,1.0,0,8,Mumbai,Jyoti Structure,524,9.2,4820.800000000000
22,23.0,0.0,19.0,1.0,0,8,Mumbai,Indowind Energy,501,9.2,4609.2
23,23.0,2.0,15.0,1.0,0,8,Mumbai,Torrent Power Ltd.,519,9.2,4774.800000000000
20,23.0,2.0,3.0,1.0,0,8,Mumbai,NLC India,519,9.2,4774.800000000000
15,23.0,2.0,15.0,1.0,0,8,Mumbai,KEC International,688,9.2,6329.600000000000
11,22.0,3.0,22.0,1.0,0,8,Mumbai,Optibelt Power Transmission India Private Limited,711,9.2,6541.2
22,23.0,2.0,15.0,1.0,0,8,Mumbai,NHPC,695,9.2,6394.000000000000
13,22.0,0.0,3.0,1.0,0,8,Mumbai,Unitech Power Transmission Ltd.,326,9.2,2999.2
15,23.0,1.0,16.0,1.0,0,8,Mumbai,GE T&D India Limited,584,9.2,5372.800000000000
22,22.0,1.0,10.0,1.0,0,8,Mumbai,Sunil Hitech Eng,652,9.2,5998.4
7,17.0,1.0,14.0,1.0,0,8,Mumbai,Jyoti Structure,318,9.2,2925.6
23,23.0,1.0,16.0,1.0,0,8,Mumbai,Optibelt Power Transmission India Private Limited,597,9.2,5492.4
21,22.0,2.0,4.0,1.0,0,8,Mumbai,GE T&D India Limited,589,9.2,5418.800000000000
19,23.0,2.0,18.0,1.0,0,8,Mumbai,Orient Green,589,9.2,5418.800000000000
11,22.0,3.0,10.0,1.0,0,8,Mumbai,Power Grid Corp,589,9.2,5418.800000000000
16,22.0,2.0,9.0,1.0,0,8,Mumbai,Sterlite Power Transmission Ltd,589,9.2,5418.800000000000
23,23.0,2.0,12.0,12.0,0,8,Mumbai,NTPC Pvt. Ltd.,700,9.2,6440.000000000000
14,22.0,1.0,13.0,12.0,0,8,Mumbai,GE T&D India Limited,700,9.2,6440.000000000000
5,19.0,2.0,10.0,1.0,0,8,Mumbai,GE T&D India Limited,542,9.2,4986.4
15,23.0,3.0,14.0,1.0,0,8,Mumbai,L&T Transmission & Distribution,570,9.2,5244.0
11,22.0,0.0,10.0,1.0,0,8,Mumbai,Torrent Power Ltd.,473,9.2,4351.600000000000
14,22.0,1.0,13.0,1.0,0,8,Mumbai,Optibelt Power Transmission India Private Limited,561,9.2,5161.2
13,23.0,1.0,11.0,1.0,0,8,Mumbai,Bonfiglioli Transmission Pvt. Ltd.,498,9.2,4581.600000000000
20,22.0,2.0,18.0,1.0,0,8,Mumbai,Torrent Power Ltd.,602,9.2,5538.4
12,22.0,0.0,16.0,1.0,0,8,Mumbai,NHPC,602,9.2,5538.4
8,21.0,3.0,21.0,1.0,0,8,Mumbai,Power Grid Corp,602,9.2,5538.4
23,23.0,1.0,17.0,1.0,0,8,Mumbai,Unitech Power Transmission Ltd.,482,9.2,4434.4
17,23.0,0.0,15.0,1.0,0,8,Mumbai,Ringfeder Power Transmission India Pvt. Ltd.,404,9.2,3716.8000000000000
22,23.0,1.0,16.0,1.0,0,8,Mumbai,JSW Energy Ltd.,538,9.2,4949.600000000000
22,23.0,2.0,16.0,1.0,0,8,Mumbai,Power Grid Corp,648,9.2,5961.600000000000
17,23.0,3.0,19.0,1.0,0,8,Mumbai,Orient Green,648,9.2,5961.600000000000
18,23.0,0.0,10.0,12.0,0,8,Mumbai,NHPC,464,9.2,4268.800000000000
20,22.0,2.0,7.0,1.0,0,8,Mumbai,Power Grid Corp,464,9.2,4268.800000000000
11,23.0,3.0,10.0,1.0,0,8,Mumbai,NHPC,464,9.2,4268.800000000000
12,22.0,0.0,13.0,1.0,0,8,Mumbai,Orient Green,464,9.2,4268.800000000000
17,23.0,3.0,5.0,1.0,0,8,Mumbai,TransRail Lighting,628,9.2,5777.600000000000
20,23.0,2.0,19.0,1.0,0,8,Mumbai,KEC International,628,9.2,5777.600000000000
14,22.0,1.0,14.0,1.0,0,8,Mumbai,Sterlite Power Transmission Ltd,628,9.2,5777.600000000000
16,23.0,2.0,9.0,1.0,0,8,Mumbai,Torrent Power Ltd.,628,9.2,5777.600000000000
5,19.0,3.0,15.0,7.0,0,8,Mumbai,Neueon Towers / Sujana Towers Ltd.,616,9.2,5667.2
13,22.0,3.0,9.0,1.0,0,8,Mumbai,Jaiprakash Power,511,9.2,4701.2
20,23.0,1.0,14.0,12.0,0,8,Mumbai,Jyoti Structure,564,9.2,5188.800000000000
16,23.0,1.0,9.0,1.0,0,8,Mumbai,Jaiprakash Power,493,9.2,4535.600000000000
19,23.0,1.0,10.0,1.0,0,8,Mumbai,Optibelt Power Transmission India Private Limited,573,9.2,5271.600000000000
14,22.0,3.0,12.0,12.0,0,8,Mumbai,Jyoti Structure,662,9.2,6090.4
22,22.0,0.0,20.0,1.0,0,8,Mumbai,SJVN Ltd.,717,9.2,6596.4
12,23.0,2.0,20.0,12.0,0,8,Mumbai,Orient Green,717,9.2,6596.4
7,21.0,3.0,16.0,1.0,0,8,Mumbai,Sterlite Power Transmission Ltd,539,9.2,4958.800000000000
16,23.0,0.0,10.0,1.0,0,8,Mumbai,Jyoti Structure,373,9.2,3431.6
6,17.0,3.0,17.0,1.0,0,8,Mumbai,Reliance Power,373,9.2,3431.6
16,22.0,2.0,10.0,1.0,0,8,Mumbai,NLC India,591,9.2,5437.2
6,20.0,2.0,8.0,1.0,0,8,Mumbai,Reliance Power,445,9.2,4094.0000000000000
21,23.0,2.0,14.0,1.0,0,8,Mumbai,Tata Power Company Ltd.,651,9.2,5989.2
21,23.0,1.0,18.0,1.0,0,8,Mumbai,Torrent Power Ltd.,651,9.2,5989.2
10,22.0,3.0,20.0,1.0,0,8,Mumbai,SJVN Ltd.,574,9.2,5280.800000000000
20,22.0,0.0,14.0,1.0,0,8,Mumbai,NHPC,615,9.2,5658.0
11,23.0,1.0,15.0,12.0,0,8,Mumbai,Torrent Power Ltd.,637,9.2,5860.4
15,23.0,2.0,10.0,1.0,0,8,Mumbai,Reliance Power,395,9.2,3634.0000000000000
17,22.0,2.0,4.0,1.0,0,8,Mumbai,TransRail Lighting,440,9.2,4048.0000000000000
19,22.0,0.0,6.0,1.0,0,8,Mumbai,Sterlite Power Transmission Ltd,323,9.2,2971.6
9,18.0,3.0,17.0,1.0,0,8,Mumbai,Orient Green,551,9.2,5069.2
7,19.0,2.0,13.0,7.0,0,8,Mumbai,KEC International,551,9.2,5069.2
14,22.0,2.0,5.0,1.0,0,8,Mumbai,Sterlite Power Transmission Ltd,342,9.2,3146.4000000000000
16,23.0,1.0,6.0,1.0,0,8,Mumbai,Adani Power Ltd.,486,9.2,4471.2
23,22.0,3.0,12.0,1.0,0,8,Mumbai,JSW Energy Ltd.,486,9.2,4471.2
7,19.0,2.0,4.0,1.0,0,8,Mumbai,Torrent Power Ltd.,287,9.2,2640.4000000000000
6,22.0,2.0,11.0,7.0,0,8,Mumbai,Indowind Energy,590,9.2,5428.0
6,17.0,0.0,18.0,1.0,0,8,Mumbai,L&T Transmission & Distribution,516,9.2,4747.2
17,23.0,0.0,14.0,1.0,0,8,Mumbai,NHPC,516,9.2,4747.2
8,20.0,1.0,16.0,1.0,0,8,Mumbai,Unitech Power Transmission Ltd.,421,9.2,3873.2
16,22.0,1.0,13.0,1.0,0,8,Mumbai,Optibelt Power Transmission India Private Limited,421,9.2,3873.2
8,22.0,1.0,3.0,1.0,0,8,Mumbai,"Maha Transco – Maharashtra State Electricity Transmission Co, Ltd.",500,9.2,4600.0
9,18.0,2.0,11.0,7.0,0,8,Mumbai,Adani Power Ltd.,439,9.2,4038.8000000000000
17,22.0,3.0,7.0,1.0,0,8,Mumbai,Sterlite Power Transmission Ltd,480,9.2,4416.0
10,19.0,2.0,13.0,1.0,0,8,Mumbai,Torrent Power Ltd.,480,9.2,4416.0
14,23.0,1.0,14.0,1.0,0,8,Mumbai,Jyoti Structure,480,9.2,4416.0
18,23.0,1.0,9.0,12.0,0,8,Mumbai,NHPC,533,9.2,4903.600000000000
12,22.0,3.0,12.0,1.0,0,8,Mumbai,NHPC,568,9.2,5225.600000000000
10,20.0,3.0,12.0,7.0,0,8,Mumbai,Torrent Power Ltd.,434,9.2,3992.8000000000000
7,23.0,1.0,21.0,1.0,0,8,Mumbai,JSW Energy Ltd.,434,9.2,3992.8000000000000
5,17.0,0.0,18.0,7.0,0,8,Mumbai,Neueon Towers / Sujana Towers Ltd.,434,9.2,3992.8000000000000
6,22.0,2.0,12.0,1.0,0,8,Mumbai,Sterlite Power Transmission Ltd,540,9.2,4968.0
8,17.0,0.0,19.0,1.0,0,8,Mumbai,TransRail Lighting,376,9.2,3459.2
8,19.0,2.0,3.0,1.0,0,8,Mumbai,Jyoti Structure,366,9.2,3367.2
12,23.0,2.0,11.0,12.0,0,8,Mumbai,Reliance Energy,514,9.2,4728.800000000000
22,22.0,1.0,8.0,1.0,0,8,Mumbai,Toshiba Transmission & Distribution Systems (India) Pvt. Ltd.,514,9.2,4728.800000000000
8,18.0,1.0,13.0,7.0,0,8,Mumbai,KEC International,468,9.2,4305.600000000000
23,23.0,0.0,15.0,1.0,0,8,Mumbai,Sterlite Power Transmission Ltd,476,9.2,4379.2
7,20.0,3.0,18.0,1.0,0,8,Mumbai,Toshiba Transmission & Distribution Systems (India) Pvt. Ltd.,400,9.2,3680.0000000000000
19,22.0,3.0,17.0,1.0,0,8,Mumbai,Adani Power Ltd.,685,9.2,6302.000000000000
15,23.0,0.0,20.0,12.0,0,8,Mumbai,Neueon Towers / Sujana Towers Ltd.,685,9.2,6302.000000000000
19,23.0,2.0,18.0,1.0,0,8,Mumbai,Reliance Power,685,9.2,6302.000000000000
9,18.0,3.0,12.0,1.0,0,8,Mumbai,Torrent Power Ltd.,355,9.2,3266.0000000000000
5,23.0,3.0,14.0,7.0,0,8,Mumbai,Tata Power Company Ltd.,508,9.2,4673.600000000000
15,22.0,1.0,3.0,1.0,0,8,Mumbai,Tata Power Company Ltd.,508,9.2,4673.600000000000
5,20.0,1.0,8.0,7.0,0,8,Mumbai,Unitech Power Transmission Ltd.,357,9.2,3284.4000000000000
6,19.0,2.0,10.0,1.0,0,8,Mumbai,Reliance Power,477,9.2,4388.4
11,23.0,0.0,11.0,1.0,0,8,Mumbai,"Maha Transco – Maharashtra State Electricity Transmission Co, Ltd.",580,9.2,5336.0
17,22.0,0.0,8.0,1.0,0,8,Mumbai,Ringfeder Power Transmission India Pvt. Ltd.,506,9.2,4655.2
20,23.0,1.0,11.0,1.0,0,8,Mumbai,Unitech Power Transmission Ltd.,585,9.2,5382.0
13,22.0,0.0,9.0,1.0,0,8,Mumbai,Optibelt Power Transmission India Private Limited,424,9.2,3900.8000000000000
9,17.0,3.0,22.0,1.0,0,8,Mumbai,TransRail Lighting,447,9.2,4112.4
14,22.0,2.0,14.0,1.0,0,8,Mumbai,Bonfiglioli Transmission Pvt. Ltd.,677,9.2,6228.4
19,22.0,0.0,6.0,12.0,0,8,Mumbai,TransRail Lighting,412,9.2,3790.4000000000000
23,22.0,3.0,10.0,1.0,0,8,Mumbai,TransRail Lighting,497,9.2,4572.4
13,23.0,0.0,12.0,12.0,0,8,Mumbai,Kalpataru Power,562,9.2,5170.4
7,17.0,2.0,22.0,7.0,0,8,Mumbai,Power Grid Corp,562,9.2,5170.4
21,23.0,1.0,22.0,12.0,0,8,Mumbai,Bonfiglioli Transmission Pvt. Ltd.,647,9.2,5952.4
10,21.0,2.0,19.0,1.0,0,8,Mumbai,Sunil Hitech Eng,665,9.2,6118.000000000000
20,22.0,3.0,6.0,1.0,0,8,Mumbai,Reliance Power,423,9.2,3891.6
11,22.0,2.0,10.0,12.0,0,8,Mumbai,SJVN Ltd.,617,9.2,5676.4
6,19.0,2.0,21.0,1.0,0,8,Mumbai,Jyoti Structure,386,9.2,3551.2
16,22.0,1.0,5.0,1.0,0,8,Mumbai,JSW Energy Ltd.,385,9.2,3542.0000000000000
9,18.0,1.0,5.0,1.0,0,8,Mumbai,L&T Transmission & Distribution,429,9.2,3946.8000000000000
7,20.0,1.0,10.0,1.0,0,8,Mumbai,NTPC Pvt. Ltd.,396,9.2,3643.2
5,22.0,2.0,9.0,1.0,0,8,Mumbai,"Maha Transco – Maharashtra State Electricity Transmission Co, Ltd.",475,9.2,4370.0
17,22.0,0.0,21.0,1.0,0,8,Mumbai,Reliance Power,475,9.2,4370.0
7,23.0,1.0,5.0,1.0,0,8,Mumbai,Adani Power Ltd.,475,9.2,4370.0
17,23.0,1.0,15.0,1.0,0,8,Mumbai,Ratnagiri Gas and Power Pvt. Ltd. (RGPPL),525,9.2,4830.0
12,22.0,1.0,7.0,1.0,0,8,Mumbai,Optibelt Power Transmission India Private Limited,525,9.2,4830.0
10,17.0,0.0,14.0,7.0,0,8,Mumbai,"Maha Transco – Maharashtra State Electricity Transmission Co, Ltd.",420,9.2,3864.0000000000000
7,22.0,1.0,13.0,1.0,0,8,Mumbai,Kalpataru Power,420,9.2,3864.0000000000000
11,22.0,3.0,22.0,12.0,0,8,Mumbai,SJVN Ltd.,735,9.2,6762.000000000000
20,23.0,2.0,10.0,1.0,0,8,Mumbai,NLC India,625,9.2,5750.0
15,23.0,3.0,21.0,1.0,0,8,Mumbai,TransRail Lighting,705,9.2,6486.000000000000
22,22.0,0.0,19.0,1.0,0,8,Mumbai,GE T&D India Limited,705,9.2,6486.000000000000
23,22.0,3.0,19.0,1.0,0,8,Mumbai,"Maha Transco – Maharashtra State Electricity Transmission Co, Ltd.",705,9.2,6486.000000000000
23,22.0,2.0,17.0,1.0,0,8,Mumbai,KEC International,518,9.2,4765.600000000000
15,23.0,1.0,19.0,1.0,0,8,Mumbai,L&T Transmission & Distribution,518,9.2,4765.600000000000
14,23.0,2.0,18.0,12.0,0,8,Mumbai,TransRail Lighting,732,9.2,6734.4
8,18.0,2.0,21.0,1.0,0,8,Mumbai,Unitech Power Transmission Ltd.,593,9.2,5455.600000000000
18,23.0,2.0,12.0,1.0,0,8,Mumbai,Jaiprakash Power,463,9.2,4259.600000000000
22,22.0,2.0,21.0,12.0,0,8,Mumbai,GE T&D India Limited,856,9.2,7875.2
18,22.0,2.0,22.0,12.0,0,8,Mumbai,Ringfeder Power Transmission India Pvt. Ltd.,629,9.2,5786.800000000000
10,21.0,3.0,19.0,1.0,0,8,Mumbai,Kalpataru Power,673,9.2,6191.600000000000
18,23.0,0.0,22.0,12.0,0,8,Mumbai,Orient Green,763,9.2,7019.600000000000
12,23.0,3.0,9.0,1.0,0,8,Mumbai,Power Grid Corp,599,9.2,5510.800000000000
23,22.0,2.0,9.0,12.0,0,8,Mumbai,TransRail Lighting,768,9.2,7065.600000000000
8,23.0,1.0,17.0,1.0,0,8,Mumbai,Unitech Power Transmission Ltd.,487,9.2,4480.4
20,23.0,3.0,12.0,12.0,0,8,Mumbai,Kalpataru Power,722,9.2,6642.4
18,23.0,1.0,3.0,12.0,0,8,Mumbai,"Maha Transco – Maharashtra State Electricity Transmission Co, Ltd.",503,9.2,4627.600000000000
14,22.0,3.0,19.0,12.0,0,8,Mumbai,TransRail Lighting,720,9.2,6624.000000000000
22,23.0,2.0,5.0,1.0,0,8,Mumbai,Neueon Towers / Sujana Towers Ltd.,606,9.2,5575.2
12,22.0,3.0,22.0,1.0,0,8,Mumbai,Toshiba Transmission & Distribution Systems (India) Pvt. Ltd.,606,9.2,5575.2
12,23.0,3.0,3.0,12.0,0,8,Mumbai,NLC India,643,9.2,5915.600000000000
20,22.0,0.0,16.0,1.0,0,8,Mumbai,Power Grid Corp,675,9.2,6210.000000000000
23,22.0,1.0,3.0,1.0,0,8,Mumbai,Bonfiglioli Transmission Pvt. Ltd.,369,9.2,3394.8000000000000
15,22.0,0.0,15.0,12.0,0,8,Mumbai,JSW Energy Ltd.,738,9.2,6789.600000000000
9,21.0,3.0,11.0,1.0,0,8,Mumbai,Jyoti Structure,367,9.2,3376.4000000000000
18,23.0,1.0,22.0,1.0,0,8,Mumbai,L&T Transmission & Distribution,658,9.2,6053.600000000000
6,23.0,0.0,7.0,7.0,0,8,Mumbai,NTPC Pvt. Ltd.,550,9.2,5060.0
12,22.0,0.0,12.0,1.0,0,8,Mumbai,Ringfeder Power Transmission India Pvt. Ltd.,550,9.2,5060.0
13,22.0,3.0,22.0,12.0,0,8,Mumbai,Orient Green,634,9.2,5832.800000000000
10,21.0,3.0,22.0,7.0,0,8,Mumbai,KEC International,634,9.2,5832.800000000000
22,22.0,0.0,8.0,12.0,0,8,Mumbai,Sunil Hitech Eng,655,9.2,6026.000000000000
8,20.0,0.0,15.0,1.0,0,8,Mumbai,Tata Power Company Ltd.,311,9.2,2861.2
11,23.0,1.0,6.0,12.0,0,8,Mumbai,"Maha Transco – Maharashtra State Electricity Transmission Co, Ltd.",554,9.2,5096.800000000000
9,20.0,2.0,3.0,1.0,0,8,Mumbai,NTPC Pvt. Ltd.,277,9.2,2548.4000000000000
7,18.0,1.0,10.0,7.0,0,8,Mumbai,Neueon Towers / Sujana Towers Ltd.,411,9.2,3781.2
5,17.0,1.0,20.0,1.0,0,8,Mumbai,Neueon Towers / Sujana Towers Ltd.,411,9.2,3781.2
13,23.0,1.0,18.0,12.0,0,8,Mumbai,Power Grid Corp,699,9.2,6430.800000000000
9,20.0,0.0,18.0,1.0,0,8,Mumbai,Orient Green,563,9.2,5179.600000000000
12,23.0,3.0,8.0,1.0,0,8,Mumbai,Ringfeder Power Transmission India Pvt. Ltd.,649,9.2,5970.800000000000
7,17.0,3.0,14.0,1.0,0,8,Mumbai,Torrent Power Ltd.,325,9.2,2990.0000000000000
14,23.0,2.0,9.0,12.0,0,8,Mumbai,NTPC Pvt. Ltd.,750,9.2,6900.000000000000
7,17.0,2.0,20.0,1.0,0,8,Mumbai,Reliance Energy,450,9.2,4140.0
21,23.0,3.0,17.0,1.0,0,8,Mumbai,Bonfiglioli Transmission Pvt. Ltd.,646,9.2,5943.2
9,19.0,1.0,14.0,1.0,0,8,Mumbai,Reliance Power,334,9.2,3072.8000000000000
8,20.0,3.0,15.0,7.0,0,8,Mumbai,Sterlite Power Transmission Ltd,671,9.2,6173.2
18,23.0,2.0,6.0,1.0,0,8,Mumbai,Kalpataru Power,605,9.2,5566.0
18,22.0,2.0,3.0,1.0,0,8,Mumbai,KEC International,377,9.2,3468.4000000000000
19,23.0,2.0,7.0,1.0,0,8,Mumbai,KEC International,659,9.2,6062.800000000000
16,23.0,3.0,18.0,1.0,0,8,Mumbai,Sterlite Power Transmission Ltd,659,9.2,6062.800000000000
18,22.0,1.0,16.0,12.0,0,8,Mumbai,Sunil Hitech Eng,778,9.2,7157.600000000000
6,17.0,2.0,13.0,1.0,0,8,Mumbai,JSW Energy Ltd.,329,9.2,3026.8000000000000
9,17.0,3.0,4.0,1.0,0,8,Mumbai,Unitech Power Transmission Ltd.,329,9.2,3026.8000000000000
21,23.0,3.0,13.0,1.0,0,8,Mumbai,Reliance Energy,756,9.2,6955.2
23,22.0,0.0,20.0,12.0,0,8,Mumbai,Neueon Towers / Sujana Towers Ltd.,806,9.2,7415.2
19,22.0,1.0,17.0,12.0,0,8,Mumbai,NTPC Pvt. Ltd.,804,9.2,7396.800000000000
6,17.0,1.0,15.0,1.0,0,8,Mumbai,SJVN Ltd.,282,9.2,2594.4000000000000
10,19.0,0.0,3.0,1.0,0,8,Mumbai,CESC,270,9.2,2484.0
8,22.0,0.0,8.0,1.0,0,8,Mumbai,Tata Power Company Ltd.,270,9.2,2484.0
8,23.0,0.0,3.0,1.0,0,8,Mumbai,NHPC,225,9.2,2070.0
10,19.0,0.0,7.0,1.0,0,8,Mumbai,Ringfeder Power Transmission India Pvt. Ltd.,343,9.2,3155.6
8,22.0,1.0,4.0,1.0,0,8,Mumbai,Orient Green,275,9.2,2530.0
6,17.0,0.0,4.0,1.0,0,8,Mumbai,KEC International,327,9.2,3008.4000000000000
7,19.0,1.0,12.0,1.0,0,8,Mumbai,TransRail Lighting,327,9.2,3008.4000000000000
15,23.0,3.0,22.0,1.0,0,8,Mumbai,NTPC Pvt. Ltd.,808,9.2,7433.600000000000
5,18.0,0.0,9.0,1.0,0,8,Mumbai,NLC India,213,9.2,1959.6
16,22.0,2.0,3.0,1.0,0,8,Mumbai,Reliance Power,387,9.2,3560.4000000000000
5,17.0,0.0,16.0,1.0,0,8,Mumbai,Tata Power Company Ltd.,387,9.2,3560.4000000000000
21,22.0,2.0,20.0,1.0,0,8,Mumbai,Guj Ind Power,754,9.2,6936.800000000000
22,22.0,3.0,16.0,1.0,0,8,Mumbai,Reliance Energy,736,9.2,6771.2
14,23.0,1.0,17.0,12.0,0,8,New Delhi,Tata Power Company Ltd.,553,8.5,4700.5
13,23.0,3.0,12.0,12.0,0,8,New Delhi,Optibelt Power Transmission India Private Limited,553,8.5,4700.5
11,22.0,2.0,10.0,1.0,0,8,New Delhi,Neueon Towers / Sujana Towers Ltd.,553,8.5,4700.5
20,22.0,3.0,16.0,12.0,0,8,New Delhi,NTPC Pvt. Ltd.,704,8.5,5984.0
19,23.0,0.0,19.0,1.0,0,8,New Delhi,CESC,440,8.5,3740.0
20,22.0,0.0,11.0,12.0,0,8,New Delhi,Torrent Power Ltd.,532,8.5,4522.0
7,20.0,1.0,15.0,1.0,0,8,New Delhi,TransRail Lighting,532,8.5,4522.0
6,22.0,1.0,16.0,1.0,0,8,New Delhi,Tata Power Company Ltd.,456,8.5,3876.0
15,23.0,3.0,21.0,1.0,0,8,New Delhi,Kalpataru Power,588,8.5,4998.0
21,23.0,1.0,19.0,1.0,0,8,New Delhi,Jyoti Structure,696,8.5,5916.0
19,23.0,3.0,16.0,1.0,0,8,New Delhi,GE T&D India Limited,651,8.5,5533.5
5,17.0,3.0,22.0,7.0,0,8,New Delhi,KEC International,663,8.5,5635.5
19,23.0,1.0,9.0,1.0,0,8,New Delhi,Ringfeder Power Transmission India Pvt. Ltd.,577,8.5,4904.5
5,20.0,1.0,11.0,7.0,0,8,New Delhi,CESC,386,8.5,3281.0
15,22.0,3.0,4.0,1.0,0,8,New Delhi,NLC India,561,8.5,4768.5
8,22.0,2.0,3.0,1.0,0,8,New Delhi,Reliance Power,417,8.5,3544.5
19,23.0,0.0,16.0,1.0,0,8,New Delhi,Bonfiglioli Transmission Pvt. Ltd.,417,8.5,3544.5
19,23.0,1.0,21.0,1.0,0,8,New Delhi,NHPC,697,8.5,5924.5
19,22.0,3.0,5.0,1.0,0,8,New Delhi,Jyoti Structure,541,8.5,4598.5
22,22.0,1.0,8.0,12.0,0,8,New Delhi,NLC India,527,8.5,4479.5
11,23.0,0.0,15.0,12.0,0,8,New Delhi,NHPC,545,8.5,4632.5
21,23.0,1.0,7.0,1.0,0,8,New Delhi,Torrent Power Ltd.,569,8.5,4836.5
15,23.0,0.0,15.0,1.0,0,8,New Delhi,Neueon Towers / Sujana Towers Ltd.,549,8.5,4666.5
20,23.0,2.0,12.0,1.0,0,8,New Delhi,NHPC,615,8.5,5227.5
17,22.0,2.0,12.0,1.0,0,8,New Delhi,Optibelt Power Transmission India Private Limited,615,8.5,5227.5
22,23.0,0.0,20.0,1.0,0,8,New Delhi,Jaiprakash Power,615,8.5,5227.5
15,22.0,2.0,21.0,1.0,0,8,New Delhi,Optibelt Power Transmission India Private Limited,688,8.5,5848.0
13,23.0,2.0,5.0,1.0,0,8,New Delhi,Indowind Energy,460,8.5,3910.0
9,23.0,0.0,8.0,1.0,0,8,New Delhi,SJVN Ltd.,429,8.5,3646.5
17,23.0,1.0,4.0,1.0,0,8,New Delhi,NHPC,429,8.5,3646.5
6,20.0,2.0,15.0,1.0,0,8,New Delhi,JSW Energy Ltd.,428,8.5,3638.0
16,23.0,3.0,10.0,1.0,0,8,New Delhi,Toshiba Transmission & Distribution Systems (India) Pvt. Ltd.,428,8.5,3638.0
10,23.0,3.0,5.0,1.0,0,8,New Delhi,Tata Power Company Ltd.,428,8.5,3638.0
11,22.0,1.0,12.0,12.0,0,8,New Delhi,Ratnagiri Gas and Power Pvt. Ltd. (RGPPL),604,8.5,5134.0
11,22.0,3.0,3.0,1.0,0,8,New Delhi,Unitech Power Transmission Ltd.,533,8.5,4530.5
17,22.0,0.0,18.0,1.0,0,8,New Delhi,GE T&D India Limited,533,8.5,4530.5
12,22.0,3.0,8.0,1.0,0,8,New Delhi,"Maha Transco – Maharashtra State Electricity Transmission Co, Ltd.",573,8.5,4870.5
13,23.0,2.0,9.0,1.0,0,8,New Delhi,Orient Green,487,8.5,4139.5
20,23.0,0.0,14.0,1.0,0,8,New Delhi,GE T&D India Limited,487,8.5,4139.5
22,22.0,2.0,7.0,1.0,0,8,New Delhi,Torrent Power Ltd.,635,8.5,5397.5
16,22.0,2.0,5.0,12.0,0,8,New Delhi,Optibelt Power Transmission India Private Limited,439,8.5,3731.5
20,22.0,3.0,11.0,1.0,0,8,New Delhi,JSW Energy Ltd.,629,8.5,5346.5
15,23.0,2.0,12.0,1.0,0,8,New Delhi,KEC International,629,8.5,5346.5
8,23.0,1.0,21.0,1.0,0,8,New Delhi,Reliance Power,552,8.5,4692.0
16,23.0,3.0,19.0,1.0,0,8,New Delhi,Neueon Towers / Sujana Towers Ltd.,552,8.5,4692.0
22,23.0,1.0,18.0,1.0,0,8,New Delhi,TransRail Lighting,552,8.5,4692.0
12,22.0,3.0,11.0,1.0,0,8,New Delhi,TransRail Lighting,469,8.5,3986.5
23,22.0,0.0,11.0,1.0,0,8,New Delhi,NHPC,631,8.5,5363.5
12,23.0,3.0,18.0,1.0,0,8,New Delhi,KEC International,538,8.5,4573.0
15,22.0,2.0,14.0,1.0,0,8,New Delhi,Kalpataru Power,543,8.5,4615.5
20,22.0,1.0,5.0,1.0,0,8,New Delhi,Optibelt Power Transmission India Private Limited,543,8.5,4615.5
7,17.0,3.0,15.0,7.0,0,8,New Delhi,Indowind Energy,595,8.5,5057.5
6,18.0,2.0,10.0,7.0,0,8,New Delhi,GE T&D India Limited,512,8.5,4352.0
20,22.0,0.0,19.0,1.0,0,8,New Delhi,Sterlite Power Transmission Ltd,512,8.5,4352.0
11,22.0,1.0,16.0,1.0,0,8,New Delhi,NLC India,592,8.5,5032.0
15,22.0,0.0,3.0,1.0,0,8,New Delhi,NLC India,414,8.5,3519.0
13,23.0,0.0,7.0,12.0,0,8,New Delhi,Orient Green,610,8.5,5185.0
10,18.0,0.0,8.0,7.0,0,8,New Delhi,Indowind Energy,499,8.5,4241.5
8,22.0,1.0,13.0,7.0,0,8,New Delhi,Power Grid Corp,598,8.5,5083.0
9,21.0,0.0,16.0,1.0,0,8,New Delhi,Unitech Power Transmission Ltd.,425,8.5,3612.5
11,23.0,0.0,13.0,1.0,0,8,New Delhi,SJVN Ltd.,589,8.5,5006.5
15,22.0,0.0,17.0,1.0,0,8,New Delhi,Reliance Power,395,8.5,3357.5
10,17.0,2.0,22.0,7.0,0,8,New Delhi,Torrent Power Ltd.,548,8.5,4658.0
21,23.0,1.0,13.0,1.0,0,8,New Delhi,NLC India,672,8.5,5712.0
11,22.0,0.0,18.0,1.0,0,8,New Delhi,Indowind Energy,500,8.5,4250.0
17,22.0,3.0,8.0,1.0,0,8,New Delhi,Reliance Energy,492,8.5,4182.0
17,23.0,1.0,12.0,1.0,0,8,New Delhi,Sunil Hitech Eng,441,8.5,3748.5
22,22.0,1.0,22.0,1.0,0,8,New Delhi,Ringfeder Power Transmission India Pvt. Ltd.,664,8.5,5644.0
14,23.0,0.0,22.0,1.0,0,8,New Delhi,Jaiprakash Power,566,8.5,4811.0
8,19.0,3.0,13.0,7.0,0,8,New Delhi,Reliance Power,490,8.5,4165.0
9,22.0,2.0,7.0,1.0,0,8,New Delhi,JSW Energy Ltd.,537,8.5,4564.5
12,22.0,0.0,7.0,1.0,0,8,New Delhi,Torrent Power Ltd.,537,8.5,4564.5
14,23.0,0.0,11.0,1.0,0,8,New Delhi,Torrent Power Ltd.,330,8.5,2805.0
10,17.0,3.0,20.0,1.0,0,8,New Delhi,Sunil Hitech Eng,424,8.5,3604.0
22,22.0,0.0,10.0,1.0,0,8,New Delhi,Power Grid Corp,536,8.5,4556.0
19,22.0,3.0,22.0,1.0,0,8,New Delhi,Guj Ind Power,644,8.5,5474.0
11,22.0,2.0,19.0,1.0,0,8,New Delhi,Neueon Towers / Sujana Towers Ltd.,461,8.5,3918.5
17,23.0,0.0,4.0,1.0,0,8,New Delhi,Optibelt Power Transmission India Private Limited,461,8.5,3918.5
21,23.0,2.0,3.0,1.0,0,8,New Delhi,Guj Ind Power,485,8.5,4122.5
16,22.0,1.0,15.0,1.0,0,8,New Delhi,Toshiba Transmission & Distribution Systems (India) Pvt. Ltd.,403,8.5,3425.5
6,23.0,0.0,18.0,1.0,0,8,New Delhi,"Maha Transco – Maharashtra State Electricity Transmission Co, Ltd.",403,8.5,3425.5
21,23.0,2.0,7.0,1.0,0,8,New Delhi,Adani Power Ltd.,523,8.5,4445.5
12,22.0,3.0,10.0,1.0,0,8,New Delhi,Kalpataru Power,617,8.5,5244.5
13,22.0,3.0,8.0,1.0,0,8,New Delhi,Ringfeder Power Transmission India Pvt. Ltd.,409,8.5,3476.5
13,23.0,3.0,13.0,1.0,0,8,New Delhi,Optibelt Power Transmission India Private Limited,586,8.5,4981.0
6,21.0,3.0,7.0,1.0,0,8,New Delhi,Sterlite Power Transmission Ltd,388,8.5,3298.0
9,21.0,0.0,16.0,1.0,0,8,New Delhi,Sterlite Power Transmission Ltd,522,8.5,4437.0
8,18.0,0.0,21.0,1.0,0,8,New Delhi,SJVN Ltd.,531,8.5,4513.5
11,23.0,1.0,21.0,1.0,0,8,New Delhi,Indowind Energy,531,8.5,4513.5
16,22.0,3.0,15.0,1.0,0,8,New Delhi,NLC India,531,8.5,4513.5
18,23.0,2.0,11.0,1.0,0,8,New Delhi,Orient Green,531,8.5,4513.5
10,22.0,0.0,22.0,1.0,0,8,New Delhi,Sterlite Power Transmission Ltd,454,8.5,3859.0
21,22.0,0.0,8.0,1.0,0,8,New Delhi,JSW Energy Ltd.,454,8.5,3859.0
13,22.0,1.0,21.0,1.0,0,8,New Delhi,JSW Energy Ltd.,496,8.5,4216.0
6,20.0,2.0,4.0,1.0,0,8,New Delhi,Torrent Power Ltd.,351,8.5,2983.5
23,22.0,0.0,14.0,1.0,0,8,New Delhi,Indowind Energy,458,8.5,3893.0
23,22.0,2.0,5.0,1.0,0,8,New Delhi,Power Grid Corp,535,8.5,4547.5
18,23.0,0.0,14.0,1.0,0,8,New Delhi,TransRail Lighting,535,8.5,4547.5
16,22.0,1.0,12.0,1.0,0,8,New Delhi,Sunil Hitech Eng,616,8.5,5236.0
6,21.0,2.0,7.0,1.0,0,8,New Delhi,Sunil Hitech Eng,342,8.5,2907.0
20,23.0,1.0,15.0,1.0,0,8,New Delhi,TransRail Lighting,693,8.5,5890.5
6,20.0,0.0,17.0,1.0,0,8,New Delhi,Guj Ind Power,433,8.5,3680.5
18,23.0,0.0,19.0,1.0,0,8,New Delhi,Torrent Power Ltd.,433,8.5,3680.5
14,23.0,1.0,17.0,1.0,0,8,New Delhi,Reliance Energy,433,8.5,3680.5
18,23.0,0.0,15.0,12.0,0,8,New Delhi,Bonfiglioli Transmission Pvt. Ltd.,742,8.5,6307.0
11,23.0,3.0,21.0,1.0,0,8,New Delhi,NLC India,750,8.5,6375.0
17,22.0,2.0,11.0,1.0,0,8,New Delhi,"Maha Transco – Maharashtra State Electricity Transmission Co, Ltd.",591,8.5,5023.5
8,22.0,1.0,22.0,1.0,0,8,New Delhi,Guj Ind Power,606,8.5,5151.0
18,22.0,2.0,4.0,12.0,0,8,New Delhi,KEC International,447,8.5,3799.5
16,23.0,2.0,19.0,1.0,0,8,New Delhi,Guj Ind Power,528,8.5,4488.0
14,22.0,3.0,15.0,12.0,0,8,New Delhi,Ratnagiri Gas and Power Pvt. Ltd. (RGPPL),720,8.5,6120.0
18,23.0,1.0,19.0,1.0,0,8,New Delhi,Bonfiglioli Transmission Pvt. Ltd.,686,8.5,5831.0
10,21.0,0.0,20.0,1.0,0,8,New Delhi,NHPC,444,8.5,3774.0
14,23.0,3.0,3.0,1.0,0,8,New Delhi,Ratnagiri Gas and Power Pvt. Ltd. (RGPPL),518,8.5,4403.0
9,19.0,0.0,21.0,7.0,0,8,New Delhi,NTPC Pvt. Ltd.,518,8.5,4403.0
17,22.0,3.0,10.0,1.0,0,8,New Delhi,Jyoti Structure,468,8.5,3978.0
8,19.0,0.0,17.0,1.0,0,8,New Delhi,Sunil Hitech Eng,332,8.5,2822.0
7,22.0,0.0,7.0,1.0,0,8,New Delhi,Bonfiglioli Transmission Pvt. Ltd.,261,8.5,2218.5
5,21.0,1.0,20.0,1.0,0,8,New Delhi,JSW Energy Ltd.,582,8.5,4947.0
6,21.0,2.0,11.0,1.0,0,8,New Delhi,TransRail Lighting,582,8.5,4947.0
8,19.0,1.0,12.0,1.0,0,8,New Delhi,Power Grid Corp,365,8.5,3102.5
10,19.0,1.0,8.0,1.0,0,8,New Delhi,Reliance Energy,377,8.5,3204.5
7,23.0,2.0,3.0,7.0,0,8,New Delhi,Optibelt Power Transmission India Private Limited,377,8.5,3204.5
5,18.0,0.0,15.0,1.0,0,8,New Delhi,GE T&D India Limited,377,8.5,3204.5
6,20.0,0.0,7.0,1.0,0,8,New Delhi,"Maha Transco – Maharashtra State Electricity Transmission Co, Ltd.",377,8.5,3204.5
15,23.0,1.0,10.0,1.0,0,8,New Delhi,Tata Power Company Ltd.,401,8.5,3408.5
20,23.0,0.0,18.0,12.0,0,8,New Delhi,Ringfeder Power Transmission India Pvt. Ltd.,772,8.5,6562.0
15,23.0,1.0,9.0,12.0,0,8,New Delhi,NHPC,467,8.5,3969.5
10,18.0,3.0,7.0,1.0,0,8,New Delhi,Optibelt Power Transmission India Private Limited,438,8.5,3723.0
20,22.0,2.0,13.0,1.0,0,8,New Delhi,NLC India,493,8.5,4190.5
11,23.0,2.0,9.0,1.0,0,8,New Delhi,Neueon Towers / Sujana Towers Ltd.,559,8.5,4751.5
23,22.0,2.0,4.0,1.0,0,8,New Delhi,SJVN Ltd.,478,8.5,4063.0
8,23.0,3.0,14.0,7.0,0,8,New Delhi,Jyoti Structure,640,8.5,5440.0
16,22.0,1.0,17.0,1.0,0,8,New Delhi,JSW Energy Ltd.,640,8.5,5440.0
8,18.0,1.0,19.0,7.0,0,8,New Delhi,Indowind Energy,416,8.5,3536.0
17,23.0,0.0,22.0,1.0,0,8,New Delhi,Bonfiglioli Transmission Pvt. Ltd.,451,8.5,3833.5
8,23.0,2.0,20.0,1.0,0,8,New Delhi,Torrent Power Ltd.,451,8.5,3833.5
13,22.0,3.0,22.0,1.0,0,8,New Delhi,JSW Energy Ltd.,657,8.5,5584.5
10,18.0,3.0,20.0,1.0,0,8,New Delhi,Toshiba Transmission & Distribution Systems (India) Pvt. Ltd.,477,8.5,4054.5
11,23.0,0.0,7.0,1.0,0,8,New Delhi,"Maha Transco – Maharashtra State Electricity Transmission Co, Ltd.",402,8.5,3417.0
23,22.0,0.0,16.0,1.0,0,8,New Delhi,NTPC Pvt. Ltd.,423,8.5,3595.5
6,18.0,3.0,9.0,1.0,0,8,New Delhi,Ringfeder Power Transmission India Pvt. Ltd.,497,8.5,4224.5
6,18.0,0.0,8.0,7.0,0,8,New Delhi,TransRail Lighting,406,8.5,3451.0
16,23.0,2.0,11.0,1.0,0,8,New Delhi,KEC International,406,8.5,3451.0
7,23.0,0.0,21.0,1.0,0,8,New Delhi,Ratnagiri Gas and Power Pvt. Ltd. (RGPPL),406,8.5,3451.0
18,23.0,2.0,13.0,1.0,0,8,New Delhi,Tata Power Company Ltd.,534,8.5,4539.0
13,22.0,3.0,4.0,12.0,0,8,New Delhi,Indowind Energy,534,8.5,4539.0
8,20.0,2.0,8.0,1.0,0,8,New Delhi,Orient Green,546,8.5,4641.0
9,22.0,0.0,17.0,1.0,0,8,New Delhi,CESC,355,8.5,3017.5
15,22.0,0.0,16.0,1.0,0,8,New Delhi,TransRail Lighting,554,8.5,4709.0
23,23.0,0.0,5.0,12.0,0,8,New Delhi,Kalpataru Power,554,8.5,4709.0
22,22.0,2.0,13.0,1.0,0,8,New Delhi,CESC,636,8.5,5406.0
9,22.0,0.0,12.0,1.0,0,8,New Delhi,Optibelt Power Transmission India Private Limited,390,8.5,3315.0
7,23.0,0.0,13.0,7.0,0,8,New Delhi,Jaiprakash Power,390,8.5,3315.0
8,20.0,3.0,18.0,1.0,0,8,New Delhi,NHPC,568,8.5,4828.0
13,22.0,2.0,9.0,1.0,0,8,New Delhi,NLC India,530,8.5,4505.0
16,23.0,0.0,7.0,1.0,0,8,New Delhi,Optibelt Power Transmission India Private Limited,530,8.5,4505.0
8,21.0,0.0,5.0,1.0,0,8,New Delhi,JSW Energy Ltd.,405,8.5,3442.5
5,18.0,0.0,19.0,1.0,0,8,New Delhi,Indowind Energy,400,8.5,3400.0
15,23.0,1.0,13.0,1.0,0,8,New Delhi,NHPC,574,8.5,4879.0
11,23.0,1.0,21.0,1.0,0,8,New Delhi,Indowind Energy,514,8.5,4369.0
7,23.0,3.0,12.0,1.0,0,8,New Delhi,NTPC Pvt. Ltd.,514,8.5,4369.0
5,21.0,2.0,10.0,1.0,0,8,New Delhi,CESC,465,8.5,3952.5
7,18.0,2.0,22.0,1.0,0,8,New Delhi,Sterlite Power Transmission Ltd,506,8.5,4301.0
6,23.0,3.0,12.0,1.0,0,8,New Delhi,JSW Energy Ltd.,501,8.5,4258.5
19,23.0,1.0,22.0,1.0,0,8,New Delhi,Toshiba Transmission & Distribution Systems (India) Pvt. Ltd.,572,8.5,4862.0
18,23.0,3.0,5.0,1.0,0,8,New Delhi,Unitech Power Transmission Ltd.,563,8.5,4785.5
8,19.0,2.0,11.0,1.0,0,8,New Delhi,JSW Energy Ltd.,426,8.5,3621.0
12,23.0,3.0,12.0,1.0,0,8,New Delhi,Adani Power Ltd.,612,8.5,5202.0
21,22.0,0.0,13.0,1.0,0,8,New Delhi,Reliance Power,511,8.5,4343.5
11,22.0,3.0,6.0,12.0,0,8,New Delhi,Orient Green,511,8.5,4343.5
5,23.0,3.0,3.0,1.0,0,8,New Delhi,KEC International,565,8.5,4802.5
19,23.0,1.0,3.0,1.0,0,8,New Delhi,Neueon Towers / Sujana Towers Ltd.,358,8.5,3043.0
7,18.0,1.0,5.0,1.0,0,8,New Delhi,KEC International,358,8.5,3043.0
12,23.0,2.0,6.0,1.0,0,8,New Delhi,Reliance Power,542,8.5,4607.0
22,23.0,2.0,3.0,1.0,0,8,New Delhi,Torrent Power Ltd.,622,8.5,5287.0
16,22.0,3.0,7.0,1.0,0,8,New Delhi,KEC International,575,8.5,4887.5
22,23.0,0.0,15.0,1.0,0,8,New Delhi,Orient Green,544,8.5,4624.0
19,23.0,3.0,4.0,1.0,0,8,New Delhi,GE T&D India Limited,475,8.5,4037.5
8,22.0,2.0,20.0,1.0,0,8,New Delhi,Kalpataru Power,455,8.5,3867.5
8,19.0,2.0,3.0,1.0,0,8,New Delhi,Adani Power Ltd.,462,8.5,3927.0
6,18.0,0.0,12.0,1.0,0,8,New Delhi,Orient Green,373,8.5,3170.5
13,23.0,3.0,19.0,1.0,0,8,New Delhi,Jyoti Structure,594,8.5,5049.0
21,23.0,0.0,10.0,1.0,0,8,New Delhi,Unitech Power Transmission Ltd.,594,8.5,5049.0
21,23.0,0.0,10.0,1.0,0,8,New Delhi,Jaiprakash Power,594,8.5,5049.0
23,23.0,2.0,10.0,1.0,0,8,New Delhi,Guj Ind Power,472,8.5,4012.0
5,21.0,0.0,21.0,1.0,0,8,New Delhi,Adani Power Ltd.,590,8.5,5015.0
8,22.0,3.0,20.0,1.0,0,8,New Delhi,Reliance Power,590,8.5,5015.0
16,22.0,2.0,4.0,1.0,0,8,New Delhi,Toshiba Transmission & Distribution Systems (India) Pvt. Ltd.,590,8.5,5015.0
7,21.0,3.0,14.0,1.0,0,8,New Delhi,"Maha Transco – Maharashtra State Electricity Transmission Co, Ltd.",384,8.5,3264.0
15,23.0,2.0,14.0,12.0,0,8,New Delhi,Bonfiglioli Transmission Pvt. Ltd.,649,8.5,5516.5
6,20.0,1.0,16.0,1.0,0,8,New Delhi,NLC India,557,8.5,4734.5
10,23.0,2.0,6.0,1.0,0,8,New Delhi,"Maha Transco – Maharashtra State Electricity Transmission Co, Ltd.",459,8.5,3901.5
10,20.0,0.0,21.0,1.0,0,8,New Delhi,Jyoti Structure,525,8.5,4462.5
6,23.0,1.0,5.0,1.0,0,8,New Delhi,Sterlite Power Transmission Ltd,412,8.5,3502.0
22,23.0,3.0,12.0,1.0,0,8,New Delhi,Reliance Power,521,8.5,4428.5
11,23.0,2.0,10.0,1.0,0,8,New Delhi,Power Grid Corp,473,8.5,4020.5
18,22.0,3.0,14.0,1.0,0,8,New Delhi,Guj Ind Power,505,8.5,4292.5
21,22.0,1.0,15.0,1.0,0,8,New Delhi,NHPC,448,8.5,3808.0
22,23.0,0.0,19.0,1.0,0,8,New Delhi,Tata Power Company Ltd.,601,8.5,5108.5
14,23.0,2.0,19.0,12.0,0,8,New Delhi,Sunil Hitech Eng,737,8.5,6264.5
17,22.0,1.0,15.0,1.0,0,8,New Delhi,KEC International,471,8.5,4003.5
19,23.0,1.0,8.0,1.0,0,8,New Delhi,Reliance Energy,471,8.5,4003.5
6,17.0,0.0,20.0,1.0,0,8,New Delhi,Reliance Energy,407,8.5,3459.5
22,22.0,0.0,12.0,1.0,0,8,New Delhi,Sunil Hitech Eng,398,8.5,3383.0
7,20.0,2.0,21.0,1.0,0,8,New Delhi,Optibelt Power Transmission India Private Limited,491,8.5,4173.5
22,22.0,3.0,10.0,1.0,0,8,New Delhi,NLC India,474,8.5,4029.0
17,23.0,0.0,21.0,12.0,0,8,New Delhi,NHPC,747,8.5,6349.5
19,23.0,3.0,13.0,1.0,0,8,New Delhi,Ringfeder Power Transmission India Pvt. Ltd.,700,8.5,5950.0
22,22.0,0.0,5.0,1.0,0,8,New Delhi,Jaiprakash Power,394,8.5,3349.0
22,23.0,3.0,8.0,1.0,0,8,New Delhi,Adani Power Ltd.,652,8.5,5542.0
16,23.0,3.0,9.0,1.0,0,8,New Delhi,Ratnagiri Gas and Power Pvt. Ltd. (RGPPL),619,8.5,5261.5
9,19.0,1.0,7.0,1.0,0,8,New Delhi,L&T Transmission & Distribution,374,8.5,3179.0
19,22.0,3.0,10.0,12.0,0,8,New Delhi,Orient Green,675,8.5,5737.5
21,23.0,3.0,10.0,1.0,0,8,New Delhi,CESC,675,8.5,5737.5
21,23.0,3.0,21.0,12.0,0,8,New Delhi,Sunil Hitech Eng,690,8.5,5865.0
15,22.0,3.0,11.0,1.0,0,8,New Delhi,Reliance Power,690,8.5,5865.0
19,22.0,3.0,16.0,12.0,0,8,New Delhi,Toshiba Transmission & Distribution Systems (India) Pvt. Ltd.,707,8.5,6009.5
6,23.0,3.0,10.0,1.0,0,8,New Delhi,Sunil Hitech Eng,495,8.5,4207.5
20,23.0,3.0,16.0,1.0,0,8,New Delhi,NLC India,711,8.5,6043.5
17,23.0,1.0,16.0,12.0,0,8,New Delhi,Sterlite Power Transmission Ltd,625,8.5,5312.5
14,22.0,0.0,6.0,1.0,0,8,New Delhi,TransRail Lighting,350,8.5,2975.0
11,22.0,0.0,3.0,1.0,0,8,New Delhi,Unitech Power Transmission Ltd.,303,8.5,2575.5
5,17.0,3.0,7.0,1.0,0,8,New Delhi,Neueon Towers / Sujana Towers Ltd.,277,8.5,2354.5
11,23.0,3.0,16.0,1.0,0,8,New Delhi,TransRail Lighting,502,8.5,4267.0
16,23.0,0.0,8.0,1.0,0,8,New Delhi,Ratnagiri Gas and Power Pvt. Ltd. (RGPPL),321,8.5,2728.5
10,22.0,3.0,14.0,7.0,0,8,New Delhi,Sterlite Power Transmission Ltd,638,8.5,5423.0
23,23.0,3.0,13.0,1.0,0,8,New Delhi,Ringfeder Power Transmission India Pvt. Ltd.,638,8.5,5423.0
20,23.0,3.0,12.0,1.0,0,8,New Delhi,"Maha Transco – Maharashtra State Electricity Transmission Co, Ltd.",685,8.5,5822.5
20,23.0,2.0,17.0,1.0,0,8,New Delhi,SJVN Ltd.,685,8.5,5822.5
22,23.0,2.0,8.0,1.0,0,8,New Delhi,Neueon Towers / Sujana Towers Ltd.,685,8.5,5822.5
16,22.0,1.0,20.0,1.0,0,8,New Delhi,NHPC,661,8.5,5618.5
9,17.0,0.0,13.0,1.0,0,8,New Delhi,Kalpataru Power,376,8.5,3196.0
5,20.0,3.0,22.0,7.0,0,8,New Delhi,Sunil Hitech Eng,679,8.5,5771.5
5,18.0,1.0,16.0,7.0,0,8,New Delhi,Ratnagiri Gas and Power Pvt. Ltd. (RGPPL),357,8.5,3034.5
20,23.0,1.0,17.0,12.0,0,8,New Delhi,GE T&D India Limited,792,8.5,6732.0
9,19.0,1.0,8.0,1.0,0,8,New Delhi,Reliance Power,391,8.5,3323.5
19,22.0,3.0,17.0,1.0,0,8,New Delhi,Unitech Power Transmission Ltd.,703,8.5,5975.5
9,18.0,2.0,4.0,1.0,0,8,New Delhi,CESC,222,8.5,1887.0
23,23.0,3.0,19.0,12.0,0,8,New Delhi,Toshiba Transmission & Distribution Systems (India) Pvt. Ltd.,926,8.5,7871.0
23,22.0,2.0,16.0,1.0,0,8,New Delhi,Toshiba Transmission & Distribution Systems (India) Pvt. Ltd.,746,8.5,6341.0
23,22.0,2.0,15.0,12.0,0,8,New Delhi,Ratnagiri Gas and Power Pvt. Ltd. (RGPPL),746,8.5,6341.0
17,23.0,3.0,4.0,12.0,0,8,New Delhi,Sterlite Power Transmission Ltd,645,8.5,5482.5
15,23.0,3.0,11.0,1.0,0,8,New Delhi,Unitech Power Transmission Ltd.,597,8.5,5074.5
18,23.0,1.0,11.0,1.0,0,8,New Delhi,NHPC,597,8.5,5074.5
8,17.0,2.0,5.0,1.0,0,8,New Delhi,JSW Energy Ltd.,274,8.5,2329.0
5,18.0,3.0,5.0,1.0,0,8,New Delhi,Sunil Hitech Eng,253,8.5,2150.5
10,20.0,1.0,9.0,1.0,0,8,New Delhi,Indowind Energy,320,8.5,2720.0
18,22.0,0.0,8.0,1.0,0,8,New Delhi,NHPC,320,8.5,2720.0
5,20.0,3.0,4.0,1.0,0,8,New Delhi,Optibelt Power Transmission India Private Limited,270,8.5,2295.0
7,20.0,1.0,3.0,1.0,0,8,New Delhi,Kalpataru Power,210,8.5,1785.0
7,19.0,1.0,8.0,1.0,0,8,New Delhi,Power Grid Corp,306,8.5,2601.0
14,22.0,0.0,6.0,1.0,0,8,New Delhi,Bonfiglioli Transmission Pvt. Ltd.,300,8.5,2550.0
18,22.0,0.0,21.0,12.0,0,8,New Delhi,Tata Power Company Ltd.,768,8.5,6528.0
15,22.0,2.0,10.0,12.0,0,8,New Delhi,NLC India,715,8.5,6077.5
6,19.0,0.0,11.0,1.0,0,8,New Delhi,NLC India,232,8.5,1972.0
23,22.0,1.0,16.0,12.0,0,9,Hyderabad,Torrent Power Ltd.,553,8.4,4645.2
21,23.0,1.0,21.0,1.0,0,9,Hyderabad,Torrent Power Ltd.,632,8.4,5308.8
23,22.0,3.0,16.0,1.0,0,9,Hyderabad,Indowind Energy,704,8.4,5913.6
10,22.0,3.0,18.0,1.0,0,9,Hyderabad,Reliance Energy,704,8.4,5913.6
19,22.0,3.0,5.0,1.0,0,9,Hyderabad,Power Grid Corp,616,8.4,5174.400000000000
9,21.0,1.0,15.0,1.0,0,9,Hyderabad,Jyoti Structure,528,8.4,4435.2
9,17.0,3.0,17.0,1.0,0,9,Hyderabad,KEC International,528,8.4,4435.2
10,17.0,2.0,14.0,1.0,0,9,Hyderabad,Neueon Towers / Sujana Towers Ltd.,456,8.4,3830.4
6,19.0,2.0,10.0,1.0,0,9,Hyderabad,Reliance Power,475,8.4,3990.0
11,22.0,0.0,16.0,1.0,0,9,Hyderabad,"Maha Transco – Maharashtra State Electricity Transmission Co, Ltd.",437,8.4,3670.8
13,23.0,3.0,8.0,1.0,0,9,Hyderabad,Ringfeder Power Transmission India Pvt. Ltd.,405,8.4,3402.0
17,23.0,0.0,3.0,12.0,0,9,Hyderabad,Power Grid Corp,405,8.4,3402.0
16,22.0,0.0,12.0,1.0,0,9,Hyderabad,Sunil Hitech Eng,432,8.4,3628.8
18,23.0,1.0,12.0,1.0,0,9,Hyderabad,Guj Ind Power,432,8.4,3628.8
9,18.0,0.0,17.0,7.0,0,9,Hyderabad,Bonfiglioli Transmission Pvt. Ltd.,432,8.4,3628.8
19,23.0,0.0,18.0,12.0,0,9,Hyderabad,NHPC,621,8.4,5216.400000000000
15,23.0,2.0,3.0,1.0,0,9,Hyderabad,Orient Green,508,8.4,4267.2
17,23.0,3.0,7.0,1.0,0,9,Hyderabad,KEC International,503,8.4,4225.2
23,22.0,2.0,4.0,1.0,0,9,Hyderabad,KEC International,503,8.4,4225.2
14,22.0,0.0,4.0,12.0,0,9,Hyderabad,Guj Ind Power,503,8.4,4225.2
8,21.0,1.0,5.0,1.0,0,9,Hyderabad,JSW Energy Ltd.,444,8.4,3729.6000000000000
6,23.0,2.0,4.0,1.0,0,9,Hyderabad,TransRail Lighting,444,8.4,3729.6000000000000
11,23.0,3.0,9.0,1.0,0,9,Hyderabad,Neueon Towers / Sujana Towers Ltd.,444,8.4,3729.6000000000000
15,23.0,0.0,15.0,1.0,0,9,Hyderabad,Orient Green,599,8.4,5031.6
17,23.0,1.0,10.0,1.0,0,9,Hyderabad,Unitech Power Transmission Ltd.,587,8.4,4930.8
19,23.0,1.0,18.0,1.0,0,9,Hyderabad,Unitech Power Transmission Ltd.,587,8.4,4930.8
22,23.0,0.0,17.0,1.0,0,9,Hyderabad,L&T Transmission & Distribution,518,8.4,4351.2
20,22.0,2.0,21.0,1.0,0,9,Hyderabad,Tata Power Company Ltd.,518,8.4,4351.2
11,23.0,2.0,15.0,1.0,0,9,Hyderabad,NHPC,589,8.4,4947.6
6,20.0,3.0,16.0,7.0,0,9,Hyderabad,JSW Energy Ltd.,487,8.4,4090.8
20,23.0,3.0,4.0,1.0,0,9,Hyderabad,Sunil Hitech Eng,507,8.4,4258.8
23,23.0,3.0,14.0,12.0,0,9,Hyderabad,Power Grid Corp,612,8.4,5140.8
20,23.0,2.0,10.0,1.0,0,9,Hyderabad,Bonfiglioli Transmission Pvt. Ltd.,511,8.4,4292.400000000000
13,23.0,0.0,5.0,12.0,0,9,Hyderabad,Tata Power Company Ltd.,568,8.4,4771.2
7,21.0,1.0,8.0,1.0,0,9,Hyderabad,Tata Power Company Ltd.,372,8.4,3124.8
19,22.0,1.0,20.0,1.0,0,9,Hyderabad,Jaiprakash Power,615,8.4,5166.0
13,22.0,1.0,14.0,1.0,0,9,Hyderabad,Power Grid Corp,615,8.4,5166.0
15,22.0,3.0,16.0,12.0,0,9,Hyderabad,Neueon Towers / Sujana Towers Ltd.,633,8.4,5317.2
8,23.0,0.0,5.0,1.0,0,9,Hyderabad,CESC,409,8.4,3435.6000000000000
18,23.0,0.0,19.0,1.0,0,9,Hyderabad,CESC,409,8.4,3435.6000000000000
7,20.0,0.0,16.0,1.0,0,9,Hyderabad,Jyoti Structure,397,8.4,3334.8
13,22.0,2.0,16.0,1.0,0,9,Hyderabad,Unitech Power Transmission Ltd.,397,8.4,3334.8
12,22.0,1.0,8.0,1.0,0,9,Hyderabad,Guj Ind Power,420,8.4,3528.0
13,22.0,0.0,6.0,1.0,0,9,Hyderabad,Ratnagiri Gas and Power Pvt. Ltd. (RGPPL),502,8.4,4216.8
22,23.0,0.0,7.0,1.0,0,9,Hyderabad,Indowind Energy,573,8.4,4813.2
19,23.0,0.0,18.0,1.0,0,9,Hyderabad,Tata Power Company Ltd.,573,8.4,4813.2
16,23.0,2.0,3.0,1.0,0,9,Hyderabad,Neueon Towers / Sujana Towers Ltd.,573,8.4,4813.2
18,22.0,1.0,17.0,1.0,0,9,Hyderabad,NLC India,573,8.4,4813.2
12,22.0,2.0,17.0,1.0,0,9,Hyderabad,Adani Power Ltd.,573,8.4,4813.2
11,23.0,2.0,4.0,1.0,0,9,Hyderabad,Neueon Towers / Sujana Towers Ltd.,342,8.4,2872.8
5,23.0,0.0,19.0,1.0,0,9,Hyderabad,NHPC,490,8.4,4116.0
5,21.0,0.0,13.0,1.0,0,9,Hyderabad,JSW Energy Ltd.,467,8.4,3922.8
16,22.0,2.0,8.0,1.0,0,9,Hyderabad,Ringfeder Power Transmission India Pvt. Ltd.,565,8.4,4746.0
9,17.0,3.0,22.0,1.0,0,9,Hyderabad,Jaiprakash Power,565,8.4,4746.0
21,23.0,3.0,10.0,1.0,0,9,Hyderabad,Orient Green,653,8.4,5485.2
12,23.0,3.0,13.0,1.0,0,9,Hyderabad,Ringfeder Power Transmission India Pvt. Ltd.,620,8.4,5208.0
9,21.0,1.0,13.0,1.0,0,9,Hyderabad,CESC,463,8.4,3889.2000000000000
7,19.0,3.0,18.0,7.0,0,9,Hyderabad,NTPC Pvt. Ltd.,563,8.4,4729.2
13,22.0,0.0,20.0,1.0,0,9,Hyderabad,CESC,483,8.4,4057.2000000000000
10,22.0,2.0,8.0,1.0,0,9,Hyderabad,Guj Ind Power,411,8.4,3452.4
6,23.0,3.0,19.0,1.0,0,9,Hyderabad,L&T Transmission & Distribution,521,8.4,4376.400000000000
16,23.0,1.0,21.0,1.0,0,9,Hyderabad,Orient Green,597,8.4,5014.8
21,23.0,1.0,22.0,1.0,0,9,Hyderabad,Guj Ind Power,597,8.4,5014.8
23,22.0,1.0,16.0,1.0,0,9,Hyderabad,Ratnagiri Gas and Power Pvt. Ltd. (RGPPL),610,8.4,5124.0
22,22.0,3.0,13.0,1.0,0,9,Hyderabad,Optibelt Power Transmission India Private Limited,610,8.4,5124.0
14,23.0,2.0,15.0,1.0,0,9,Hyderabad,SJVN Ltd.,610,8.4,5124.0
5,20.0,0.0,20.0,1.0,0,9,Hyderabad,Unitech Power Transmission Ltd.,414,8.4,3477.6000000000000
17,23.0,2.0,15.0,1.0,0,9,Hyderabad,Power Grid Corp,451,8.4,3788.4
10,21.0,2.0,17.0,1.0,0,9,Hyderabad,Power Grid Corp,529,8.4,4443.6
18,23.0,3.0,19.0,12.0,0,9,Hyderabad,"Maha Transco – Maharashtra State Electricity Transmission Co, Ltd.",629,8.4,5283.6
19,22.0,2.0,6.0,12.0,0,9,Hyderabad,NTPC Pvt. Ltd.,445,8.4,3738.0
17,23.0,3.0,7.0,1.0,0,9,Hyderabad,NHPC,445,8.4,3738.0
16,22.0,0.0,9.0,12.0,0,9,Hyderabad,CESC,504,8.4,4233.6
10,18.0,3.0,14.0,1.0,0,9,Hyderabad,Optibelt Power Transmission India Private Limited,489,8.4,4107.6
18,22.0,3.0,5.0,12.0,0,9,Hyderabad,Reliance Power,595,8.4,4998.0
19,22.0,2.0,15.0,1.0,0,9,Hyderabad,Bonfiglioli Transmission Pvt. Ltd.,577,8.4,4846.8
17,22.0,1.0,11.0,1.0,0,9,Hyderabad,NTPC Pvt. Ltd.,390,8.4,3276.0
21,22.0,2.0,22.0,1.0,0,9,Hyderabad,CESC,566,8.4,4754.400000000000
10,18.0,1.0,11.0,1.0,0,9,Hyderabad,Jaiprakash Power,399,8.4,3351.6000000000000
11,23.0,1.0,17.0,1.0,0,9,Hyderabad,Bonfiglioli Transmission Pvt. Ltd.,399,8.4,3351.6000000000000
17,22.0,0.0,17.0,1.0,0,9,Hyderabad,Indowind Energy,377,8.4,3166.8
17,22.0,0.0,4.0,1.0,0,9,Hyderabad,Jaiprakash Power,377,8.4,3166.8
12,22.0,1.0,5.0,12.0,0,9,Hyderabad,Sunil Hitech Eng,389,8.4,3267.6000000000000
12,23.0,1.0,7.0,1.0,0,9,Hyderabad,Unitech Power Transmission Ltd.,459,8.4,3855.6000000000000
6,19.0,1.0,4.0,1.0,0,9,Hyderabad,Jyoti Structure,418,8.4,3511.2000000000000
22,23.0,3.0,13.0,1.0,0,9,Hyderabad,JSW Energy Ltd.,524,8.4,4401.6
23,23.0,2.0,14.0,1.0,0,9,Hyderabad,Neueon Towers / Sujana Towers Ltd.,481,8.4,4040.4
11,22.0,1.0,12.0,12.0,0,9,Hyderabad,Optibelt Power Transmission India Private Limited,544,8.4,4569.6
22,22.0,2.0,3.0,1.0,0,9,Hyderabad,Ratnagiri Gas and Power Pvt. Ltd. (RGPPL),544,8.4,4569.6
21,23.0,3.0,3.0,1.0,0,9,Hyderabad,Ringfeder Power Transmission India Pvt. Ltd.,617,8.4,5182.8
22,23.0,2.0,14.0,1.0,0,9,Hyderabad,KEC International,617,8.4,5182.8
14,23.0,2.0,19.0,1.0,0,9,Hyderabad,CESC,666,8.4,5594.400000000000
6,23.0,3.0,14.0,1.0,0,9,Hyderabad,Jyoti Structure,562,8.4,4720.8
16,23.0,3.0,17.0,1.0,0,9,Hyderabad,Ratnagiri Gas and Power Pvt. Ltd. (RGPPL),639,8.4,5367.6
15,22.0,0.0,15.0,1.0,0,9,Hyderabad,Jaiprakash Power,515,8.4,4326.0
23,23.0,0.0,6.0,1.0,0,9,Hyderabad,CESC,520,8.4,4368.0
21,22.0,0.0,21.0,1.0,0,9,Hyderabad,JSW Energy Ltd.,520,8.4,4368.0
10,22.0,0.0,4.0,1.0,0,9,Hyderabad,JSW Energy Ltd.,362,8.4,3040.8
7,18.0,2.0,17.0,7.0,0,9,Hyderabad,Neueon Towers / Sujana Towers Ltd.,486,8.4,4082.4
6,20.0,1.0,7.0,1.0,0,9,Hyderabad,NLC India,441,8.4,3704.4
16,23.0,0.0,5.0,12.0,0,9,Hyderabad,Reliance Power,559,8.4,4695.6
6,17.0,0.0,5.0,1.0,0,9,Hyderabad,KEC International,286,8.4,2402.4
10,18.0,1.0,7.0,1.0,0,9,Hyderabad,"Maha Transco – Maharashtra State Electricity Transmission Co, Ltd.",286,8.4,2402.4
17,23.0,3.0,18.0,1.0,0,9,Hyderabad,Kalpataru Power,522,8.4,4384.8
21,23.0,3.0,10.0,1.0,0,9,Hyderabad,Reliance Power,609,8.4,5115.6
20,22.0,3.0,7.0,12.0,0,9,Hyderabad,Kalpataru Power,667,8.4,5602.8
19,23.0,3.0,15.0,1.0,0,9,Hyderabad,SJVN Ltd.,558,8.4,4687.2
10,23.0,1.0,22.0,1.0,0,9,Hyderabad,KEC International,492,8.4,4132.8
16,23.0,0.0,18.0,1.0,0,9,Hyderabad,Indowind Energy,624,8.4,5241.6
10,21.0,3.0,12.0,1.0,0,9,Hyderabad,GE T&D India Limited,624,8.4,5241.6
16,22.0,3.0,12.0,1.0,0,9,Hyderabad,Unitech Power Transmission Ltd.,429,8.4,3603.6000000000000
21,22.0,1.0,4.0,1.0,0,9,Hyderabad,Reliance Power,429,8.4,3603.6000000000000
11,23.0,1.0,4.0,1.0,0,9,Hyderabad,Jaiprakash Power,455,8.4,3822.0
16,23.0,1.0,18.0,1.0,0,9,Hyderabad,Orient Green,663,8.4,5569.2
12,23.0,1.0,9.0,12.0,0,9,Hyderabad,L&T Transmission & Distribution,546,8.4,4586.400000000000
13,23.0,3.0,5.0,1.0,0,9,Hyderabad,Toshiba Transmission & Distribution Systems (India) Pvt. Ltd.,611,8.4,5132.400000000000
7,21.0,1.0,22.0,1.0,0,9,Hyderabad,Optibelt Power Transmission India Private Limited,440,8.4,3696.0
17,23.0,2.0,10.0,1.0,0,9,Hyderabad,Adani Power Ltd.,440,8.4,3696.0
9,20.0,2.0,12.0,7.0,0,9,Hyderabad,Ratnagiri Gas and Power Pvt. Ltd. (RGPPL),605,8.4,5082.0
15,22.0,1.0,6.0,12.0,0,9,Hyderabad,Kalpataru Power,637,8.4,5350.8
12,23.0,3.0,3.0,1.0,0,9,Hyderabad,TransRail Lighting,533,8.4,4477.2
19,23.0,3.0,9.0,1.0,0,9,Hyderabad,Power Grid Corp,533,8.4,4477.2
8,18.0,0.0,17.0,1.0,0,9,Hyderabad,Toshiba Transmission & Distribution Systems (India) Pvt. Ltd.,316,8.4,2654.4
8,22.0,0.0,8.0,1.0,0,9,Hyderabad,Unitech Power Transmission Ltd.,462,8.4,3880.8
15,23.0,2.0,4.0,1.0,0,9,Hyderabad,Toshiba Transmission & Distribution Systems (India) Pvt. Ltd.,462,8.4,3880.8
22,23.0,1.0,5.0,12.0,0,9,Hyderabad,SJVN Ltd.,462,8.4,3880.8
12,22.0,0.0,10.0,1.0,0,9,Hyderabad,CESC,285,8.4,2394.0
5,18.0,2.0,15.0,1.0,0,9,Hyderabad,CESC,417,8.4,3502.8
8,18.0,2.0,19.0,1.0,0,9,Hyderabad,KEC International,428,8.4,3595.2000000000000
23,22.0,0.0,5.0,12.0,0,9,Hyderabad,Indowind Energy,514,8.4,4317.6
19,23.0,0.0,21.0,1.0,0,9,Hyderabad,TransRail Lighting,514,8.4,4317.6
19,23.0,1.0,8.0,1.0,0,9,Hyderabad,Sunil Hitech Eng,619,8.4,5199.6
16,22.0,2.0,7.0,1.0,0,9,Hyderabad,Sterlite Power Transmission Ltd,482,8.4,4048.8
12,22.0,1.0,6.0,1.0,0,9,Hyderabad,Sunil Hitech Eng,482,8.4,4048.8
14,23.0,1.0,3.0,12.0,0,9,Hyderabad,Torrent Power Ltd.,482,8.4,4048.8
16,23.0,0.0,18.0,1.0,0,9,Hyderabad,Jyoti Structure,482,8.4,4048.8
9,23.0,0.0,9.0,1.0,0,9,Hyderabad,Jyoti Structure,525,8.4,4410.0
14,23.0,1.0,3.0,1.0,0,9,Hyderabad,Unitech Power Transmission Ltd.,525,8.4,4410.0
19,23.0,1.0,21.0,1.0,0,9,Hyderabad,Indowind Energy,635,8.4,5334.0
11,23.0,3.0,5.0,1.0,0,9,Hyderabad,TransRail Lighting,461,8.4,3872.4
5,18.0,2.0,17.0,1.0,0,9,Hyderabad,Jaiprakash Power,461,8.4,3872.4
5,22.0,0.0,6.0,1.0,0,9,Hyderabad,Kalpataru Power,328,8.4,2755.2000000000000
13,23.0,2.0,5.0,12.0,0,9,Hyderabad,NHPC,590,8.4,4956.0
17,23.0,3.0,15.0,1.0,0,9,Hyderabad,Jyoti Structure,590,8.4,4956.0
9,19.0,1.0,21.0,1.0,0,9,Hyderabad,Toshiba Transmission & Distribution Systems (India) Pvt. Ltd.,607,8.4,5098.8
12,22.0,3.0,16.0,1.0,0,9,Hyderabad,Toshiba Transmission & Distribution Systems (India) Pvt. Ltd.,600,8.4,5040.0
19,22.0,0.0,12.0,1.0,0,9,Hyderabad,Jyoti Structure,608,8.4,5107.2
21,23.0,1.0,12.0,1.0,0,9,Hyderabad,L&T Transmission & Distribution,571,8.4,4796.400000000000
6,20.0,3.0,10.0,1.0,0,9,Hyderabad,Orient Green,382,8.4,3208.8
8,22.0,1.0,7.0,1.0,0,9,Hyderabad,Torrent Power Ltd.,287,8.4,2410.8
11,22.0,2.0,4.0,1.0,0,9,Hyderabad,Jyoti Structure,439,8.4,3687.6000000000000
10,23.0,2.0,18.0,1.0,0,9,Hyderabad,NHPC,469,8.4,3939.6000000000000
8,22.0,3.0,18.0,7.0,0,9,Hyderabad,Optibelt Power Transmission India Private Limited,532,8.4,4468.8
12,22.0,2.0,11.0,1.0,0,9,Hyderabad,Guj Ind Power,532,8.4,4468.8
15,23.0,3.0,10.0,1.0,0,9,Hyderabad,Reliance Power,465,8.4,3906.0
9,20.0,2.0,15.0,1.0,0,9,Hyderabad,L&T Transmission & Distribution,398,8.4,3343.2000000000000
12,22.0,1.0,21.0,1.0,0,9,Hyderabad,SJVN Ltd.,560,8.4,4704.0
18,22.0,0.0,13.0,1.0,0,9,Hyderabad,SJVN Ltd.,530,8.4,4452.0
21,22.0,3.0,7.0,1.0,0,9,Hyderabad,Orient Green,530,8.4,4452.0
9,22.0,0.0,9.0,1.0,0,9,Hyderabad,Indowind Energy,477,8.4,4006.8
6,17.0,3.0,3.0,1.0,0,9,Hyderabad,KEC International,357,8.4,2998.8
7,18.0,2.0,22.0,1.0,0,9,Hyderabad,TransRail Lighting,367,8.4,3082.8
8,20.0,1.0,9.0,7.0,0,9,Hyderabad,Sunil Hitech Eng,541,8.4,4544.400000000000
17,22.0,2.0,16.0,1.0,0,9,Hyderabad,Ratnagiri Gas and Power Pvt. Ltd. (RGPPL),647,8.4,5434.8
23,22.0,1.0,6.0,1.0,0,9,Hyderabad,TransRail Lighting,339,8.4,2847.6
8,19.0,1.0,18.0,7.0,0,9,Hyderabad,Ringfeder Power Transmission India Pvt. Ltd.,448,8.4,3763.2000000000000
7,20.0,1.0,22.0,1.0,0,9,Hyderabad,KEC International,491,8.4,4124.400000000000
10,17.0,3.0,5.0,7.0,0,9,Hyderabad,Unitech Power Transmission Ltd.,466,8.4,3914.4
13,23.0,1.0,7.0,1.0,0,9,Hyderabad,Torrent Power Ltd.,466,8.4,3914.4
6,22.0,1.0,13.0,1.0,0,9,Hyderabad,Ratnagiri Gas and Power Pvt. Ltd. (RGPPL),554,8.4,4653.6
22,22.0,0.0,11.0,1.0,0,9,Hyderabad,NLC India,554,8.4,4653.6
8,21.0,0.0,21.0,1.0,0,9,Hyderabad,Orient Green,554,8.4,4653.6
21,22.0,1.0,20.0,1.0,0,9,Hyderabad,Adani Power Ltd.,554,8.4,4653.6
20,23.0,2.0,17.0,1.0,0,9,Hyderabad,Indowind Energy,684,8.4,5745.6
10,20.0,1.0,3.0,1.0,0,9,Hyderabad,NTPC Pvt. Ltd.,235,8.4,1974.0
8,21.0,3.0,6.0,7.0,0,9,Hyderabad,Jyoti Structure,393,8.4,3301.2000000000000
5,17.0,2.0,21.0,1.0,0,9,Hyderabad,Optibelt Power Transmission India Private Limited,393,8.4,3301.2000000000000
14,23.0,2.0,3.0,1.0,0,9,Hyderabad,TransRail Lighting,393,8.4,3301.2000000000000
15,22.0,3.0,8.0,1.0,0,9,Hyderabad,Optibelt Power Transmission India Private Limited,427,8.4,3586.8
14,23.0,0.0,17.0,1.0,0,9,Hyderabad,Orient Green,391,8.4,3284.4
12,22.0,2.0,12.0,1.0,0,9,Hyderabad,Power Grid Corp,391,8.4,3284.4
12,23.0,3.0,16.0,1.0,0,9,Hyderabad,SJVN Ltd.,442,8.4,3712.8
5,22.0,1.0,15.0,1.0,0,9,Hyderabad,Reliance Energy,325,8.4,2730.0
16,22.0,1.0,16.0,1.0,0,9,Hyderabad,Indowind Energy,567,8.4,4762.8
10,21.0,3.0,9.0,1.0,0,9,Hyderabad,Jyoti Structure,567,8.4,4762.8
16,23.0,1.0,5.0,12.0,0,9,Hyderabad,"Maha Transco – Maharashtra State Electricity Transmission Co, Ltd.",567,8.4,4762.8
17,23.0,2.0,16.0,1.0,0,9,Hyderabad,NLC India,696,8.4,5846.400000000000
7,22.0,1.0,16.0,1.0,0,9,Hyderabad,Power Grid Corp,501,8.4,4208.400000000000
7,19.0,1.0,14.0,1.0,0,9,Hyderabad,Guj Ind Power,501,8.4,4208.400000000000
14,22.0,0.0,17.0,1.0,0,9,Hyderabad,Guj Ind Power,450,8.4,3780.0
21,23.0,0.0,17.0,1.0,0,9,Hyderabad,Jyoti Structure,496,8.4,4166.400000000000
19,22.0,1.0,17.0,1.0,0,9,Hyderabad,Toshiba Transmission & Distribution Systems (India) Pvt. Ltd.,496,8.4,4166.400000000000
16,23.0,1.0,10.0,1.0,0,9,Hyderabad,Optibelt Power Transmission India Private Limited,578,8.4,4855.2
10,23.0,3.0,5.0,1.0,0,9,Hyderabad,Neueon Towers / Sujana Towers Ltd.,578,8.4,4855.2
21,23.0,2.0,9.0,12.0,0,9,Hyderabad,GE T&D India Limited,662,8.4,5560.8
16,22.0,2.0,22.0,1.0,0,9,Hyderabad,KEC International,575,8.4,4830.0
16,23.0,3.0,3.0,1.0,0,9,Hyderabad,Toshiba Transmission & Distribution Systems (India) Pvt. Ltd.,575,8.4,4830.0
9,20.0,0.0,11.0,7.0,0,9,Hyderabad,Toshiba Transmission & Distribution Systems (India) Pvt. Ltd.,569,8.4,4779.6
17,22.0,0.0,12.0,12.0,0,9,Hyderabad,Unitech Power Transmission Ltd.,460,8.4,3864.0
5,20.0,0.0,16.0,1.0,0,9,Hyderabad,GE T&D India Limited,354,8.4,2973.6
9,20.0,3.0,5.0,7.0,0,9,Hyderabad,Kalpataru Power,354,8.4,2973.6
23,23.0,3.0,18.0,1.0,0,9,Hyderabad,Sterlite Power Transmission Ltd,749,8.4,6291.6
7,23.0,2.0,7.0,1.0,0,9,Hyderabad,NTPC Pvt. Ltd.,336,8.4,2822.4
17,22.0,1.0,9.0,1.0,0,9,Hyderabad,TransRail Lighting,545,8.4,4578.0
23,22.0,3.0,4.0,1.0,0,9,Hyderabad,Jyoti Structure,387,8.4,3250.8
11,22.0,3.0,19.0,1.0,0,9,Hyderabad,"Maha Transco – Maharashtra State Electricity Transmission Co, Ltd.",673,8.4,5653.2
16,22.0,3.0,3.0,1.0,0,9,Hyderabad,Orient Green,592,8.4,4972.8
8,22.0,1.0,4.0,1.0,0,9,Hyderabad,L&T Transmission & Distribution,343,8.4,2881.2000000000000
7,22.0,3.0,6.0,1.0,0,9,Hyderabad,"Maha Transco – Maharashtra State Electricity Transmission Co, Ltd.",353,8.4,2965.2000000000000
9,22.0,1.0,10.0,1.0,0,9,Hyderabad,Adani Power Ltd.,289,8.4,2427.6
20,22.0,1.0,20.0,1.0,0,9,Hyderabad,Unitech Power Transmission Ltd.,697,8.4,5854.8
7,23.0,3.0,13.0,1.0,0,9,Hyderabad,CESC,656,8.4,5510.400000000000
18,23.0,1.0,18.0,1.0,0,9,Hyderabad,Neueon Towers / Sujana Towers Ltd.,495,8.4,4158.0
16,23.0,2.0,14.0,1.0,0,9,Hyderabad,Unitech Power Transmission Ltd.,584,8.4,4905.6
7,19.0,0.0,17.0,7.0,0,9,Hyderabad,Adani Power Ltd.,556,8.4,4670.400000000000
20,23.0,3.0,15.0,1.0,0,9,Hyderabad,Neueon Towers / Sujana Towers Ltd.,556,8.4,4670.400000000000
11,23.0,1.0,10.0,1.0,0,9,Hyderabad,Kalpataru Power,359,8.4,3015.6
17,22.0,3.0,19.0,1.0,0,9,Hyderabad,Optibelt Power Transmission India Private Limited,701,8.4,5888.400000000000
21,22.0,2.0,21.0,1.0,0,9,Hyderabad,NTPC Pvt. Ltd.,699,8.4,5871.6
15,23.0,2.0,16.0,12.0,0,9,Hyderabad,JSW Energy Ltd.,636,8.4,5342.400000000000
15,22.0,2.0,8.0,1.0,0,9,Hyderabad,Jaiprakash Power,400,8.4,3360.0
10,18.0,1.0,17.0,1.0,0,9,Hyderabad,Kalpataru Power,472,8.4,3964.8
10,17.0,1.0,3.0,1.0,0,9,Hyderabad,TransRail Lighting,394,8.4,3309.6000000000000
9,18.0,2.0,4.0,7.0,0,9,Hyderabad,NHPC,306,8.4,2570.4
7,18.0,1.0,9.0,1.0,0,9,Hyderabad,Jaiprakash Power,234,8.4,1965.6000000000000
23,23.0,3.0,3.0,1.0,0,9,Hyderabad,Indowind Energy,392,8.4,3292.8
11,23.0,0.0,5.0,1.0,0,9,Hyderabad,Ratnagiri Gas and Power Pvt. Ltd. (RGPPL),310,8.4,2604.0
18,22.0,2.0,8.0,1.0,0,9,Hyderabad,Tata Power Company Ltd.,512,8.4,4300.8
8,18.0,3.0,3.0,1.0,0,9,Hyderabad,NTPC Pvt. Ltd.,301,8.4,2528.4
16,23.0,2.0,17.0,12.0,0,9,Hyderabad,NLC India,745,8.4,6258.0
22,22.0,0.0,22.0,12.0,0,9,Hyderabad,Power Grid Corp,763,8.4,6409.2
15,22.0,2.0,22.0,1.0,0,9,Hyderabad,Optibelt Power Transmission India Private Limited,717,8.4,6022.8
5,18.0,0.0,5.0,1.0,0,9,Hyderabad,Power Grid Corp,192,8.4,1612.8000000000000
7,17.0,2.0,11.0,1.0,0,9,Hyderabad,Jaiprakash Power,268,8.4,2251.2000000000000
10,18.0,1.0,13.0,1.0,0,9,Hyderabad,Kalpataru Power,278,8.4,2335.2000000000000
5,20.0,0.0,3.0,1.0,0,9,Hyderabad,NHPC,143,8.4,1201.2
7,18.0,1.0,3.0,1.0,0,9,Hyderabad,GE T&D India Limited,200,8.4,1680.0
6,18.0,1.0,9.0,1.0,0,9,Hyderabad,TransRail Lighting,228,8.4,1915.2
9,17.0,0.0,4.0,1.0,0,9,Hyderabad,Jaiprakash Power,224,8.4,1881.6000000000000
19,22.0,0.0,5.0,1.0,0,9,Hyderabad,Tata Power Company Ltd.,326,8.4,2738.4
9,18.0,2.0,14.0,7.0,0,9,Nagpur,Optibelt Power Transmission India Private Limited,616,8.9,5482.400000000000
12,23.0,3.0,11.0,1.0,0,9,Nagpur,Torrent Power Ltd.,616,8.9,5482.400000000000
19,23.0,0.0,22.0,1.0,0,9,Nagpur,TransRail Lighting,616,8.9,5482.400000000000
10,23.0,2.0,17.0,1.0,0,9,Nagpur,Kalpataru Power,486,8.9,4325.400000000000
7,21.0,2.0,15.0,1.0,0,9,Nagpur,Tata Power Company Ltd.,420,8.9,3738.0
17,23.0,0.0,19.0,1.0,0,9,Nagpur,Power Grid Corp,420,8.9,3738.0
6,18.0,3.0,14.0,1.0,0,9,Nagpur,TransRail Lighting,420,8.9,3738.0
9,21.0,3.0,11.0,1.0,0,9,Nagpur,"Maha Transco – Maharashtra State Electricity Transmission Co, Ltd.",588,8.9,5233.2
15,23.0,1.0,18.0,12.0,0,9,Nagpur,L&T Transmission & Distribution,736,8.9,6550.400000000000
16,23.0,1.0,4.0,1.0,0,9,Nagpur,NLC India,552,8.9,4912.8
23,23.0,2.0,8.0,12.0,0,9,Nagpur,NLC India,552,8.9,4912.8
18,22.0,2.0,21.0,1.0,0,9,Nagpur,Jaiprakash Power,648,8.9,5767.2
10,18.0,2.0,13.0,1.0,0,9,Nagpur,GE T&D India Limited,554,8.9,4930.6
19,22.0,1.0,14.0,12.0,0,9,Nagpur,Orient Green,651,8.9,5793.900000000000
13,23.0,1.0,11.0,1.0,0,9,Nagpur,Adani Power Ltd.,449,8.9,3996.1000000000000
15,23.0,3.0,11.0,1.0,0,9,Nagpur,Reliance Energy,449,8.9,3996.1000000000000
19,23.0,1.0,14.0,1.0,0,9,Nagpur,Bonfiglioli Transmission Pvt. Ltd.,596,8.9,5304.400000000000
18,23.0,0.0,8.0,12.0,0,9,Nagpur,Power Grid Corp,463,8.9,4120.7
6,22.0,2.0,15.0,7.0,0,9,Nagpur,Indowind Energy,506,8.9,4503.400000000000
17,23.0,3.0,11.0,1.0,0,9,Nagpur,SJVN Ltd.,631,8.9,5615.900000000000
21,22.0,1.0,13.0,1.0,0,9,Nagpur,Power Grid Corp,631,8.9,5615.900000000000
21,22.0,3.0,5.0,1.0,0,9,Nagpur,Torrent Power Ltd.,605,8.9,5384.5
16,23.0,0.0,21.0,1.0,0,9,Nagpur,Sterlite Power Transmission Ltd,608,8.9,5411.2
6,23.0,3.0,8.0,1.0,0,9,Nagpur,Indowind Energy,526,8.9,4681.400000000000
13,23.0,3.0,12.0,1.0,0,9,Nagpur,Unitech Power Transmission Ltd.,425,8.9,3782.5
6,20.0,3.0,8.0,1.0,0,9,Nagpur,Guj Ind Power,425,8.9,3782.5
21,22.0,2.0,20.0,1.0,0,9,Nagpur,KEC International,611,8.9,5437.900000000000
12,23.0,1.0,14.0,1.0,0,9,Nagpur,Jaiprakash Power,434,8.9,3862.6000000000000
19,22.0,1.0,6.0,1.0,0,9,Nagpur,Torrent Power Ltd.,454,8.9,4040.6000000000000
12,22.0,0.0,14.0,1.0,0,9,Nagpur,Orient Green,476,8.9,4236.400000000000
18,23.0,0.0,3.0,1.0,0,9,Nagpur,JSW Energy Ltd.,299,8.9,2661.1
6,20.0,1.0,16.0,1.0,0,9,Nagpur,Reliance Power,323,8.9,2874.7000000000000
11,22.0,1.0,14.0,1.0,0,9,Nagpur,Neueon Towers / Sujana Towers Ltd.,583,8.9,5188.7
19,22.0,0.0,16.0,1.0,0,9,Nagpur,TransRail Lighting,583,8.9,5188.7
9,17.0,1.0,12.0,1.0,0,9,Nagpur,TransRail Lighting,488,8.9,4343.2
15,22.0,3.0,13.0,12.0,0,9,Nagpur,Adani Power Ltd.,710,8.9,6319.0
15,23.0,3.0,12.0,12.0,0,9,Nagpur,JSW Energy Ltd.,551,8.9,4903.900000000000
14,23.0,1.0,4.0,12.0,0,9,Nagpur,Bonfiglioli Transmission Pvt. Ltd.,513,8.9,4565.7
5,19.0,0.0,14.0,1.0,0,9,Nagpur,Unitech Power Transmission Ltd.,307,8.9,2732.3
11,23.0,1.0,22.0,1.0,0,9,Nagpur,Power Grid Corp,522,8.9,4645.8
18,23.0,1.0,17.0,1.0,0,9,Nagpur,Jyoti Structure,518,8.9,4610.2
10,20.0,2.0,9.0,1.0,0,9,Nagpur,Bonfiglioli Transmission Pvt. Ltd.,518,8.9,4610.2
16,22.0,3.0,10.0,1.0,0,9,Nagpur,JSW Energy Ltd.,475,8.9,4227.5
22,23.0,1.0,21.0,1.0,0,9,Nagpur,CESC,594,8.9,5286.6
17,23.0,1.0,18.0,1.0,0,9,Nagpur,NHPC,594,8.9,5286.6
14,22.0,3.0,4.0,1.0,0,9,Nagpur,Power Grid Corp,594,8.9,5286.6
5,20.0,2.0,19.0,1.0,0,9,Nagpur,KEC International,350,8.9,3115.0
23,23.0,0.0,4.0,1.0,0,9,Nagpur,KEC International,350,8.9,3115.0
20,23.0,1.0,22.0,12.0,0,9,Nagpur,CESC,625,8.9,5562.5
20,23.0,3.0,17.0,1.0,0,9,Nagpur,TransRail Lighting,625,8.9,5562.5
11,23.0,2.0,12.0,1.0,0,9,Nagpur,NHPC,574,8.9,5108.6
8,19.0,2.0,10.0,1.0,0,9,Nagpur,Toshiba Transmission & Distribution Systems (India) Pvt. Ltd.,494,8.9,4396.6
8,19.0,2.0,11.0,1.0,0,9,Nagpur,Kalpataru Power,464,8.9,4129.6
18,23.0,2.0,12.0,1.0,0,9,Nagpur,Indowind Energy,464,8.9,4129.6
7,18.0,2.0,10.0,1.0,0,9,Nagpur,Jaiprakash Power,448,8.9,3987.2000000000000
10,18.0,1.0,10.0,1.0,0,9,Nagpur,TransRail Lighting,448,8.9,3987.2000000000000
15,23.0,2.0,11.0,1.0,0,9,Nagpur,JSW Energy Ltd.,428,8.9,3809.2000000000000
16,22.0,2.0,11.0,1.0,0,9,Nagpur,Torrent Power Ltd.,428,8.9,3809.2000000000000
9,21.0,3.0,14.0,1.0,0,9,Nagpur,Sunil Hitech Eng,383,8.9,3408.7000000000000
14,23.0,3.0,21.0,1.0,0,9,Nagpur,NTPC Pvt. Ltd.,695,8.9,6185.5
23,23.0,2.0,7.0,1.0,0,9,Nagpur,Tata Power Company Ltd.,536,8.9,4770.400000000000
14,22.0,2.0,5.0,1.0,0,9,Nagpur,GE T&D India Limited,536,8.9,4770.400000000000
9,19.0,2.0,4.0,7.0,0,9,Nagpur,Unitech Power Transmission Ltd.,439,8.9,3907.1000000000000
20,23.0,0.0,20.0,1.0,0,9,Nagpur,NHPC,439,8.9,3907.1000000000000
7,18.0,2.0,8.0,1.0,0,9,Nagpur,Optibelt Power Transmission India Private Limited,360,8.9,3204.0
14,22.0,2.0,17.0,12.0,0,9,Nagpur,JSW Energy Ltd.,725,8.9,6452.5
13,23.0,0.0,17.0,1.0,0,9,Nagpur,Guj Ind Power,424,8.9,3773.6000000000000
10,21.0,3.0,4.0,1.0,0,9,Nagpur,NTPC Pvt. Ltd.,515,8.9,4583.5
15,22.0,3.0,22.0,1.0,0,9,Nagpur,CESC,515,8.9,4583.5
13,22.0,2.0,20.0,1.0,0,9,Nagpur,NHPC,680,8.9,6052.0
8,18.0,2.0,12.0,1.0,0,9,Nagpur,NLC India,469,8.9,4174.1
9,17.0,0.0,22.0,1.0,0,9,Nagpur,Jaiprakash Power,398,8.9,3542.2000000000000
10,23.0,0.0,7.0,1.0,0,9,Nagpur,Unitech Power Transmission Ltd.,358,8.9,3186.2000000000000
14,22.0,0.0,12.0,1.0,0,9,Nagpur,NHPC,358,8.9,3186.2000000000000
10,19.0,2.0,4.0,1.0,0,9,Nagpur,SJVN Ltd.,358,8.9,3186.2000000000000
15,23.0,3.0,20.0,1.0,0,9,Nagpur,Orient Green,629,8.9,5598.1
23,23.0,2.0,20.0,1.0,0,9,Nagpur,Reliance Power,629,8.9,5598.1
21,23.0,2.0,15.0,1.0,0,9,Nagpur,SJVN Ltd.,512,8.9,4556.8
12,23.0,3.0,4.0,12.0,0,9,Nagpur,Orient Green,512,8.9,4556.8
14,23.0,2.0,4.0,12.0,0,9,Nagpur,Power Grid Corp,444,8.9,3951.6000000000000
7,17.0,0.0,12.0,1.0,0,9,Nagpur,Jyoti Structure,251,8.9,2233.9
9,22.0,2.0,16.0,7.0,0,9,Nagpur,Power Grid Corp,493,8.9,4387.7
22,22.0,3.0,11.0,1.0,0,9,Nagpur,Ringfeder Power Transmission India Pvt. Ltd.,654,8.9,5820.6
16,23.0,1.0,18.0,1.0,0,9,Nagpur,GE T&D India Limited,503,8.9,4476.7
6,21.0,1.0,18.0,7.0,0,9,Nagpur,NHPC,503,8.9,4476.7
8,17.0,1.0,11.0,1.0,0,9,Nagpur,Unitech Power Transmission Ltd.,284,8.9,2527.6
17,22.0,3.0,21.0,12.0,0,9,Nagpur,JSW Energy Ltd.,781,8.9,6950.900000000000
23,23.0,0.0,13.0,12.0,0,9,Nagpur,Jyoti Structure,529,8.9,4708.1
22,22.0,3.0,11.0,1.0,0,9,Nagpur,Guj Ind Power,623,8.9,5544.7
8,20.0,1.0,9.0,1.0,0,9,Nagpur,Neueon Towers / Sujana Towers Ltd.,505,8.9,4494.5
22,23.0,2.0,4.0,1.0,0,9,Nagpur,Sunil Hitech Eng,375,8.9,3337.5
8,21.0,3.0,21.0,1.0,0,9,Nagpur,Guj Ind Power,565,8.9,5028.5
21,23.0,0.0,15.0,1.0,0,9,Nagpur,Neueon Towers / Sujana Towers Ltd.,565,8.9,5028.5
18,23.0,2.0,5.0,1.0,0,9,Nagpur,Sunil Hitech Eng,467,8.9,4156.3
22,23.0,0.0,15.0,1.0,0,9,Nagpur,Toshiba Transmission & Distribution Systems (India) Pvt. Ltd.,467,8.9,4156.3
15,22.0,1.0,8.0,1.0,0,9,Nagpur,Tata Power Company Ltd.,460,8.9,4094.0
22,22.0,0.0,14.0,1.0,0,9,Nagpur,Indowind Energy,460,8.9,4094.0
8,19.0,1.0,9.0,7.0,0,9,Nagpur,Tata Power Company Ltd.,302,8.9,2687.8
22,23.0,1.0,12.0,1.0,0,9,Nagpur,Power Grid Corp,509,8.9,4530.1
12,23.0,2.0,17.0,1.0,0,9,Nagpur,Power Grid Corp,416,8.9,3702.4
21,22.0,1.0,22.0,1.0,0,9,Nagpur,Adani Power Ltd.,717,8.9,6381.3
10,22.0,3.0,13.0,1.0,0,9,Nagpur,Reliance Power,563,8.9,5010.7
11,23.0,3.0,12.0,12.0,0,9,Nagpur,JSW Energy Ltd.,521,8.9,4636.900000000000
19,22.0,3.0,9.0,1.0,0,9,Nagpur,Kalpataru Power,521,8.9,4636.900000000000
15,22.0,2.0,11.0,1.0,0,9,Nagpur,L&T Transmission & Distribution,501,8.9,4458.900000000000
15,22.0,2.0,15.0,1.0,0,9,Nagpur,Adani Power Ltd.,407,8.9,3622.3
8,17.0,3.0,5.0,1.0,0,9,Nagpur,L&T Transmission & Distribution,485,8.9,4316.5
13,23.0,1.0,19.0,1.0,0,9,Nagpur,Bonfiglioli Transmission Pvt. Ltd.,549,8.9,4886.1
20,23.0,2.0,18.0,1.0,0,9,Nagpur,KEC International,582,8.9,5179.8
12,22.0,1.0,21.0,1.0,0,9,Nagpur,Orient Green,656,8.9,5838.400000000000
16,22.0,3.0,5.0,1.0,0,9,Nagpur,Unitech Power Transmission Ltd.,370,8.9,3293.0
18,22.0,1.0,21.0,1.0,0,9,Nagpur,Sterlite Power Transmission Ltd,462,8.9,4111.8
5,20.0,2.0,9.0,1.0,0,9,Nagpur,Power Grid Corp,395,8.9,3515.5
15,22.0,0.0,21.0,1.0,0,9,Nagpur,Ringfeder Power Transmission India Pvt. Ltd.,395,8.9,3515.5
12,23.0,0.0,6.0,1.0,0,9,Nagpur,Orient Green,304,8.9,2705.6
20,23.0,0.0,6.0,1.0,0,9,Nagpur,GE T&D India Limited,564,8.9,5019.6
22,22.0,3.0,16.0,1.0,0,9,Nagpur,Optibelt Power Transmission India Private Limited,564,8.9,5019.6
10,19.0,3.0,21.0,1.0,0,9,Nagpur,NLC India,525,8.9,4672.5
15,23.0,2.0,6.0,12.0,0,9,Nagpur,Tata Power Company Ltd.,653,8.9,5811.7
23,22.0,1.0,6.0,1.0,0,9,Nagpur,Jaiprakash Power,578,8.9,5144.2
9,21.0,2.0,22.0,1.0,0,9,Nagpur,NTPC Pvt. Ltd.,557,8.9,4957.3
8,17.0,2.0,11.0,7.0,0,9,Nagpur,NLC India,557,8.9,4957.3
13,23.0,1.0,20.0,1.0,0,9,Nagpur,Power Grid Corp,643,8.9,5722.7
7,20.0,0.0,22.0,7.0,0,9,Nagpur,Reliance Energy,624,8.9,5553.6
18,23.0,0.0,20.0,1.0,0,9,Nagpur,Orient Green,624,8.9,5553.6
7,22.0,1.0,6.0,1.0,0,9,Nagpur,NLC India,250,8.9,2225.0
15,23.0,1.0,10.0,1.0,0,9,Nagpur,KEC International,433,8.9,3853.7000000000000
7,18.0,1.0,8.0,1.0,0,9,Nagpur,NLC India,315,8.9,2803.5
10,18.0,2.0,6.0,1.0,0,9,Nagpur,Orient Green,315,8.9,2803.5
9,19.0,2.0,22.0,1.0,0,9,Nagpur,Ringfeder Power Transmission India Pvt. Ltd.,471,8.9,4191.900000000000
17,22.0,3.0,5.0,1.0,0,9,Nagpur,"Maha Transco – Maharashtra State Electricity Transmission Co, Ltd.",471,8.9,4191.900000000000
12,23.0,0.0,5.0,1.0,0,9,Nagpur,Reliance Power,252,8.9,2242.8
10,21.0,0.0,20.0,1.0,0,9,Nagpur,NTPC Pvt. Ltd.,458,8.9,4076.2000000000000
11,23.0,1.0,4.0,1.0,0,9,Nagpur,Torrent Power Ltd.,458,8.9,4076.2000000000000
13,23.0,1.0,8.0,12.0,0,9,Nagpur,Orient Green,474,8.9,4218.6
9,17.0,0.0,18.0,1.0,0,9,Nagpur,CESC,400,8.9,3560.0
11,22.0,0.0,19.0,1.0,0,9,Nagpur,Ringfeder Power Transmission India Pvt. Ltd.,511,8.9,4547.900000000000
6,19.0,3.0,15.0,1.0,0,9,Nagpur,L&T Transmission & Distribution,559,8.9,4975.1
9,20.0,2.0,3.0,1.0,0,9,Nagpur,NTPC Pvt. Ltd.,414,8.9,3684.6000000000000
17,23.0,0.0,18.0,1.0,0,9,Nagpur,NHPC,418,8.9,3720.2000000000000
20,23.0,3.0,17.0,12.0,0,9,Nagpur,Torrent Power Ltd.,673,8.9,5989.7
22,22.0,3.0,21.0,1.0,0,9,Nagpur,SJVN Ltd.,673,8.9,5989.7
5,22.0,1.0,18.0,1.0,0,9,Nagpur,Tata Power Company Ltd.,367,8.9,3266.3
12,23.0,0.0,5.0,1.0,0,9,Nagpur,CESC,422,8.9,3755.8
8,21.0,3.0,4.0,1.0,0,9,Nagpur,Optibelt Power Transmission India Private Limited,310,8.9,2759.0
7,21.0,3.0,3.0,1.0,0,9,Nagpur,SJVN Ltd.,507,8.9,4512.3
15,23.0,2.0,13.0,1.0,0,9,Nagpur,Optibelt Power Transmission India Private Limited,507,8.9,4512.3
21,23.0,2.0,22.0,1.0,0,9,Nagpur,JSW Energy Ltd.,538,8.9,4788.2
14,22.0,3.0,7.0,1.0,0,9,Nagpur,Bonfiglioli Transmission Pvt. Ltd.,417,8.9,3711.3
15,22.0,3.0,14.0,1.0,0,9,Nagpur,L&T Transmission & Distribution,606,8.9,5393.400000000000
9,20.0,0.0,10.0,1.0,0,9,Nagpur,Neueon Towers / Sujana Towers Ltd.,436,8.9,3880.4
15,22.0,2.0,5.0,12.0,0,9,Nagpur,Tata Power Company Ltd.,436,8.9,3880.4
13,23.0,1.0,17.0,1.0,0,9,Nagpur,Sterlite Power Transmission Ltd,421,8.9,3746.9
15,23.0,3.0,8.0,1.0,0,9,Nagpur,Ringfeder Power Transmission India Pvt. Ltd.,585,8.9,5206.5
17,23.0,1.0,21.0,1.0,0,9,Nagpur,GE T&D India Limited,496,8.9,4414.400000000000
21,23.0,2.0,22.0,12.0,0,9,Nagpur,NLC India,733,8.9,6523.7
13,22.0,3.0,21.0,1.0,0,9,Nagpur,Optibelt Power Transmission India Private Limited,733,8.9,6523.7
15,23.0,1.0,19.0,1.0,0,9,Nagpur,Unitech Power Transmission Ltd.,613,8.9,5455.7
18,22.0,0.0,18.0,1.0,0,9,Nagpur,Torrent Power Ltd.,457,8.9,4067.3
9,17.0,2.0,10.0,1.0,0,9,Nagpur,Sterlite Power Transmission Ltd,457,8.9,4067.3
14,22.0,2.0,17.0,1.0,0,9,Nagpur,NHPC,632,8.9,5624.8
6,17.0,3.0,6.0,1.0,0,9,Nagpur,NTPC Pvt. Ltd.,257,8.9,2287.3
12,23.0,0.0,5.0,1.0,0,9,Nagpur,Power Grid Corp,520,8.9,4628.0
19,22.0,1.0,14.0,1.0,0,9,Nagpur,Bonfiglioli Transmission Pvt. Ltd.,572,8.9,5090.8
15,22.0,3.0,17.0,1.0,0,9,Nagpur,Sterlite Power Transmission Ltd,572,8.9,5090.8
19,23.0,0.0,21.0,12.0,0,9,Nagpur,L&T Transmission & Distribution,671,8.9,5971.900000000000
15,22.0,1.0,3.0,1.0,0,9,Nagpur,Neueon Towers / Sujana Towers Ltd.,393,8.9,3497.7000000000000
7,20.0,3.0,21.0,1.0,0,9,Nagpur,Kalpataru Power,438,8.9,3898.2000000000000
6,20.0,1.0,4.0,1.0,0,9,Nagpur,Bonfiglioli Transmission Pvt. Ltd.,312,8.9,2776.8
14,23.0,1.0,9.0,1.0,0,9,Nagpur,Kalpataru Power,336,8.9,2990.4
18,23.0,3.0,11.0,12.0,0,9,Nagpur,Jaiprakash Power,768,8.9,6835.200000000000
20,23.0,1.0,8.0,1.0,0,9,Nagpur,Torrent Power Ltd.,362,8.9,3221.8
12,23.0,2.0,17.0,1.0,0,9,Nagpur,"Maha Transco – Maharashtra State Electricity Transmission Co, Ltd.",649,8.9,5776.1
18,22.0,2.0,10.0,1.0,0,9,Nagpur,Jaiprakash Power,573,8.9,5099.7
21,22.0,3.0,15.0,1.0,0,9,Nagpur,CESC,573,8.9,5099.7
17,23.0,0.0,13.0,12.0,0,9,Nagpur,Reliance Power,692,8.9,6158.8
5,17.0,0.0,17.0,1.0,0,9,Nagpur,Optibelt Power Transmission India Private Limited,359,8.9,3195.1
20,23.0,3.0,21.0,1.0,0,9,Nagpur,TransRail Lighting,752,8.9,6692.8
16,23.0,0.0,4.0,1.0,0,9,Nagpur,GE T&D India Limited,371,8.9,3301.9
22,23.0,1.0,6.0,1.0,0,9,Nagpur,TransRail Lighting,371,8.9,3301.9
21,22.0,1.0,5.0,12.0,0,9,Nagpur,Sterlite Power Transmission Ltd,500,8.9,4450.0
20,22.0,2.0,18.0,1.0,0,9,Nagpur,Tata Power Company Ltd.,603,8.9,5366.7
17,22.0,3.0,19.0,1.0,0,9,Nagpur,Guj Ind Power,716,8.9,6372.400000000000
7,22.0,2.0,12.0,1.0,0,9,Nagpur,Sterlite Power Transmission Ltd,555,8.9,4939.5
22,22.0,3.0,20.0,1.0,0,9,Nagpur,Reliance Power,762,8.9,6781.8
16,22.0,2.0,3.0,1.0,0,9,Nagpur,Orient Green,384,8.9,3417.6000000000000
13,22.0,2.0,12.0,1.0,0,9,Nagpur,L&T Transmission & Distribution,495,8.9,4405.5
16,23.0,1.0,5.0,1.0,0,9,Nagpur,Orient Green,365,8.9,3248.5
7,23.0,3.0,5.0,1.0,0,9,Nagpur,Neueon Towers / Sujana Towers Ltd.,365,8.9,3248.5
14,22.0,1.0,10.0,1.0,0,9,Nagpur,Unitech Power Transmission Ltd.,533,8.9,4743.7
17,23.0,0.0,16.0,1.0,0,9,Nagpur,Reliance Energy,533,8.9,4743.7
18,23.0,3.0,7.0,1.0,0,9,Nagpur,NLC India,427,8.9,3800.3
22,23.0,2.0,9.0,1.0,0,9,Nagpur,JSW Energy Ltd.,427,8.9,3800.3
14,23.0,1.0,18.0,1.0,0,9,Nagpur,Ringfeder Power Transmission India Pvt. Ltd.,477,8.9,4245.3
21,23.0,0.0,18.0,1.0,0,9,Nagpur,Ringfeder Power Transmission India Pvt. Ltd.,477,8.9,4245.3
10,19.0,2.0,6.0,7.0,0,9,Nagpur,Orient Green,537,8.9,4779.3
20,23.0,0.0,10.0,12.0,0,9,Nagpur,Reliance Power,452,8.9,4022.8
17,22.0,2.0,17.0,1.0,0,9,Nagpur,Reliance Power,452,8.9,4022.8
12,22.0,0.0,14.0,1.0,0,9,Nagpur,Neueon Towers / Sujana Towers Ltd.,334,8.9,2972.6
9,19.0,3.0,3.0,1.0,0,9,Nagpur,Reliance Energy,278,8.9,2474.2000000000000
5,19.0,3.0,5.0,7.0,0,9,Nagpur,KEC International,298,8.9,2652.2000000000000
18,22.0,1.0,15.0,1.0,0,9,Nagpur,Bonfiglioli Transmission Pvt. Ltd.,619,8.9,5509.1
8,20.0,1.0,7.0,1.0,0,9,Nagpur,Orient Green,403,8.9,3586.7000000000000
17,22.0,2.0,14.0,12.0,0,9,Nagpur,Toshiba Transmission & Distribution Systems (India) Pvt. Ltd.,675,8.9,6007.5
22,23.0,1.0,9.0,12.0,0,9,Nagpur,NLC India,745,8.9,6630.5
13,23.0,3.0,13.0,12.0,0,9,Nagpur,Neueon Towers / Sujana Towers Ltd.,766,8.9,6817.400000000000
21,22.0,1.0,17.0,1.0,0,9,Nagpur,Kalpataru Power,626,8.9,5571.400000000000
14,23.0,0.0,17.0,1.0,0,9,Nagpur,Jaiprakash Power,568,8.9,5055.2
11,23.0,0.0,14.0,1.0,0,9,Nagpur,Sunil Hitech Eng,568,8.9,5055.2
11,22.0,3.0,17.0,1.0,0,9,Nagpur,Guj Ind Power,701,8.9,6238.900000000000
6,18.0,0.0,6.0,1.0,0,9,Nagpur,Ratnagiri Gas and Power Pvt. Ltd. (RGPPL),192,8.9,1708.8000000000000
10,21.0,3.0,4.0,7.0,0,9,Nagpur,Power Grid Corp,382,8.9,3399.8
18,22.0,0.0,15.0,12.0,0,9,Nagpur,Power Grid Corp,712,8.9,6336.8
12,23.0,3.0,7.0,1.0,0,9,Nagpur,Jyoti Structure,580,8.9,5162.0
6,20.0,1.0,3.0,7.0,0,9,Nagpur,Toshiba Transmission & Distribution Systems (India) Pvt. Ltd.,482,8.9,4289.8
17,23.0,0.0,6.0,12.0,0,9,Nagpur,Reliance Power,482,8.9,4289.8
18,22.0,0.0,19.0,12.0,0,9,Nagpur,Sunil Hitech Eng,658,8.9,5856.2
5,18.0,3.0,12.0,7.0,0,9,Nagpur,Sterlite Power Transmission Ltd,548,8.9,4877.2
18,22.0,2.0,8.0,1.0,0,9,Nagpur,Tata Power Company Ltd.,548,8.9,4877.2
18,23.0,3.0,15.0,1.0,0,9,Nagpur,Bonfiglioli Transmission Pvt. Ltd.,706,8.9,6283.400000000000
14,23.0,3.0,14.0,1.0,0,9,Nagpur,Torrent Power Ltd.,706,8.9,6283.400000000000
22,22.0,2.0,16.0,1.0,0,9,Nagpur,GE T&D India Limited,706,8.9,6283.400000000000
11,22.0,3.0,10.0,1.0,0,9,Nagpur,Neueon Towers / Sujana Towers Ltd.,545,8.9,4850.5
17,23.0,3.0,20.0,1.0,0,9,Nagpur,Guj Ind Power,545,8.9,4850.5
7,21.0,2.0,17.0,1.0,0,9,Nagpur,GE T&D India Limited,364,8.9,3239.6
7,21.0,0.0,19.0,1.0,0,9,Nagpur,Bonfiglioli Transmission Pvt. Ltd.,364,8.9,3239.6
14,22.0,3.0,19.0,1.0,0,9,Nagpur,Adani Power Ltd.,600,8.9,5340.0
19,22.0,2.0,15.0,12.0,0,9,Nagpur,Kalpataru Power,600,8.9,5340.0
9,23.0,1.0,22.0,1.0,0,9,Nagpur,Neueon Towers / Sujana Towers Ltd.,487,8.9,4334.3
12,23.0,0.0,11.0,1.0,0,9,Nagpur,SJVN Ltd.,524,8.9,4663.6
19,23.0,0.0,5.0,1.0,0,9,Nagpur,NTPC Pvt. Ltd.,366,8.9,3257.4
14,23.0,1.0,5.0,12.0,0,9,Nagpur,Sunil Hitech Eng,621,8.9,5526.900000000000
11,23.0,2.0,10.0,12.0,0,9,Nagpur,Adani Power Ltd.,667,8.9,5936.3
17,22.0,2.0,15.0,12.0,0,9,Nagpur,Power Grid Corp,731,8.9,6505.900000000000
12,22.0,3.0,16.0,1.0,0,9,Nagpur,Ringfeder Power Transmission India Pvt. Ltd.,677,8.9,6025.3
15,23.0,3.0,18.0,1.0,0,9,Nagpur,TransRail Lighting,686,8.9,6105.400000000000
22,23.0,3.0,16.0,1.0,0,9,Nagpur,Optibelt Power Transmission India Private Limited,661,8.9,5882.900000000000
22,22.0,2.0,20.0,1.0,0,9,Nagpur,SJVN Ltd.,661,8.9,5882.900000000000
23,22.0,3.0,11.0,1.0,0,9,Nagpur,"Maha Transco – Maharashtra State Electricity Transmission Co, Ltd.",661,8.9,5882.900000000000
22,23.0,3.0,10.0,1.0,0,9,Nagpur,Toshiba Transmission & Distribution Systems (India) Pvt. Ltd.,719,8.9,6399.1
10,21.0,0.0,18.0,1.0,0,9,Nagpur,Torrent Power Ltd.,517,8.9,4601.3
11,22.0,1.0,20.0,12.0,0,9,Nagpur,Bonfiglioli Transmission Pvt. Ltd.,517,8.9,4601.3
21,22.0,3.0,17.0,1.0,0,9,Nagpur,Neueon Towers / Sujana Towers Ltd.,517,8.9,4601.3
23,22.0,1.0,12.0,1.0,0,9,Nagpur,JSW Energy Ltd.,544,8.9,4841.6
22,22.0,2.0,22.0,12.0,0,9,Nagpur,CESC,830,8.9,7387.0
6,22.0,0.0,4.0,1.0,0,9,Nagpur,GE T&D India Limited,187,8.9,1664.3
7,17.0,1.0,4.0,1.0,0,9,Nagpur,Power Grid Corp,176,8.9,1566.4
18,22.0,1.0,17.0,1.0,0,9,Nagpur,Unitech Power Transmission Ltd.,681,8.9,6060.900000000000
8,17.0,1.0,18.0,1.0,0,9,Nagpur,Reliance Power,322,8.9,2865.8
13,22.0,1.0,6.0,1.0,0,9,Nagpur,Reliance Power,322,8.9,2865.8
21,23.0,1.0,14.0,12.0,0,9,Nagpur,Tata Power Company Ltd.,751,8.9,6683.900000000000
14,23.0,2.0,19.0,12.0,0,9,Nagpur,Jyoti Structure,714,8.9,6354.6
18,22.0,1.0,3.0,1.0,0,9,Nagpur,Orient Green,280,8.9,2492.0
19,22.0,2.0,5.0,1.0,0,9,Nagpur,KEC International,543,8.9,4832.7
9,17.0,0.0,8.0,7.0,0,9,Nagpur,Ringfeder Power Transmission India Pvt. Ltd.,272,8.9,2420.8
9,22.0,0.0,5.0,1.0,0,9,Nagpur,Reliance Power,227,8.9,2020.3000000000000
21,23.0,2.0,21.0,12.0,0,9,Nagpur,KEC International,817,8.9,7271.3
21,22.0,3.0,8.0,12.0,0,9,Nagpur,SJVN Ltd.,769,8.9,6844.1
6,19.0,1.0,3.0,7.0,0,9,Nagpur,L&T Transmission & Distribution,229,8.9,2038.1000000000000
12,23.0,2.0,8.0,1.0,0,9,Mumbai,Reliance Energy,528,9.2,4857.600000000000
15,23.0,2.0,11.0,1.0,0,9,Mumbai,Jyoti Structure,528,9.2,4857.600000000000
11,23.0,3.0,10.0,1.0,0,9,Mumbai,Sunil Hitech Eng,418,9.2,3845.6
7,19.0,1.0,17.0,7.0,0,9,Mumbai,Adani Power Ltd.,484,9.2,4452.800000000000
6,19.0,2.0,10.0,1.0,0,9,Mumbai,NLC India,484,9.2,4452.800000000000
20,22.0,0.0,19.0,1.0,0,9,Mumbai,Ratnagiri Gas and Power Pvt. Ltd. (RGPPL),638,9.2,5869.600000000000
15,23.0,0.0,15.0,12.0,0,9,Mumbai,KEC International,638,9.2,5869.600000000000
15,22.0,3.0,18.0,1.0,0,9,Mumbai,Kalpataru Power,704,9.2,6476.800000000000
5,22.0,1.0,17.0,1.0,0,9,Mumbai,Power Grid Corp,513,9.2,4719.600000000000
22,22.0,1.0,9.0,12.0,0,9,Mumbai,Bonfiglioli Transmission Pvt. Ltd.,513,9.2,4719.600000000000
13,23.0,2.0,16.0,1.0,0,9,Mumbai,Unitech Power Transmission Ltd.,513,9.2,4719.600000000000
11,23.0,1.0,15.0,1.0,0,9,Mumbai,L&T Transmission & Distribution,380,9.2,3496.0000000000000
18,23.0,2.0,20.0,1.0,0,9,Mumbai,Ratnagiri Gas and Power Pvt. Ltd. (RGPPL),532,9.2,4894.4
10,19.0,3.0,5.0,1.0,0,9,Mumbai,"Maha Transco – Maharashtra State Electricity Transmission Co, Ltd.",405,9.2,3726.0000000000000
23,23.0,2.0,20.0,1.0,0,9,Mumbai,Bonfiglioli Transmission Pvt. Ltd.,567,9.2,5216.4
20,22.0,3.0,6.0,1.0,0,9,Mumbai,Toshiba Transmission & Distribution Systems (India) Pvt. Ltd.,581,9.2,5345.2
18,23.0,2.0,15.0,1.0,0,9,Mumbai,Ringfeder Power Transmission India Pvt. Ltd.,441,9.2,4057.2
10,23.0,2.0,3.0,1.0,0,9,Mumbai,Reliance Power,441,9.2,4057.2
10,19.0,0.0,15.0,7.0,0,9,Mumbai,Jyoti Structure,441,9.2,4057.2
5,23.0,1.0,4.0,1.0,0,9,Mumbai,Kalpataru Power,378,9.2,3477.6
18,22.0,0.0,20.0,1.0,0,9,Mumbai,Indowind Energy,483,9.2,4443.600000000000
10,17.0,3.0,21.0,1.0,0,9,Mumbai,Guj Ind Power,483,9.2,4443.600000000000
18,23.0,0.0,17.0,1.0,0,9,Mumbai,Torrent Power Ltd.,588,9.2,5409.600000000000
8,23.0,1.0,22.0,1.0,0,9,Mumbai,Optibelt Power Transmission India Private Limited,435,9.2,4002.0000000000000
21,23.0,3.0,11.0,1.0,0,9,Mumbai,Bonfiglioli Transmission Pvt. Ltd.,488,9.2,4489.600000000000
13,22.0,1.0,16.0,1.0,0,9,Mumbai,JSW Energy Ltd.,614,9.2,5648.800000000000
8,23.0,2.0,16.0,1.0,0,9,Mumbai,Neueon Towers / Sujana Towers Ltd.,481,9.2,4425.2
16,22.0,3.0,13.0,1.0,0,9,Mumbai,SJVN Ltd.,621,9.2,5713.2
19,23.0,3.0,22.0,1.0,0,9,Mumbai,Jaiprakash Power,621,9.2,5713.2
16,22.0,0.0,13.0,1.0,0,9,Mumbai,TransRail Lighting,442,9.2,4066.4000000000000
6,23.0,0.0,7.0,1.0,0,9,Mumbai,KEC International,442,9.2,4066.4000000000000
10,19.0,1.0,19.0,1.0,0,9,Mumbai,GE T&D India Limited,442,9.2,4066.4000000000000
18,23.0,2.0,8.0,1.0,0,9,Mumbai,Toshiba Transmission & Distribution Systems (India) Pvt. Ltd.,453,9.2,4167.600000000000
10,21.0,3.0,13.0,7.0,0,9,Mumbai,Toshiba Transmission & Distribution Systems (India) Pvt. Ltd.,556,9.2,5115.2
9,21.0,1.0,18.0,1.0,0,9,Mumbai,Indowind Energy,556,9.2,5115.2
12,23.0,3.0,16.0,1.0,0,9,Mumbai,Ratnagiri Gas and Power Pvt. Ltd. (RGPPL),583,9.2,5363.600000000000
17,22.0,1.0,11.0,1.0,0,9,Mumbai,Reliance Power,583,9.2,5363.600000000000
19,23.0,1.0,10.0,12.0,0,9,Mumbai,Neueon Towers / Sujana Towers Ltd.,583,9.2,5363.600000000000
12,22.0,2.0,11.0,12.0,0,9,Mumbai,Tata Power Company Ltd.,610,9.2,5612.0
17,23.0,3.0,9.0,1.0,0,9,Mumbai,NHPC,433,9.2,3983.6
10,19.0,2.0,5.0,1.0,0,9,Mumbai,Sterlite Power Transmission Ltd,432,9.2,3974.4000000000000
9,20.0,3.0,5.0,7.0,0,9,Mumbai,Toshiba Transmission & Distribution Systems (India) Pvt. Ltd.,432,9.2,3974.4000000000000
21,22.0,3.0,13.0,1.0,0,9,Mumbai,Ringfeder Power Transmission India Pvt. Ltd.,527,9.2,4848.4
18,23.0,3.0,3.0,1.0,0,9,Mumbai,NTPC Pvt. Ltd.,575,9.2,5290.0
8,18.0,3.0,15.0,1.0,0,9,Mumbai,Jyoti Structure,444,9.2,4084.8000000000000
22,23.0,0.0,21.0,1.0,0,9,Mumbai,Jaiprakash Power,650,9.2,5980.000000000000
12,22.0,2.0,12.0,1.0,0,9,Mumbai,Jaiprakash Power,549,9.2,5050.800000000000
21,23.0,2.0,15.0,1.0,0,9,Mumbai,Indowind Energy,558,9.2,5133.600000000000
14,23.0,2.0,4.0,1.0,0,9,Mumbai,KEC International,558,9.2,5133.600000000000
17,23.0,1.0,8.0,1.0,0,9,Mumbai,Sterlite Power Transmission Ltd,558,9.2,5133.600000000000
9,21.0,0.0,11.0,7.0,0,9,Mumbai,NHPC,490,9.2,4508.0
14,22.0,0.0,17.0,1.0,0,9,Mumbai,Optibelt Power Transmission India Private Limited,422,9.2,3882.4000000000000
23,23.0,3.0,10.0,1.0,0,9,Mumbai,Reliance Power,721,9.2,6633.2
23,23.0,0.0,9.0,12.0,0,9,Mumbai,GE T&D India Limited,607,9.2,5584.4
19,23.0,3.0,16.0,1.0,0,9,Mumbai,Jyoti Structure,495,9.2,4554.0
22,23.0,0.0,3.0,1.0,0,9,Mumbai,Ringfeder Power Transmission India Pvt. Ltd.,394,9.2,3624.8000000000000
5,20.0,2.0,13.0,1.0,0,9,Mumbai,Neueon Towers / Sujana Towers Ltd.,338,9.2,3109.6
12,22.0,0.0,4.0,1.0,0,9,Mumbai,Bonfiglioli Transmission Pvt. Ltd.,338,9.2,3109.6
11,22.0,0.0,4.0,1.0,0,9,Mumbai,L&T Transmission & Distribution,471,9.2,4333.2
10,19.0,2.0,6.0,1.0,0,9,Mumbai,Indowind Energy,471,9.2,4333.2
6,20.0,0.0,20.0,1.0,0,9,Mumbai,Ratnagiri Gas and Power Pvt. Ltd. (RGPPL),428,9.2,3937.6
9,20.0,1.0,19.0,1.0,0,9,Mumbai,JSW Energy Ltd.,428,9.2,3937.6
10,19.0,0.0,5.0,1.0,0,9,Mumbai,JSW Energy Ltd.,428,9.2,3937.6
22,23.0,0.0,9.0,12.0,0,9,Mumbai,CESC,456,9.2,4195.2
11,23.0,1.0,7.0,1.0,0,9,Mumbai,TransRail Lighting,388,9.2,3569.6
22,23.0,1.0,10.0,12.0,0,9,Mumbai,L&T Transmission & Distribution,632,9.2,5814.4
17,22.0,2.0,14.0,1.0,0,9,Mumbai,Orient Green,448,9.2,4121.600000000000
20,22.0,2.0,13.0,12.0,0,9,Mumbai,Orient Green,530,9.2,4876.0
7,21.0,0.0,18.0,7.0,0,9,Mumbai,Reliance Energy,451,9.2,4149.2
12,22.0,0.0,13.0,12.0,0,9,Mumbai,Neueon Towers / Sujana Towers Ltd.,408,9.2,3753.6
16,23.0,1.0,11.0,1.0,0,9,Mumbai,NTPC Pvt. Ltd.,458,9.2,4213.600000000000
15,22.0,0.0,14.0,1.0,0,9,Mumbai,Reliance Energy,598,9.2,5501.600000000000
14,22.0,1.0,22.0,1.0,0,9,Mumbai,Ringfeder Power Transmission India Pvt. Ltd.,598,9.2,5501.600000000000
19,23.0,2.0,18.0,1.0,0,9,Mumbai,L&T Transmission & Distribution,544,9.2,5004.800000000000
14,22.0,0.0,9.0,1.0,0,9,Mumbai,NLC India,517,9.2,4756.4
8,17.0,1.0,21.0,7.0,0,9,Mumbai,Power Grid Corp,517,9.2,4756.4
15,22.0,1.0,21.0,1.0,0,9,Mumbai,Optibelt Power Transmission India Private Limited,604,9.2,5556.800000000000
20,22.0,0.0,11.0,1.0,0,9,Mumbai,Indowind Energy,524,9.2,4820.800000000000
10,19.0,2.0,18.0,7.0,0,9,Mumbai,Jyoti Structure,524,9.2,4820.800000000000
8,23.0,1.0,20.0,1.0,0,9,Mumbai,Bonfiglioli Transmission Pvt. Ltd.,390,9.2,3588.0000000000000
12,23.0,2.0,6.0,12.0,0,9,Mumbai,Unitech Power Transmission Ltd.,579,9.2,5326.800000000000
17,23.0,0.0,7.0,1.0,0,9,Mumbai,Neueon Towers / Sujana Towers Ltd.,501,9.2,4609.2
14,22.0,2.0,9.0,1.0,0,9,Mumbai,Sterlite Power Transmission Ltd,519,9.2,4774.800000000000
19,23.0,3.0,20.0,1.0,0,9,Mumbai,Bonfiglioli Transmission Pvt. Ltd.,688,9.2,6329.600000000000
6,19.0,2.0,13.0,1.0,0,9,Mumbai,NLC India,454,9.2,4176.800000000000
7,17.0,1.0,13.0,1.0,0,9,Mumbai,Unitech Power Transmission Ltd.,454,9.2,4176.800000000000
17,23.0,3.0,19.0,1.0,0,9,Mumbai,Bonfiglioli Transmission Pvt. Ltd.,711,9.2,6541.2
12,23.0,0.0,19.0,12.0,0,9,Mumbai,JSW Energy Ltd.,695,9.2,6394.000000000000
20,22.0,2.0,16.0,1.0,0,9,Mumbai,L&T Transmission & Distribution,640,9.2,5888.0
10,22.0,0.0,10.0,1.0,0,9,Mumbai,Neueon Towers / Sujana Towers Ltd.,529,9.2,4866.800000000000
18,23.0,3.0,16.0,1.0,0,9,Mumbai,KEC International,529,9.2,4866.800000000000
14,23.0,3.0,19.0,1.0,0,9,Mumbai,Orient Green,529,9.2,4866.800000000000
10,19.0,3.0,16.0,7.0,0,9,Mumbai,CESC,652,9.2,5998.4
10,17.0,1.0,18.0,1.0,0,9,Mumbai,SJVN Ltd.,469,9.2,4314.800000000000
13,23.0,3.0,16.0,1.0,0,9,Mumbai,Jyoti Structure,469,9.2,4314.800000000000
23,23.0,2.0,4.0,12.0,0,9,Mumbai,Kalpataru Power,589,9.2,5418.800000000000
19,22.0,0.0,22.0,12.0,0,9,Mumbai,KEC International,620,9.2,5704.0
19,22.0,0.0,21.0,1.0,0,9,Mumbai,Sunil Hitech Eng,620,9.2,5704.0
16,23.0,1.0,12.0,12.0,0,9,Mumbai,Tata Power Company Ltd.,473,9.2,4351.600000000000
18,22.0,2.0,11.0,1.0,0,9,Mumbai,NLC India,526,9.2,4839.2
18,23.0,0.0,15.0,1.0,0,9,Mumbai,Jaiprakash Power,409,9.2,3762.8000000000000
7,18.0,2.0,18.0,1.0,0,9,Mumbai,Tata Power Company Ltd.,498,9.2,4581.600000000000
9,17.0,1.0,12.0,1.0,0,9,Mumbai,Orient Green,482,9.2,4434.4
11,22.0,1.0,12.0,1.0,0,9,Mumbai,Torrent Power Ltd.,404,9.2,3716.8000000000000
13,22.0,1.0,5.0,1.0,0,9,Mumbai,Neueon Towers / Sujana Towers Ltd.,404,9.2,3716.8000000000000
5,20.0,3.0,14.0,1.0,0,9,Mumbai,Kalpataru Power,479,9.2,4406.800000000000
10,19.0,1.0,18.0,1.0,0,9,Mumbai,SJVN Ltd.,402,9.2,3698.4000000000000
7,21.0,3.0,7.0,7.0,0,9,Mumbai,GE T&D India Limited,402,9.2,3698.4000000000000
12,23.0,2.0,19.0,12.0,0,9,Mumbai,TransRail Lighting,755,9.2,6946.000000000000
18,22.0,3.0,18.0,1.0,0,9,Mumbai,Reliance Energy,667,9.2,6136.4
21,22.0,0.0,8.0,12.0,0,9,Mumbai,Ringfeder Power Transmission India Pvt. Ltd.,493,9.2,4535.600000000000
23,23.0,2.0,8.0,1.0,0,9,Mumbai,Toshiba Transmission & Distribution Systems (India) Pvt. Ltd.,493,9.2,4535.600000000000
19,23.0,3.0,5.0,1.0,0,9,Mumbai,Neueon Towers / Sujana Towers Ltd.,573,9.2,5271.600000000000
22,23.0,0.0,20.0,1.0,0,9,Mumbai,Adani Power Ltd.,662,9.2,6090.4
8,21.0,3.0,22.0,7.0,0,9,Mumbai,Indowind Energy,692,9.2,6366.4
14,22.0,3.0,8.0,12.0,0,9,Mumbai,Kalpataru Power,505,9.2,4646.0
17,23.0,2.0,4.0,12.0,0,9,Mumbai,Orient Green,635,9.2,5842.0
15,23.0,3.0,17.0,1.0,0,9,Mumbai,Ringfeder Power Transmission India Pvt. Ltd.,635,9.2,5842.0
12,23.0,2.0,14.0,1.0,0,9,Mumbai,Orient Green,657,9.2,6044.4
18,23.0,0.0,11.0,1.0,0,9,Mumbai,Jyoti Structure,373,9.2,3431.6
22,23.0,1.0,7.0,1.0,0,9,Mumbai,L&T Transmission & Distribution,363,9.2,3339.6
6,21.0,1.0,6.0,1.0,0,9,Mumbai,Toshiba Transmission & Distribution Systems (India) Pvt. Ltd.,363,9.2,3339.6
9,21.0,0.0,4.0,1.0,0,9,Mumbai,CESC,360,9.2,3312.0000000000000
10,22.0,0.0,14.0,7.0,0,9,Mumbai,SJVN Ltd.,360,9.2,3312.0000000000000
18,22.0,3.0,18.0,12.0,0,9,Mumbai,NHPC,651,9.2,5989.2
23,23.0,2.0,21.0,1.0,0,9,Mumbai,Torrent Power Ltd.,651,9.2,5989.2
18,22.0,2.0,5.0,1.0,0,9,Mumbai,Toshiba Transmission & Distribution Systems (India) Pvt. Ltd.,595,9.2,5474.0
23,22.0,3.0,9.0,1.0,0,9,Mumbai,TransRail Lighting,595,9.2,5474.0
23,22.0,3.0,9.0,1.0,0,9,Mumbai,Sterlite Power Transmission Ltd,574,9.2,5280.800000000000
9,19.0,3.0,13.0,7.0,0,9,Mumbai,Bonfiglioli Transmission Pvt. Ltd.,615,9.2,5658.0
23,23.0,1.0,22.0,1.0,0,9,Mumbai,Ringfeder Power Transmission India Pvt. Ltd.,637,9.2,5860.4
17,23.0,1.0,3.0,1.0,0,9,Mumbai,Toshiba Transmission & Distribution Systems (India) Pvt. Ltd.,316,9.2,2907.2
8,21.0,1.0,11.0,1.0,0,9,Mumbai,Ratnagiri Gas and Power Pvt. Ltd. (RGPPL),316,9.2,2907.2
13,23.0,1.0,22.0,1.0,0,9,Mumbai,Toshiba Transmission & Distribution Systems (India) Pvt. Ltd.,440,9.2,4048.0000000000000
18,22.0,0.0,8.0,1.0,0,9,Mumbai,Guj Ind Power,342,9.2,3146.4000000000000
14,22.0,3.0,16.0,1.0,0,9,Mumbai,L&T Transmission & Distribution,486,9.2,4471.2
22,23.0,2.0,3.0,1.0,0,9,Mumbai,Guj Ind Power,522,9.2,4802.4
18,23.0,0.0,17.0,1.0,0,9,Mumbai,KEC International,457,9.2,4204.4
15,23.0,3.0,17.0,1.0,0,9,Mumbai,Toshiba Transmission & Distribution Systems (India) Pvt. Ltd.,590,9.2,5428.0
5,18.0,0.0,5.0,7.0,0,9,Mumbai,Unitech Power Transmission Ltd.,211,9.2,1941.2000000000000
13,22.0,3.0,8.0,1.0,0,9,Mumbai,GE T&D India Limited,460,9.2,4232.0
21,22.0,1.0,14.0,1.0,0,9,Mumbai,Bonfiglioli Transmission Pvt. Ltd.,541,9.2,4977.2
20,22.0,0.0,10.0,1.0,0,9,Mumbai,Sterlite Power Transmission Ltd,439,9.2,4038.8000000000000
22,23.0,0.0,14.0,1.0,0,9,Mumbai,Orient Green,439,9.2,4038.8000000000000
15,23.0,0.0,20.0,1.0,0,9,Mumbai,NHPC,480,9.2,4416.0
10,21.0,1.0,6.0,1.0,0,9,Mumbai,NHPC,259,9.2,2382.8000000000000
5,18.0,2.0,8.0,1.0,0,9,Mumbai,Reliance Power,259,9.2,2382.8000000000000
7,22.0,0.0,5.0,7.0,0,9,Mumbai,Jyoti Structure,366,9.2,3367.2
15,22.0,3.0,9.0,1.0,0,9,Mumbai,NLC India,383,9.2,3523.6
10,20.0,0.0,8.0,1.0,0,9,Mumbai,Unitech Power Transmission Ltd.,468,9.2,4305.600000000000
8,18.0,0.0,11.0,7.0,0,9,Mumbai,Reliance Energy,468,9.2,4305.600000000000
18,22.0,3.0,3.0,1.0,0,9,Mumbai,Optibelt Power Transmission India Private Limited,468,9.2,4305.600000000000
13,23.0,1.0,5.0,12.0,0,9,Mumbai,Kalpataru Power,468,9.2,4305.600000000000
9,21.0,1.0,4.0,1.0,0,9,Mumbai,GE T&D India Limited,382,9.2,3514.4000000000000
9,20.0,0.0,19.0,1.0,0,9,Mumbai,Ringfeder Power Transmission India Pvt. Ltd.,324,9.2,2980.8000000000000
16,23.0,2.0,7.0,1.0,0,9,Mumbai,Neueon Towers / Sujana Towers Ltd.,569,9.2,5234.800000000000
9,18.0,1.0,20.0,1.0,0,9,Mumbai,TransRail Lighting,419,9.2,3854.8000000000000
10,20.0,1.0,7.0,1.0,0,9,Mumbai,SJVN Ltd.,306,9.2,2815.2
10,23.0,3.0,18.0,1.0,0,9,Mumbai,Tata Power Company Ltd.,449,9.2,4130.800000000000
16,22.0,1.0,21.0,1.0,0,9,Mumbai,CESC,485,9.2,4462.0
7,20.0,3.0,17.0,1.0,0,9,Mumbai,Sunil Hitech Eng,485,9.2,4462.0
12,23.0,2.0,10.0,1.0,0,9,Mumbai,Sterlite Power Transmission Ltd,489,9.2,4498.800000000000
16,23.0,2.0,15.0,1.0,0,9,Mumbai,Ringfeder Power Transmission India Pvt. Ltd.,424,9.2,3900.8000000000000
8,21.0,2.0,14.0,1.0,0,9,Mumbai,NHPC,424,9.2,3900.8000000000000
8,23.0,0.0,8.0,1.0,0,9,Mumbai,Toshiba Transmission & Distribution Systems (India) Pvt. Ltd.,403,9.2,3707.6
11,22.0,3.0,7.0,1.0,0,9,Mumbai,Sterlite Power Transmission Ltd,403,9.2,3707.6
11,22.0,0.0,10.0,1.0,0,9,Mumbai,CESC,403,9.2,3707.6
11,22.0,3.0,15.0,1.0,0,9,Mumbai,Guj Ind Power,447,9.2,4112.4
5,23.0,0.0,16.0,7.0,0,9,Mumbai,SJVN Ltd.,412,9.2,3790.4000000000000
9,20.0,2.0,22.0,7.0,0,9,Mumbai,CESC,552,9.2,5078.4
13,22.0,2.0,11.0,1.0,0,9,Mumbai,NHPC,608,9.2,5593.600000000000
22,23.0,3.0,20.0,1.0,0,9,Mumbai,Sterlite Power Transmission Ltd,608,9.2,5593.600000000000
16,23.0,2.0,6.0,1.0,0,9,Mumbai,L&T Transmission & Distribution,496,9.2,4563.2
14,22.0,1.0,18.0,1.0,0,9,Mumbai,Sunil Hitech Eng,496,9.2,4563.2
18,22.0,1.0,10.0,1.0,0,9,Mumbai,Sunil Hitech Eng,364,9.2,3348.8000000000000
19,23.0,1.0,16.0,1.0,0,9,Mumbai,NTPC Pvt. Ltd.,617,9.2,5676.4
9,21.0,1.0,5.0,1.0,0,9,Mumbai,Reliance Energy,340,9.2,3128.0000000000000
11,22.0,2.0,13.0,1.0,0,9,Mumbai,Reliance Energy,385,9.2,3542.0000000000000
9,19.0,3.0,13.0,1.0,0,9,Mumbai,Guj Ind Power,385,9.2,3542.0000000000000
13,23.0,1.0,9.0,1.0,0,9,Mumbai,Torrent Power Ltd.,374,9.2,3440.8000000000000
13,22.0,2.0,15.0,1.0,0,9,Mumbai,Toshiba Transmission & Distribution Systems (India) Pvt. Ltd.,627,9.2,5768.4
21,22.0,1.0,12.0,1.0,0,9,Mumbai,Ratnagiri Gas and Power Pvt. Ltd. (RGPPL),625,9.2,5750.0
17,23.0,2.0,21.0,1.0,0,9,Mumbai,JSW Energy Ltd.,625,9.2,5750.0
22,22.0,2.0,19.0,1.0,0,9,Mumbai,Neueon Towers / Sujana Towers Ltd.,746,9.2,6863.2
6,19.0,1.0,17.0,1.0,0,9,Mumbai,NLC India,353,9.2,3247.6
17,23.0,0.0,15.0,1.0,0,9,Mumbai,SJVN Ltd.,547,9.2,5032.4
10,19.0,0.0,15.0,7.0,0,9,Mumbai,Indowind Energy,397,9.2,3652.4000000000000
15,23.0,3.0,22.0,1.0,0,9,Mumbai,Tata Power Company Ltd.,773,9.2,7111.600000000000
15,22.0,3.0,3.0,1.0,0,9,Mumbai,Torrent Power Ltd.,478,9.2,4397.600000000000
23,23.0,1.0,18.0,1.0,0,9,Mumbai,JSW Energy Ltd.,629,9.2,5786.800000000000
17,22.0,3.0,19.0,1.0,0,9,Mumbai,"Maha Transco – Maharashtra State Electricity Transmission Co, Ltd.",673,9.2,6191.600000000000
13,22.0,1.0,21.0,1.0,0,9,Mumbai,Optibelt Power Transmission India Private Limited,639,9.2,5878.800000000000
6,23.0,3.0,18.0,1.0,0,9,Mumbai,Jaiprakash Power,687,9.2,6320.4
15,23.0,2.0,19.0,1.0,0,9,Mumbai,Kalpataru Power,687,9.2,6320.4
5,23.0,3.0,22.0,1.0,0,9,Mumbai,Ringfeder Power Transmission India Pvt. Ltd.,586,9.2,5391.2
21,23.0,0.0,10.0,1.0,0,9,Mumbai,Optibelt Power Transmission India Private Limited,379,9.2,3486.8000000000000
19,23.0,2.0,13.0,12.0,0,9,Mumbai,Ringfeder Power Transmission India Pvt. Ltd.,709,9.2,6522.800000000000
23,22.0,3.0,4.0,12.0,0,9,Mumbai,SJVN Ltd.,728,9.2,6697.600000000000
9,18.0,2.0,14.0,1.0,0,9,Mumbai,Bonfiglioli Transmission Pvt. Ltd.,351,9.2,3229.2
19,22.0,0.0,20.0,12.0,0,9,Mumbai,Guj Ind Power,565,9.2,5198.0
8,21.0,3.0,13.0,1.0,0,9,Mumbai,Neueon Towers / Sujana Towers Ltd.,537,9.2,4940.4
14,23.0,0.0,10.0,1.0,0,9,Mumbai,Jaiprakash Power,560,9.2,5152.0
15,23.0,3.0,4.0,1.0,0,9,Mumbai,Ringfeder Power Transmission India Pvt. Ltd.,560,9.2,5152.0
12,23.0,3.0,18.0,1.0,0,9,Mumbai,TransRail Lighting,467,9.2,4296.4
13,22.0,2.0,16.0,1.0,0,9,Mumbai,TransRail Lighting,491,9.2,4517.2
10,17.0,0.0,5.0,1.0,0,9,Mumbai,Jyoti Structure,302,9.2,2778.4000000000000
15,23.0,2.0,19.0,1.0,0,9,Mumbai,NLC India,543,9.2,4995.600000000000
14,22.0,1.0,7.0,1.0,0,9,Mumbai,Jyoti Structure,369,9.2,3394.8000000000000
7,18.0,1.0,21.0,1.0,0,9,Mumbai,SJVN Ltd.,369,9.2,3394.8000000000000
17,22.0,1.0,21.0,1.0,0,9,Mumbai,KEC International,559,9.2,5142.800000000000
15,22.0,2.0,5.0,1.0,0,9,Mumbai,Orient Green,559,9.2,5142.800000000000
20,22.0,1.0,5.0,1.0,0,9,Mumbai,Kalpataru Power,531,9.2,4885.2
12,23.0,1.0,3.0,1.0,0,9,Mumbai,L&T Transmission & Distribution,531,9.2,4885.2
21,22.0,2.0,5.0,1.0,0,9,Mumbai,NHPC,611,9.2,5621.2
22,23.0,0.0,8.0,1.0,0,9,Mumbai,Adani Power Ltd.,362,9.2,3330.4000000000000
8,19.0,1.0,3.0,1.0,0,9,Mumbai,Reliance Energy,224,9.2,2060.8000000000000
7,18.0,1.0,5.0,1.0,0,9,Mumbai,Ratnagiri Gas and Power Pvt. Ltd. (RGPPL),224,9.2,2060.8000000000000
12,23.0,2.0,6.0,1.0,0,9,Mumbai,Sunil Hitech Eng,328,9.2,3017.6
10,21.0,1.0,3.0,1.0,0,9,Mumbai,Orient Green,328,9.2,3017.6
17,23.0,0.0,20.0,12.0,0,9,Mumbai,Reliance Power,701,9.2,6449.2
5,23.0,3.0,13.0,1.0,0,9,Mumbai,JSW Energy Ltd.,622,9.2,5722.4
19,22.0,2.0,11.0,12.0,0,9,Mumbai,"Maha Transco – Maharashtra State Electricity Transmission Co, Ltd.",582,9.2,5354.4
16,22.0,2.0,22.0,1.0,0,9,Mumbai,Ratnagiri Gas and Power Pvt. Ltd. (RGPPL),723,9.2,6651.600000000000
8,17.0,2.0,18.0,1.0,0,9,Mumbai,JSW Energy Ltd.,436,9.2,4011.2
15,23.0,2.0,4.0,1.0,0,9,Mumbai,JSW Energy Ltd.,554,9.2,5096.800000000000
21,22.0,3.0,20.0,1.0,0,9,Mumbai,Jaiprakash Power,676,9.2,6219.2
20,22.0,0.0,12.0,1.0,0,9,Mumbai,Neueon Towers / Sujana Towers Ltd.,411,9.2,3781.2
20,22.0,1.0,22.0,1.0,0,9,Mumbai,Guj Ind Power,626,9.2,5759.2
18,23.0,2.0,17.0,1.0,0,9,Mumbai,L&T Transmission & Distribution,626,9.2,5759.2
21,22.0,2.0,21.0,1.0,0,9,Mumbai,JSW Energy Ltd.,699,9.2,6430.800000000000
22,22.0,3.0,8.0,1.0,0,9,Mumbai,Neueon Towers / Sujana Towers Ltd.,563,9.2,5179.600000000000
23,22.0,1.0,16.0,12.0,0,9,Mumbai,Orient Green,719,9.2,6614.800000000000
19,23.0,1.0,22.0,1.0,0,9,Mumbai,Orient Green,719,9.2,6614.800000000000
6,19.0,3.0,22.0,1.0,0,9,Mumbai,NLC India,466,9.2,4287.2
20,23.0,3.0,19.0,12.0,0,9,Mumbai,Kalpataru Power,681,9.2,6265.2
21,23.0,1.0,15.0,1.0,0,9,Mumbai,Torrent Power Ltd.,671,9.2,6173.2
13,22.0,3.0,22.0,12.0,0,9,Mumbai,Ratnagiri Gas and Power Pvt. Ltd. (RGPPL),798,9.2,7341.600000000000
11,23.0,1.0,11.0,1.0,0,9,Mumbai,Ringfeder Power Transmission India Pvt. Ltd.,452,9.2,4158.4
19,23.0,1.0,17.0,1.0,0,9,Mumbai,NHPC,452,9.2,4158.4
7,17.0,1.0,16.0,1.0,0,9,Mumbai,GE T&D India Limited,335,9.2,3082.0000000000000
9,19.0,0.0,3.0,1.0,0,9,Mumbai,Tata Power Company Ltd.,282,9.2,2594.4000000000000
22,22.0,2.0,15.0,1.0,0,9,Mumbai,SJVN Ltd.,690,9.2,6348.000000000000
5,18.0,0.0,10.0,1.0,0,9,Mumbai,NLC India,233,9.2,2143.6
15,23.0,2.0,19.0,1.0,0,9,Mumbai,Unitech Power Transmission Ltd.,713,9.2,6559.600000000000
21,23.0,3.0,15.0,1.0,0,9,Mumbai,Indowind Energy,742,9.2,6826.4
7,19.0,1.0,3.0,1.0,0,9,Mumbai,Unitech Power Transmission Ltd.,199,9.2,1830.8
10,23.0,0.0,8.0,1.0,0,9,Mumbai,CESC,279,9.2,2566.8000000000000
17,22.0,0.0,7.0,1.0,0,9,Mumbai,Tata Power Company Ltd.,349,9.2,3210.8000000000000
18,23.0,1.0,19.0,1.0,0,9,Mumbai,Adani Power Ltd.,678,9.2,6237.600000000000
23,23.0,2.0,11.0,1.0,0,9,Mumbai,Ratnagiri Gas and Power Pvt. Ltd. (RGPPL),678,9.2,6237.600000000000
5,19.0,2.0,8.0,1.0,0,9,Mumbai,Power Grid Corp,240,9.2,2208.0
19,22.0,3.0,10.0,12.0,0,9,Mumbai,Guj Ind Power,644,9.2,5924.800000000000
7,17.0,1.0,3.0,1.0,0,9,Mumbai,Bonfiglioli Transmission Pvt. Ltd.,191,9.2,1757.2000000000000
6,20.0,3.0,9.0,1.0,0,9,Mumbai,Jaiprakash Power,301,9.2,2769.2
12,22.0,2.0,19.0,12.0,0,9,Mumbai,Indowind Energy,734,9.2,6752.800000000000
11,23.0,1.0,17.0,12.0,0,9,Mumbai,NLC India,724,9.2,6660.800000000000
17,23.0,0.0,19.0,12.0,0,9,Mumbai,Sterlite Power Transmission Ltd,761,9.2,7001.2
15,23.0,1.0,16.0,1.0,0,9,Mumbai,Torrent Power Ltd.,633,9.2,5823.600000000000
14,23.0,1.0,4.0,1.0,0,9,New Delhi,Guj Ind Power,440,8.5,3740.0
9,17.0,2.0,3.0,1.0,0,9,New Delhi,Optibelt Power Transmission India Private Limited,440,8.5,3740.0
14,22.0,1.0,5.0,1.0,0,9,New Delhi,NTPC Pvt. Ltd.,532,8.5,4522.0
22,23.0,1.0,6.0,1.0,0,9,New Delhi,Power Grid Corp,456,8.5,3876.0
19,22.0,3.0,21.0,1.0,0,9,New Delhi,TransRail Lighting,567,8.5,4819.5
14,22.0,2.0,22.0,1.0,0,9,New Delhi,Sunil Hitech Eng,581,8.5,4938.5
5,22.0,2.0,14.0,1.0,0,9,New Delhi,NLC India,588,8.5,4998.0
19,22.0,3.0,19.0,1.0,0,9,New Delhi,NHPC,736,8.5,6256.0
19,22.0,2.0,21.0,1.0,0,9,New Delhi,JSW Energy Ltd.,744,8.5,6324.0
17,23.0,3.0,18.0,1.0,0,9,New Delhi,Adani Power Ltd.,651,8.5,5533.5
13,22.0,0.0,20.0,1.0,0,9,New Delhi,Guj Ind Power,413,8.5,3510.5
14,22.0,1.0,12.0,1.0,0,9,New Delhi,Toshiba Transmission & Distribution Systems (India) Pvt. Ltd.,363,8.5,3085.5
21,23.0,0.0,15.0,1.0,0,9,New Delhi,Ratnagiri Gas and Power Pvt. Ltd. (RGPPL),453,8.5,3850.5
13,22.0,0.0,14.0,1.0,0,9,New Delhi,Sunil Hitech Eng,417,8.5,3544.5
20,23.0,3.0,13.0,1.0,0,9,New Delhi,TransRail Lighting,660,8.5,5610.0
7,19.0,2.0,14.0,7.0,0,9,New Delhi,Optibelt Power Transmission India Private Limited,408,8.5,3468.0
7,20.0,3.0,7.0,1.0,0,9,New Delhi,Reliance Power,408,8.5,3468.0
13,22.0,1.0,13.0,1.0,0,9,New Delhi,L&T Transmission & Distribution,408,8.5,3468.0
10,17.0,1.0,14.0,7.0,0,9,New Delhi,Indowind Energy,541,8.5,4598.5
9,20.0,1.0,14.0,7.0,0,9,New Delhi,Orient Green,527,8.5,4479.5
23,22.0,1.0,15.0,1.0,0,9,New Delhi,Kalpataru Power,527,8.5,4479.5
21,22.0,0.0,10.0,12.0,0,9,New Delhi,CESC,436,8.5,3706.0
22,22.0,2.0,14.0,1.0,0,9,New Delhi,Optibelt Power Transmission India Private Limited,549,8.5,4666.5
13,23.0,1.0,6.0,12.0,0,9,New Delhi,Power Grid Corp,587,8.5,4989.5
17,23.0,2.0,8.0,1.0,0,9,New Delhi,Ringfeder Power Transmission India Pvt. Ltd.,367,8.5,3119.5
21,23.0,0.0,9.0,1.0,0,9,New Delhi,JSW Energy Ltd.,463,8.5,3935.5
6,22.0,1.0,3.0,7.0,0,9,New Delhi,Unitech Power Transmission Ltd.,463,8.5,3935.5
9,21.0,3.0,4.0,1.0,0,9,New Delhi,NHPC,463,8.5,3935.5
14,23.0,0.0,17.0,1.0,0,9,New Delhi,Orient Green,452,8.5,3842.0
13,23.0,1.0,10.0,1.0,0,9,New Delhi,Jyoti Structure,452,8.5,3842.0
12,23.0,0.0,21.0,1.0,0,9,New Delhi,Orient Green,393,8.5,3340.5
21,22.0,0.0,13.0,1.0,0,9,New Delhi,Indowind Energy,428,8.5,3638.0
6,21.0,2.0,16.0,1.0,0,9,New Delhi,SJVN Ltd.,604,8.5,5134.0
22,23.0,1.0,10.0,1.0,0,9,New Delhi,JSW Energy Ltd.,533,8.5,4530.5
14,23.0,2.0,15.0,1.0,0,9,New Delhi,L&T Transmission & Distribution,519,8.5,4411.5
13,23.0,1.0,14.0,1.0,0,9,New Delhi,Reliance Power,635,8.5,5397.5
9,17.0,3.0,5.0,7.0,0,9,New Delhi,NHPC,383,8.5,3255.5
9,21.0,1.0,6.0,1.0,0,9,New Delhi,GE T&D India Limited,383,8.5,3255.5
12,23.0,1.0,5.0,1.0,0,9,New Delhi,Guj Ind Power,383,8.5,3255.5
12,22.0,3.0,4.0,1.0,0,9,New Delhi,Power Grid Corp,439,8.5,3731.5
5,22.0,2.0,3.0,1.0,0,9,New Delhi,Toshiba Transmission & Distribution Systems (India) Pvt. Ltd.,439,8.5,3731.5
7,21.0,3.0,7.0,1.0,0,9,New Delhi,TransRail Lighting,381,8.5,3238.5
13,23.0,0.0,20.0,1.0,0,9,New Delhi,Guj Ind Power,552,8.5,4692.0
23,23.0,2.0,4.0,1.0,0,9,New Delhi,Adani Power Ltd.,552,8.5,4692.0
12,22.0,2.0,17.0,12.0,0,9,New Delhi,TransRail Lighting,713,8.5,6060.5
13,22.0,1.0,14.0,1.0,0,9,New Delhi,NLC India,538,8.5,4573.0
21,23.0,0.0,9.0,1.0,0,9,New Delhi,Sunil Hitech Eng,543,8.5,4615.5
16,22.0,0.0,18.0,12.0,0,9,New Delhi,Ratnagiri Gas and Power Pvt. Ltd. (RGPPL),512,8.5,4352.0
9,22.0,0.0,20.0,1.0,0,9,New Delhi,JSW Energy Ltd.,592,8.5,5032.0
15,22.0,3.0,6.0,1.0,0,9,New Delhi,Tata Power Company Ltd.,414,8.5,3519.0
15,23.0,3.0,4.0,1.0,0,9,New Delhi,"Maha Transco – Maharashtra State Electricity Transmission Co, Ltd.",610,8.5,5185.0
7,17.0,0.0,20.0,1.0,0,9,New Delhi,JSW Energy Ltd.,510,8.5,4335.0
7,23.0,0.0,20.0,7.0,0,9,New Delhi,JSW Energy Ltd.,481,8.5,4088.5
22,22.0,1.0,7.0,12.0,0,9,New Delhi,Indowind Energy,481,8.5,4088.5
12,22.0,3.0,4.0,1.0,0,9,New Delhi,Torrent Power Ltd.,499,8.5,4241.5
22,23.0,2.0,22.0,12.0,0,9,New Delhi,Neueon Towers / Sujana Towers Ltd.,769,8.5,6536.5
8,18.0,3.0,3.0,7.0,0,9,New Delhi,Reliance Power,425,8.5,3612.5
7,22.0,0.0,14.0,1.0,0,9,New Delhi,Power Grid Corp,395,8.5,3357.5
18,22.0,1.0,19.0,1.0,0,9,New Delhi,TransRail Lighting,548,8.5,4658.0
18,23.0,1.0,16.0,1.0,0,9,New Delhi,Ratnagiri Gas and Power Pvt. Ltd. (RGPPL),500,8.5,4250.0
17,23.0,3.0,12.0,1.0,0,9,New Delhi,Sterlite Power Transmission Ltd,492,8.5,4182.0
22,22.0,0.0,7.0,1.0,0,9,New Delhi,Tata Power Company Ltd.,464,8.5,3944.0
15,22.0,0.0,12.0,1.0,0,9,New Delhi,Power Grid Corp,537,8.5,4564.5
14,23.0,2.0,21.0,1.0,0,9,New Delhi,Reliance Power,644,8.5,5474.0
20,22.0,3.0,16.0,1.0,0,9,New Delhi,JSW Energy Ltd.,644,8.5,5474.0
17,23.0,1.0,13.0,12.0,0,9,New Delhi,Ringfeder Power Transmission India Pvt. Ltd.,644,8.5,5474.0
21,22.0,1.0,8.0,1.0,0,9,New Delhi,"Maha Transco – Maharashtra State Electricity Transmission Co, Ltd.",403,8.5,3425.5
7,19.0,3.0,22.0,1.0,0,9,New Delhi,L&T Transmission & Distribution,403,8.5,3425.5
20,22.0,3.0,4.0,1.0,0,9,New Delhi,Sunil Hitech Eng,617,8.5,5244.5
13,23.0,2.0,12.0,1.0,0,9,New Delhi,"Maha Transco – Maharashtra State Electricity Transmission Co, Ltd.",617,8.5,5244.5
13,22.0,1.0,5.0,1.0,0,9,New Delhi,NHPC,388,8.5,3298.0
15,22.0,0.0,16.0,1.0,0,9,New Delhi,Torrent Power Ltd.,378,8.5,3213.0
17,22.0,2.0,7.0,1.0,0,9,New Delhi,Sunil Hitech Eng,531,8.5,4513.5
22,23.0,1.0,20.0,1.0,0,9,New Delhi,Guj Ind Power,531,8.5,4513.5
14,23.0,0.0,7.0,12.0,0,9,New Delhi,NTPC Pvt. Ltd.,531,8.5,4513.5
12,22.0,1.0,8.0,1.0,0,9,New Delhi,Optibelt Power Transmission India Private Limited,375,8.5,3187.5
12,23.0,3.0,7.0,1.0,0,9,New Delhi,Bonfiglioli Transmission Pvt. Ltd.,375,8.5,3187.5
19,23.0,1.0,9.0,1.0,0,9,New Delhi,Sterlite Power Transmission Ltd,624,8.5,5304.0
21,23.0,0.0,4.0,1.0,0,9,New Delhi,L&T Transmission & Distribution,370,8.5,3145.0
7,19.0,1.0,16.0,1.0,0,9,New Delhi,Sunil Hitech Eng,370,8.5,3145.0
13,23.0,1.0,22.0,1.0,0,9,New Delhi,Kalpataru Power,691,8.5,5873.5
23,23.0,0.0,11.0,1.0,0,9,New Delhi,CESC,616,8.5,5236.0
11,23.0,0.0,16.0,1.0,0,9,New Delhi,"Maha Transco – Maharashtra State Electricity Transmission Co, Ltd.",494,8.5,4199.0
8,23.0,3.0,16.0,1.0,0,9,New Delhi,Sterlite Power Transmission Ltd,433,8.5,3680.5
16,23.0,2.0,17.0,1.0,0,9,New Delhi,GE T&D India Limited,591,8.5,5023.5
8,22.0,2.0,11.0,1.0,0,9,New Delhi,TransRail Lighting,591,8.5,5023.5
5,22.0,3.0,9.0,7.0,0,9,New Delhi,Sterlite Power Transmission Ltd,591,8.5,5023.5
19,23.0,3.0,9.0,1.0,0,9,New Delhi,NLC India,606,8.5,5151.0
9,22.0,0.0,4.0,1.0,0,9,New Delhi,NLC India,447,8.5,3799.5
5,20.0,1.0,21.0,7.0,0,9,New Delhi,Kalpataru Power,528,8.5,4488.0
11,22.0,3.0,8.0,1.0,0,9,New Delhi,Optibelt Power Transmission India Private Limited,528,8.5,4488.0
21,23.0,3.0,17.0,1.0,0,9,New Delhi,Toshiba Transmission & Distribution Systems (India) Pvt. Ltd.,706,8.5,6001.0
19,23.0,2.0,8.0,1.0,0,9,New Delhi,Tata Power Company Ltd.,648,8.5,5508.0
21,22.0,2.0,17.0,1.0,0,9,New Delhi,L&T Transmission & Distribution,720,8.5,6120.0
6,18.0,0.0,14.0,1.0,0,9,New Delhi,Reliance Power,444,8.5,3774.0
5,17.0,3.0,22.0,1.0,0,9,New Delhi,CESC,364,8.5,3094.0
14,22.0,2.0,10.0,1.0,0,9,New Delhi,Ringfeder Power Transmission India Pvt. Ltd.,468,8.5,3978.0
6,18.0,3.0,9.0,1.0,0,9,New Delhi,Orient Green,332,8.5,2822.0
14,22.0,3.0,3.0,1.0,0,9,New Delhi,Reliance Power,332,8.5,2822.0
5,18.0,2.0,3.0,1.0,0,9,New Delhi,Ringfeder Power Transmission India Pvt. Ltd.,261,8.5,2218.5
17,23.0,3.0,5.0,12.0,0,9,New Delhi,Jaiprakash Power,623,8.5,5295.5
11,22.0,3.0,21.0,1.0,0,9,New Delhi,Reliance Power,524,8.5,4454.0
9,20.0,0.0,5.0,1.0,0,9,New Delhi,Tata Power Company Ltd.,430,8.5,3655.0
17,23.0,2.0,3.0,1.0,0,9,New Delhi,Kalpataru Power,489,8.5,4156.5
10,21.0,1.0,21.0,7.0,0,9,New Delhi,Tata Power Company Ltd.,579,8.5,4921.5
9,22.0,2.0,9.0,1.0,0,9,New Delhi,Ringfeder Power Transmission India Pvt. Ltd.,504,8.5,4284.0
22,23.0,3.0,8.0,1.0,0,9,New Delhi,JSW Energy Ltd.,488,8.5,4148.0
16,22.0,1.0,10.0,1.0,0,9,New Delhi,CESC,551,8.5,4683.5
22,22.0,3.0,10.0,1.0,0,9,New Delhi,Jyoti Structure,515,8.5,4377.5
7,23.0,0.0,14.0,1.0,0,9,New Delhi,Adani Power Ltd.,507,8.5,4309.5
11,23.0,3.0,20.0,1.0,0,9,New Delhi,Guj Ind Power,507,8.5,4309.5
21,23.0,1.0,12.0,1.0,0,9,New Delhi,Reliance Energy,438,8.5,3723.0
11,23.0,2.0,3.0,1.0,0,9,New Delhi,JSW Energy Ltd.,478,8.5,4063.0
15,23.0,0.0,21.0,1.0,0,9,New Delhi,Reliance Energy,640,8.5,5440.0
8,23.0,3.0,18.0,1.0,0,9,New Delhi,Ringfeder Power Transmission India Pvt. Ltd.,583,8.5,4955.5
8,18.0,3.0,15.0,1.0,0,9,New Delhi,NLC India,416,8.5,3536.0
17,22.0,1.0,3.0,1.0,0,9,New Delhi,L&T Transmission & Distribution,451,8.5,3833.5
9,23.0,3.0,12.0,1.0,0,9,New Delhi,Neueon Towers / Sujana Towers Ltd.,657,8.5,5584.5
16,22.0,3.0,6.0,1.0,0,9,New Delhi,KEC International,477,8.5,4054.5
15,22.0,3.0,11.0,1.0,0,9,New Delhi,Torrent Power Ltd.,470,8.5,3995.0
11,23.0,2.0,7.0,12.0,0,9,New Delhi,NTPC Pvt. Ltd.,423,8.5,3595.5
10,20.0,0.0,5.0,1.0,0,9,New Delhi,TransRail Lighting,423,8.5,3595.5
10,23.0,1.0,21.0,1.0,0,9,New Delhi,Indowind Energy,658,8.5,5593.0
20,23.0,2.0,10.0,1.0,0,9,New Delhi,SJVN Ltd.,406,8.5,3451.0
14,22.0,3.0,10.0,1.0,0,9,New Delhi,NLC India,534,8.5,4539.0
8,22.0,1.0,8.0,1.0,0,9,New Delhi,Sunil Hitech Eng,534,8.5,4539.0
12,23.0,2.0,18.0,1.0,0,9,New Delhi,TransRail Lighting,546,8.5,4641.0
8,20.0,1.0,18.0,1.0,0,9,New Delhi,NLC India,554,8.5,4709.0
6,21.0,1.0,11.0,1.0,0,9,New Delhi,Ringfeder Power Transmission India Pvt. Ltd.,390,8.5,3315.0
14,23.0,2.0,7.0,1.0,0,9,New Delhi,Reliance Energy,568,8.5,4828.0
20,22.0,1.0,14.0,1.0,0,9,New Delhi,Jaiprakash Power,466,8.5,3961.0
17,22.0,0.0,11.0,1.0,0,9,New Delhi,Kalpataru Power,564,8.5,4794.0
10,19.0,3.0,11.0,7.0,0,9,New Delhi,Optibelt Power Transmission India Private Limited,599,8.5,5091.5
10,22.0,1.0,22.0,7.0,0,9,New Delhi,KEC International,556,8.5,4726.0
19,23.0,0.0,7.0,1.0,0,9,New Delhi,GE T&D India Limited,345,8.5,2932.5
12,23.0,1.0,10.0,1.0,0,9,New Delhi,NTPC Pvt. Ltd.,400,8.5,3400.0
16,22.0,1.0,3.0,12.0,0,9,New Delhi,NTPC Pvt. Ltd.,400,8.5,3400.0
23,23.0,3.0,21.0,1.0,0,9,New Delhi,GE T&D India Limited,665,8.5,5652.5
9,20.0,0.0,6.0,7.0,0,9,New Delhi,NHPC,258,8.5,2193.0
20,23.0,3.0,11.0,1.0,0,9,New Delhi,L&T Transmission & Distribution,465,8.5,3952.5
13,22.0,2.0,21.0,1.0,0,9,New Delhi,Optibelt Power Transmission India Private Limited,716,8.5,6086.0
7,20.0,2.0,6.0,7.0,0,9,New Delhi,JSW Energy Ltd.,506,8.5,4301.0
5,23.0,3.0,22.0,1.0,0,9,New Delhi,Neueon Towers / Sujana Towers Ltd.,570,8.5,4845.0
12,22.0,0.0,6.0,1.0,0,9,New Delhi,KEC International,314,8.5,2669.0
11,22.0,3.0,10.0,1.0,0,9,New Delhi,Reliance Power,572,8.5,4862.0
8,22.0,2.0,7.0,1.0,0,9,New Delhi,Adani Power Ltd.,563,8.5,4785.5
17,22.0,2.0,22.0,1.0,0,9,New Delhi,Jyoti Structure,612,8.5,5202.0
19,22.0,2.0,9.0,12.0,0,9,New Delhi,CESC,608,8.5,5168.0
22,22.0,3.0,15.0,1.0,0,9,New Delhi,Reliance Energy,637,8.5,5414.5
11,22.0,2.0,12.0,1.0,0,9,New Delhi,Torrent Power Ltd.,484,8.5,4114.0
6,23.0,3.0,9.0,1.0,0,9,New Delhi,CESC,565,8.5,4802.5
8,17.0,0.0,11.0,1.0,0,9,New Delhi,Torrent Power Ltd.,287,8.5,2439.5
20,22.0,2.0,7.0,1.0,0,9,New Delhi,Unitech Power Transmission Ltd.,358,8.5,3043.0
16,22.0,0.0,16.0,1.0,0,9,New Delhi,TransRail Lighting,542,8.5,4607.0
16,22.0,3.0,10.0,1.0,0,9,New Delhi,"Maha Transco – Maharashtra State Electricity Transmission Co, Ltd.",580,8.5,4930.0
22,22.0,0.0,7.0,12.0,0,9,New Delhi,JSW Energy Ltd.,580,8.5,4930.0
19,23.0,2.0,6.0,12.0,0,9,New Delhi,NLC India,575,8.5,4887.5
18,22.0,1.0,9.0,1.0,0,9,New Delhi,Guj Ind Power,475,8.5,4037.5
7,17.0,2.0,16.0,7.0,0,9,New Delhi,JSW Energy Ltd.,475,8.5,4037.5
14,22.0,3.0,15.0,1.0,0,9,New Delhi,Guj Ind Power,475,8.5,4037.5
5,17.0,3.0,19.0,1.0,0,9,New Delhi,TransRail Lighting,486,8.5,4131.0
21,22.0,3.0,7.0,1.0,0,9,New Delhi,Bonfiglioli Transmission Pvt. Ltd.,594,8.5,5049.0
5,21.0,0.0,16.0,7.0,0,9,New Delhi,Reliance Energy,472,8.5,4012.0
16,23.0,1.0,7.0,1.0,0,9,New Delhi,Jyoti Structure,590,8.5,5015.0
9,19.0,3.0,11.0,1.0,0,9,New Delhi,Unitech Power Transmission Ltd.,550,8.5,4675.0
9,19.0,2.0,21.0,1.0,0,9,New Delhi,GE T&D India Limited,550,8.5,4675.0
10,17.0,0.0,12.0,1.0,0,9,New Delhi,Neueon Towers / Sujana Towers Ltd.,349,8.5,2966.5
22,22.0,3.0,5.0,1.0,0,9,New Delhi,JSW Energy Ltd.,630,8.5,5355.0
14,22.0,3.0,19.0,12.0,0,9,New Delhi,Jaiprakash Power,630,8.5,5355.0
11,23.0,2.0,18.0,1.0,0,9,New Delhi,Ringfeder Power Transmission India Pvt. Ltd.,421,8.5,3578.5
15,22.0,2.0,18.0,1.0,0,9,New Delhi,Tata Power Company Ltd.,596,8.5,5066.0
17,22.0,1.0,15.0,1.0,0,9,New Delhi,Toshiba Transmission & Distribution Systems (India) Pvt. Ltd.,596,8.5,5066.0
20,22.0,0.0,18.0,1.0,0,9,New Delhi,Bonfiglioli Transmission Pvt. Ltd.,607,8.5,5159.5
14,22.0,3.0,10.0,1.0,0,9,New Delhi,NHPC,607,8.5,5159.5
5,22.0,2.0,6.0,1.0,0,9,New Delhi,KEC International,471,8.5,4003.5
20,23.0,0.0,21.0,1.0,0,9,New Delhi,CESC,471,8.5,4003.5
16,22.0,1.0,21.0,12.0,0,9,New Delhi,KEC International,730,8.5,6205.0
9,19.0,1.0,5.0,1.0,0,9,New Delhi,GE T&D India Limited,325,8.5,2762.5
6,19.0,1.0,4.0,1.0,0,9,New Delhi,NLC India,294,8.5,2499.0
10,17.0,1.0,14.0,1.0,0,9,New Delhi,Tata Power Company Ltd.,285,8.5,2422.5
7,22.0,1.0,7.0,1.0,0,9,New Delhi,Jaiprakash Power,491,8.5,4173.5
18,22.0,0.0,11.0,1.0,0,9,New Delhi,Kalpataru Power,491,8.5,4173.5
22,23.0,2.0,16.0,1.0,0,9,New Delhi,Unitech Power Transmission Ltd.,474,8.5,4029.0
13,22.0,1.0,10.0,1.0,0,9,New Delhi,NTPC Pvt. Ltd.,348,8.5,2958.0
10,21.0,2.0,3.0,1.0,0,9,New Delhi,"Maha Transco – Maharashtra State Electricity Transmission Co, Ltd.",404,8.5,3434.0
18,22.0,2.0,19.0,1.0,0,9,New Delhi,Jaiprakash Power,653,8.5,5550.5
13,22.0,1.0,9.0,1.0,0,9,New Delhi,NHPC,394,8.5,3349.0
18,22.0,2.0,8.0,1.0,0,9,New Delhi,Sunil Hitech Eng,628,8.5,5338.0
18,22.0,1.0,15.0,1.0,0,9,New Delhi,Torrent Power Ltd.,652,8.5,5542.0
16,22.0,2.0,22.0,12.0,0,9,New Delhi,Indowind Energy,743,8.5,6315.5
17,22.0,1.0,7.0,1.0,0,9,New Delhi,Torrent Power Ltd.,411,8.5,3493.5
5,17.0,1.0,20.0,1.0,0,9,New Delhi,Bonfiglioli Transmission Pvt. Ltd.,335,8.5,2847.5
11,22.0,3.0,16.0,1.0,0,9,New Delhi,Reliance Energy,692,8.5,5882.0
18,22.0,3.0,5.0,12.0,0,9,New Delhi,Unitech Power Transmission Ltd.,690,8.5,5865.0
16,23.0,2.0,16.0,12.0,0,9,New Delhi,Indowind Energy,668,8.5,5678.0
15,22.0,1.0,11.0,1.0,0,9,New Delhi,Reliance Energy,495,8.5,4207.5
10,17.0,0.0,4.0,1.0,0,9,New Delhi,Kalpataru Power,316,8.5,2686.0
12,23.0,3.0,21.0,1.0,0,9,New Delhi,Ratnagiri Gas and Power Pvt. Ltd. (RGPPL),755,8.5,6417.5
20,22.0,0.0,17.0,1.0,0,9,New Delhi,NTPC Pvt. Ltd.,625,8.5,5312.5
19,23.0,2.0,19.0,1.0,0,9,New Delhi,L&T Transmission & Distribution,633,8.5,5380.5
22,23.0,0.0,13.0,12.0,0,9,New Delhi,Guj Ind Power,508,8.5,4318.0
12,22.0,2.0,3.0,1.0,0,9,New Delhi,Adani Power Ltd.,350,8.5,2975.0
9,19.0,0.0,20.0,1.0,0,9,New Delhi,Adani Power Ltd.,502,8.5,4267.0
10,18.0,1.0,21.0,1.0,0,9,New Delhi,NLC India,502,8.5,4267.0
15,22.0,0.0,20.0,1.0,0,9,New Delhi,L&T Transmission & Distribution,638,8.5,5423.0
15,23.0,2.0,8.0,1.0,0,9,New Delhi,Indowind Energy,614,8.5,5219.0
19,22.0,3.0,15.0,1.0,0,9,New Delhi,SJVN Ltd.,661,8.5,5618.5
10,17.0,0.0,11.0,7.0,0,9,New Delhi,L&T Transmission & Distribution,376,8.5,3196.0
8,23.0,0.0,3.0,1.0,0,9,New Delhi,Bonfiglioli Transmission Pvt. Ltd.,323,8.5,2745.5
7,19.0,1.0,13.0,1.0,0,9,New Delhi,Ratnagiri Gas and Power Pvt. Ltd. (RGPPL),286,8.5,2431.0
12,22.0,2.0,21.0,12.0,0,9,New Delhi,Reliance Energy,792,8.5,6732.0
14,23.0,2.0,11.0,1.0,0,9,New Delhi,Toshiba Transmission & Distribution Systems (India) Pvt. Ltd.,626,8.5,5321.0
18,22.0,3.0,22.0,1.0,0,9,New Delhi,TransRail Lighting,760,8.5,6460.0
19,23.0,1.0,9.0,12.0,0,9,New Delhi,Adani Power Ltd.,719,8.5,6111.5
17,22.0,1.0,9.0,1.0,0,9,New Delhi,Unitech Power Transmission Ltd.,359,8.5,3051.5
8,18.0,2.0,15.0,1.0,0,9,New Delhi,Ratnagiri Gas and Power Pvt. Ltd. (RGPPL),389,8.5,3306.5
7,20.0,1.0,4.0,1.0,0,9,New Delhi,L&T Transmission & Distribution,291,8.5,2473.5
10,23.0,3.0,17.0,1.0,0,9,New Delhi,Ringfeder Power Transmission India Pvt. Ltd.,684,8.5,5814.0
8,18.0,2.0,4.0,1.0,0,9,New Delhi,Adani Power Ltd.,225,8.5,1912.5
9,23.0,1.0,3.0,1.0,0,9,New Delhi,Indowind Energy,305,8.5,2592.5
6,20.0,3.0,3.0,1.0,0,9,New Delhi,Neueon Towers / Sujana Towers Ltd.,353,8.5,3000.5
15,23.0,3.0,16.0,1.0,0,9,New Delhi,"Maha Transco – Maharashtra State Electricity Transmission Co, Ltd.",698,8.5,5933.0
23,22.0,3.0,7.0,1.0,0,10,Hyderabad,Indowind Energy,553,8.4,4645.2
20,22.0,1.0,19.0,1.0,0,10,Hyderabad,CESC,553,8.4,4645.2
22,22.0,1.0,20.0,1.0,0,10,Hyderabad,Tata Power Company Ltd.,484,8.4,4065.6000000000000
8,20.0,0.0,10.0,7.0,0,10,Hyderabad,SJVN Ltd.,550,8.4,4620.0
11,23.0,2.0,9.0,1.0,0,10,Hyderabad,Ringfeder Power Transmission India Pvt. Ltd.,550,8.4,4620.0
20,23.0,0.0,20.0,12.0,0,10,Hyderabad,JSW Energy Ltd.,682,8.4,5728.8
18,23.0,0.0,11.0,12.0,0,10,Hyderabad,CESC,682,8.4,5728.8
16,23.0,0.0,22.0,1.0,0,10,Hyderabad,TransRail Lighting,682,8.4,5728.8
23,22.0,0.0,8.0,1.0,0,10,Hyderabad,CESC,572,8.4,4804.8
23,22.0,2.0,18.0,1.0,0,10,Hyderabad,Reliance Power,572,8.4,4804.8
7,23.0,0.0,11.0,7.0,0,10,Hyderabad,CESC,456,8.4,3830.4
12,23.0,1.0,12.0,1.0,0,10,Hyderabad,JSW Energy Ltd.,570,8.4,4788.0
11,22.0,2.0,6.0,1.0,0,10,Hyderabad,Optibelt Power Transmission India Private Limited,405,8.4,3402.0
11,23.0,0.0,3.0,1.0,0,10,Hyderabad,L&T Transmission & Distribution,432,8.4,3628.8
8,18.0,2.0,19.0,1.0,0,10,Hyderabad,NLC India,621,8.4,5216.400000000000
21,22.0,3.0,17.0,1.0,0,10,Hyderabad,Torrent Power Ltd.,756,8.4,6350.400000000000
18,23.0,1.0,13.0,1.0,0,10,Hyderabad,SJVN Ltd.,540,8.4,4536.0
18,22.0,0.0,13.0,1.0,0,10,Hyderabad,Sunil Hitech Eng,498,8.4,4183.2
14,22.0,2.0,19.0,12.0,0,10,Hyderabad,JSW Energy Ltd.,664,8.4,5577.6
22,23.0,1.0,9.0,12.0,0,10,Hyderabad,L&T Transmission & Distribution,508,8.4,4267.2
13,23.0,3.0,11.0,1.0,0,10,Hyderabad,Jaiprakash Power,508,8.4,4267.2
15,22.0,3.0,21.0,1.0,0,10,Hyderabad,Toshiba Transmission & Distribution Systems (India) Pvt. Ltd.,691,8.4,5804.400000000000
22,23.0,3.0,13.0,12.0,0,10,Hyderabad,Adani Power Ltd.,691,8.4,5804.400000000000
10,22.0,0.0,12.0,7.0,0,10,Hyderabad,L&T Transmission & Distribution,581,8.4,4880.400000000000
14,22.0,1.0,10.0,1.0,0,10,Hyderabad,NLC India,368,8.4,3091.2000000000000
18,22.0,0.0,19.0,1.0,0,10,Hyderabad,Sunil Hitech Eng,589,8.4,4947.6
12,22.0,1.0,16.0,1.0,0,10,Hyderabad,Orient Green,589,8.4,4947.6
7,20.0,2.0,19.0,1.0,0,10,Hyderabad,Ringfeder Power Transmission India Pvt. Ltd.,588,8.4,4939.2
16,23.0,1.0,11.0,1.0,0,10,Hyderabad,Adani Power Ltd.,487,8.4,4090.8
10,23.0,2.0,3.0,1.0,0,10,Hyderabad,NLC India,531,8.4,4460.400000000000
21,22.0,3.0,8.0,1.0,0,10,Hyderabad,Orient Green,642,8.4,5392.8
10,20.0,3.0,4.0,1.0,0,10,Hyderabad,Optibelt Power Transmission India Private Limited,523,8.4,4393.2
9,21.0,3.0,18.0,7.0,0,10,Hyderabad,GE T&D India Limited,511,8.4,4292.400000000000
17,22.0,3.0,20.0,1.0,0,10,Hyderabad,Kalpataru Power,568,8.4,4771.2
9,20.0,2.0,18.0,1.0,0,10,Hyderabad,NLC India,633,8.4,5317.2
9,20.0,2.0,17.0,1.0,0,10,Hyderabad,SJVN Ltd.,397,8.4,3334.8
20,23.0,3.0,4.0,1.0,0,10,Hyderabad,L&T Transmission & Distribution,551,8.4,4628.400000000000
20,23.0,0.0,15.0,1.0,0,10,Hyderabad,TransRail Lighting,500,8.4,4200.0
5,18.0,2.0,7.0,1.0,0,10,Hyderabad,SJVN Ltd.,420,8.4,3528.0
21,22.0,3.0,18.0,1.0,0,10,Hyderabad,NTPC Pvt. Ltd.,725,8.4,6090.0
9,21.0,3.0,8.0,1.0,0,10,Hyderabad,NTPC Pvt. Ltd.,449,8.4,3771.6000000000000
16,22.0,1.0,19.0,1.0,0,10,Hyderabad,Sunil Hitech Eng,449,8.4,3771.6000000000000
19,22.0,0.0,3.0,1.0,0,10,Hyderabad,Adani Power Ltd.,282,8.4,2368.8
16,22.0,2.0,8.0,1.0,0,10,Hyderabad,Kalpataru Power,565,8.4,4746.0
16,22.0,0.0,19.0,1.0,0,10,Hyderabad,Reliance Power,485,8.4,4074.0
10,20.0,2.0,14.0,1.0,0,10,Hyderabad,Neueon Towers / Sujana Towers Ltd.,583,8.4,4897.2
6,17.0,0.0,3.0,1.0,0,10,Hyderabad,Reliance Energy,275,8.4,2310.0
18,22.0,0.0,16.0,1.0,0,10,Hyderabad,Sterlite Power Transmission Ltd,645,8.4,5418.0
23,23.0,2.0,21.0,12.0,0,10,Hyderabad,Kalpataru Power,645,8.4,5418.0
8,23.0,1.0,7.0,7.0,0,10,Hyderabad,Sterlite Power Transmission Ltd,426,8.4,3578.4
14,23.0,1.0,4.0,1.0,0,10,Hyderabad,Power Grid Corp,426,8.4,3578.4
7,23.0,2.0,5.0,1.0,0,10,Hyderabad,Adani Power Ltd.,497,8.4,4174.8
12,23.0,0.0,14.0,12.0,0,10,Hyderabad,Sunil Hitech Eng,597,8.4,5014.8
7,21.0,3.0,13.0,1.0,0,10,Hyderabad,NTPC Pvt. Ltd.,451,8.4,3788.4
17,22.0,1.0,12.0,12.0,0,10,Hyderabad,Indowind Energy,529,8.4,4443.6
19,23.0,3.0,19.0,1.0,0,10,Hyderabad,Kalpataru Power,557,8.4,4678.8
16,22.0,0.0,13.0,1.0,0,10,Hyderabad,Kalpataru Power,489,8.4,4107.6
14,22.0,1.0,14.0,1.0,0,10,Hyderabad,Orient Green,603,8.4,5065.2
19,23.0,2.0,15.0,12.0,0,10,Hyderabad,Ratnagiri Gas and Power Pvt. Ltd. (RGPPL),595,8.4,4998.0
11,22.0,3.0,7.0,1.0,0,10,Hyderabad,SJVN Ltd.,577,8.4,4846.8
23,23.0,2.0,12.0,1.0,0,10,Hyderabad,L&T Transmission & Distribution,566,8.4,4754.400000000000
19,23.0,0.0,6.0,1.0,0,10,Hyderabad,Neueon Towers / Sujana Towers Ltd.,399,8.4,3351.6000000000000
11,22.0,3.0,14.0,1.0,0,10,Hyderabad,TransRail Lighting,613,8.4,5149.2
14,22.0,3.0,7.0,1.0,0,10,Hyderabad,Power Grid Corp,613,8.4,5149.2
8,17.0,3.0,7.0,7.0,0,10,Hyderabad,GE T&D India Limited,418,8.4,3511.2000000000000
14,22.0,2.0,14.0,1.0,0,10,Hyderabad,Guj Ind Power,481,8.4,4040.4
8,22.0,3.0,16.0,1.0,0,10,Hyderabad,Adani Power Ltd.,481,8.4,4040.4
5,20.0,3.0,4.0,1.0,0,10,Hyderabad,CESC,308,8.4,2587.2000000000000
21,23.0,3.0,6.0,1.0,0,10,Hyderabad,Guj Ind Power,623,8.4,5233.2
15,23.0,0.0,16.0,1.0,0,10,Hyderabad,Bonfiglioli Transmission Pvt. Ltd.,623,8.4,5233.2
5,23.0,2.0,6.0,1.0,0,10,Hyderabad,NHPC,419,8.4,3519.6000000000000
14,22.0,1.0,16.0,1.0,0,10,Hyderabad,"Maha Transco – Maharashtra State Electricity Transmission Co, Ltd.",515,8.4,4326.0
14,22.0,3.0,20.0,1.0,0,10,Hyderabad,Indowind Energy,634,8.4,5325.6
17,22.0,1.0,6.0,1.0,0,10,Hyderabad,Kalpataru Power,424,8.4,3561.6000000000000
7,18.0,2.0,5.0,7.0,0,10,Hyderabad,Bonfiglioli Transmission Pvt. Ltd.,520,8.4,4368.0
10,23.0,2.0,10.0,1.0,0,10,Hyderabad,Jyoti Structure,520,8.4,4368.0
18,22.0,3.0,9.0,1.0,0,10,Hyderabad,NTPC Pvt. Ltd.,520,8.4,4368.0
6,22.0,2.0,20.0,1.0,0,10,Hyderabad,L&T Transmission & Distribution,555,8.4,4662.0
6,21.0,1.0,14.0,1.0,0,10,Hyderabad,Orient Green,555,8.4,4662.0
12,23.0,3.0,10.0,1.0,0,10,Hyderabad,GE T&D India Limited,580,8.4,4872.0
7,20.0,2.0,21.0,1.0,0,10,Hyderabad,Jaiprakash Power,651,8.4,5468.400000000000
14,22.0,0.0,13.0,1.0,0,10,Hyderabad,NTPC Pvt. Ltd.,446,8.4,3746.4
20,23.0,3.0,11.0,1.0,0,10,Hyderabad,Optibelt Power Transmission India Private Limited,486,8.4,4082.4
10,21.0,1.0,18.0,1.0,0,10,Hyderabad,Sterlite Power Transmission Ltd,626,8.4,5258.400000000000
5,20.0,1.0,16.0,1.0,0,10,Hyderabad,Reliance Energy,341,8.4,2864.4
8,18.0,1.0,5.0,1.0,0,10,Hyderabad,Guj Ind Power,404,8.4,3393.6000000000000
8,18.0,2.0,7.0,1.0,0,10,Hyderabad,Unitech Power Transmission Ltd.,404,8.4,3393.6000000000000
18,22.0,3.0,4.0,12.0,0,10,Hyderabad,"Maha Transco – Maharashtra State Electricity Transmission Co, Ltd.",638,8.4,5359.2
13,22.0,1.0,18.0,12.0,0,10,Hyderabad,NTPC Pvt. Ltd.,667,8.4,5602.8
12,22.0,2.0,10.0,1.0,0,10,Hyderabad,Sunil Hitech Eng,534,8.4,4485.6
13,22.0,1.0,10.0,1.0,0,10,Hyderabad,Adani Power Ltd.,527,8.4,4426.8
20,23.0,3.0,15.0,1.0,0,10,Hyderabad,Bonfiglioli Transmission Pvt. Ltd.,527,8.4,4426.8
16,22.0,2.0,22.0,1.0,0,10,Hyderabad,Sterlite Power Transmission Ltd,558,8.4,4687.2
7,23.0,3.0,14.0,7.0,0,10,Hyderabad,"Maha Transco – Maharashtra State Electricity Transmission Co, Ltd.",558,8.4,4687.2
20,22.0,2.0,16.0,1.0,0,10,Hyderabad,Sterlite Power Transmission Ltd,558,8.4,4687.2
19,23.0,1.0,8.0,1.0,0,10,Hyderabad,"Maha Transco – Maharashtra State Electricity Transmission Co, Ltd.",369,8.4,3099.6
23,23.0,1.0,13.0,1.0,0,10,Hyderabad,NLC India,492,8.4,4132.8
23,22.0,3.0,15.0,1.0,0,10,Hyderabad,CESC,624,8.4,5241.6
14,23.0,3.0,5.0,1.0,0,10,Hyderabad,NHPC,624,8.4,5241.6
5,20.0,3.0,22.0,7.0,0,10,Hyderabad,Jaiprakash Power,494,8.4,4149.6
22,23.0,3.0,11.0,1.0,0,10,Hyderabad,Jyoti Structure,494,8.4,4149.6
14,23.0,3.0,16.0,1.0,0,10,Hyderabad,Sunil Hitech Eng,663,8.4,5569.2
7,22.0,2.0,7.0,1.0,0,10,Hyderabad,Adani Power Ltd.,546,8.4,4586.400000000000
18,22.0,2.0,17.0,1.0,0,10,Hyderabad,Guj Ind Power,585,8.4,4914.0
10,20.0,3.0,5.0,1.0,0,10,Hyderabad,Sunil Hitech Eng,407,8.4,3418.8
18,23.0,2.0,13.0,1.0,0,10,Hyderabad,SJVN Ltd.,440,8.4,3696.0
8,19.0,1.0,4.0,7.0,0,10,Hyderabad,Optibelt Power Transmission India Private Limited,440,8.4,3696.0
22,23.0,0.0,6.0,1.0,0,10,Hyderabad,Orient Green,440,8.4,3696.0
18,22.0,0.0,4.0,12.0,0,10,Hyderabad,Ringfeder Power Transmission India Pvt. Ltd.,440,8.4,3696.0
23,22.0,2.0,21.0,1.0,0,10,Hyderabad,Ringfeder Power Transmission India Pvt. Ltd.,605,8.4,5082.0
19,22.0,0.0,16.0,1.0,0,10,Hyderabad,Bonfiglioli Transmission Pvt. Ltd.,561,8.4,4712.400000000000
18,22.0,2.0,15.0,1.0,0,10,Hyderabad,Adani Power Ltd.,561,8.4,4712.400000000000
6,18.0,2.0,21.0,1.0,0,10,Hyderabad,GE T&D India Limited,561,8.4,4712.400000000000
21,23.0,0.0,9.0,1.0,0,10,Hyderabad,Reliance Energy,539,8.4,4527.6
16,22.0,0.0,4.0,1.0,0,10,Hyderabad,L&T Transmission & Distribution,539,8.4,4527.6
23,22.0,3.0,9.0,1.0,0,10,Hyderabad,Ratnagiri Gas and Power Pvt. Ltd. (RGPPL),517,8.4,4342.8
13,23.0,0.0,6.0,1.0,0,10,Hyderabad,KEC International,517,8.4,4342.8
20,22.0,0.0,6.0,1.0,0,10,Hyderabad,Tata Power Company Ltd.,416,8.4,3494.4
10,18.0,2.0,10.0,1.0,0,10,Hyderabad,Tata Power Company Ltd.,403,8.4,3385.2000000000000
13,22.0,0.0,16.0,1.0,0,10,Hyderabad,Reliance Energy,403,8.4,3385.2000000000000
7,17.0,3.0,5.0,1.0,0,10,Hyderabad,Jyoti Structure,403,8.4,3385.2000000000000
14,23.0,3.0,19.0,1.0,0,10,Hyderabad,NLC India,637,8.4,5350.8
20,23.0,2.0,10.0,1.0,0,10,Hyderabad,Unitech Power Transmission Ltd.,533,8.4,4477.2
7,21.0,0.0,4.0,7.0,0,10,Hyderabad,Reliance Power,462,8.4,3880.8
10,18.0,1.0,8.0,1.0,0,10,Hyderabad,Orient Green,304,8.4,2553.6
5,19.0,1.0,9.0,1.0,0,10,Hyderabad,NHPC,270,8.4,2268.0
19,22.0,0.0,3.0,1.0,0,10,Hyderabad,Reliance Power,478,8.4,4015.2000000000000
21,23.0,0.0,13.0,1.0,0,10,Hyderabad,Bonfiglioli Transmission Pvt. Ltd.,447,8.4,3754.8
21,23.0,0.0,12.0,1.0,0,10,Hyderabad,Orient Green,428,8.4,3595.2000000000000
16,23.0,2.0,6.0,1.0,0,10,Hyderabad,Tata Power Company Ltd.,384,8.4,3225.6000000000000
15,23.0,2.0,8.0,1.0,0,10,Hyderabad,Guj Ind Power,384,8.4,3225.6000000000000
8,23.0,0.0,17.0,1.0,0,10,Hyderabad,Sterlite Power Transmission Ltd,514,8.4,4317.6
12,23.0,0.0,8.0,1.0,0,10,Hyderabad,JSW Energy Ltd.,525,8.4,4410.0
19,22.0,2.0,7.0,1.0,0,10,Hyderabad,Optibelt Power Transmission India Private Limited,525,8.4,4410.0
13,23.0,2.0,16.0,1.0,0,10,Hyderabad,Adani Power Ltd.,586,8.4,4922.400000000000
8,23.0,0.0,22.0,1.0,0,10,Hyderabad,Ringfeder Power Transmission India Pvt. Ltd.,457,8.4,3838.8
18,22.0,2.0,5.0,1.0,0,10,Hyderabad,Ratnagiri Gas and Power Pvt. Ltd. (RGPPL),457,8.4,3838.8
5,22.0,0.0,12.0,1.0,0,10,Hyderabad,Neueon Towers / Sujana Towers Ltd.,457,8.4,3838.8
7,22.0,1.0,18.0,1.0,0,10,Hyderabad,Toshiba Transmission & Distribution Systems (India) Pvt. Ltd.,461,8.4,3872.4
17,22.0,1.0,17.0,1.0,0,10,Hyderabad,Optibelt Power Transmission India Private Limited,692,8.4,5812.8
13,23.0,3.0,5.0,1.0,0,10,Hyderabad,Reliance Power,608,8.4,5107.2
9,18.0,1.0,5.0,1.0,0,10,Hyderabad,Reliance Energy,433,8.4,3637.2000000000000
20,23.0,2.0,19.0,1.0,0,10,Hyderabad,Optibelt Power Transmission India Private Limited,665,8.4,5586.0
8,17.0,3.0,14.0,7.0,0,10,Hyderabad,NHPC,412,8.4,3460.8
11,23.0,2.0,18.0,1.0,0,10,Hyderabad,Tata Power Company Ltd.,469,8.4,3939.6000000000000
11,23.0,2.0,11.0,1.0,0,10,Hyderabad,JSW Energy Ltd.,532,8.4,4468.8
6,18.0,2.0,17.0,1.0,0,10,Hyderabad,NTPC Pvt. Ltd.,378,8.4,3175.2000000000000
22,22.0,0.0,9.0,1.0,0,10,Hyderabad,Torrent Power Ltd.,378,8.4,3175.2000000000000
9,17.0,3.0,22.0,1.0,0,10,Hyderabad,JSW Energy Ltd.,465,8.4,3906.0
10,17.0,0.0,19.0,1.0,0,10,Hyderabad,SJVN Ltd.,560,8.4,4704.0
17,22.0,0.0,10.0,1.0,0,10,Hyderabad,Power Grid Corp,347,8.4,2914.8
6,19.0,0.0,14.0,1.0,0,10,Hyderabad,NTPC Pvt. Ltd.,402,8.4,3376.8
22,23.0,1.0,9.0,1.0,0,10,Hyderabad,Sunil Hitech Eng,658,8.4,5527.2
7,19.0,3.0,19.0,1.0,0,10,Hyderabad,Neueon Towers / Sujana Towers Ltd.,658,8.4,5527.2
14,23.0,0.0,6.0,1.0,0,10,Hyderabad,"Maha Transco – Maharashtra State Electricity Transmission Co, Ltd.",334,8.4,2805.6
9,21.0,2.0,7.0,1.0,0,10,Hyderabad,Jyoti Structure,334,8.4,2805.6
21,22.0,1.0,11.0,1.0,0,10,Hyderabad,CESC,479,8.4,4023.6000000000000
8,23.0,1.0,10.0,1.0,0,10,Hyderabad,"Maha Transco – Maharashtra State Electricity Transmission Co, Ltd.",471,8.4,3956.4
6,20.0,1.0,9.0,1.0,0,10,Hyderabad,Sterlite Power Transmission Ltd,477,8.4,4006.8
20,23.0,1.0,6.0,1.0,0,10,Hyderabad,NHPC,477,8.4,4006.8
15,22.0,0.0,7.0,1.0,0,10,Hyderabad,Sunil Hitech Eng,541,8.4,4544.400000000000
6,20.0,2.0,7.0,1.0,0,10,Hyderabad,Reliance Energy,386,8.4,3242.4
14,23.0,0.0,12.0,1.0,0,10,Hyderabad,NHPC,386,8.4,3242.4
5,20.0,3.0,9.0,7.0,0,10,Hyderabad,Guj Ind Power,386,8.4,3242.4
10,17.0,2.0,20.0,1.0,0,10,Hyderabad,SJVN Ltd.,413,8.4,3469.2000000000000
7,21.0,2.0,18.0,1.0,0,10,Hyderabad,TransRail Lighting,413,8.4,3469.2000000000000
5,17.0,1.0,6.0,1.0,0,10,Hyderabad,Jyoti Structure,307,8.4,2578.8
7,18.0,2.0,10.0,1.0,0,10,Hyderabad,Jyoti Structure,448,8.4,3763.2000000000000
10,19.0,3.0,11.0,7.0,0,10,Hyderabad,Jyoti Structure,491,8.4,4124.400000000000
7,19.0,0.0,8.0,1.0,0,10,Hyderabad,Unitech Power Transmission Ltd.,436,8.4,3662.4
22,23.0,2.0,19.0,1.0,0,10,Hyderabad,Reliance Energy,554,8.4,4653.6
12,23.0,1.0,3.0,1.0,0,10,Hyderabad,Ringfeder Power Transmission India Pvt. Ltd.,393,8.4,3301.2000000000000
14,23.0,0.0,7.0,1.0,0,10,Hyderabad,L&T Transmission & Distribution,352,8.4,2956.8
8,17.0,2.0,5.0,1.0,0,10,Hyderabad,Power Grid Corp,340,8.4,2856.0
22,23.0,1.0,8.0,12.0,0,10,Hyderabad,Neueon Towers / Sujana Towers Ltd.,650,8.4,5460.0
8,18.0,3.0,7.0,1.0,0,10,Hyderabad,TransRail Lighting,338,8.4,2839.2000000000000
21,23.0,1.0,14.0,1.0,0,10,Hyderabad,Optibelt Power Transmission India Private Limited,648,8.4,5443.2
7,19.0,1.0,17.0,1.0,0,10,Hyderabad,Power Grid Corp,567,8.4,4762.8
13,23.0,3.0,12.0,1.0,0,10,Hyderabad,Unitech Power Transmission Ltd.,567,8.4,4762.8
16,22.0,3.0,10.0,1.0,0,10,Hyderabad,TransRail Lighting,501,8.4,4208.400000000000
15,22.0,1.0,8.0,1.0,0,10,Hyderabad,Optibelt Power Transmission India Private Limited,501,8.4,4208.400000000000
13,22.0,1.0,5.0,1.0,0,10,Hyderabad,JSW Energy Ltd.,320,8.4,2688.0
9,18.0,3.0,14.0,7.0,0,10,Hyderabad,GE T&D India Limited,578,8.4,4855.2
13,22.0,0.0,9.0,1.0,0,10,Hyderabad,JSW Energy Ltd.,383,8.4,3217.2000000000000
19,22.0,0.0,15.0,12.0,0,10,Hyderabad,Jyoti Structure,662,8.4,5560.8
11,23.0,3.0,18.0,1.0,0,10,Hyderabad,Sunil Hitech Eng,678,8.4,5695.2
20,23.0,3.0,15.0,1.0,0,10,Hyderabad,NHPC,575,8.4,4830.0
19,23.0,2.0,4.0,1.0,0,10,Hyderabad,NTPC Pvt. Ltd.,575,8.4,4830.0
15,23.0,1.0,8.0,1.0,0,10,Hyderabad,NTPC Pvt. Ltd.,575,8.4,4830.0
19,22.0,1.0,10.0,1.0,0,10,Hyderabad,Jyoti Structure,569,8.4,4779.6
14,23.0,3.0,3.0,12.0,0,10,Hyderabad,Orient Green,715,8.4,6006.0
8,23.0,3.0,19.0,1.0,0,10,Hyderabad,Ratnagiri Gas and Power Pvt. Ltd. (RGPPL),715,8.4,6006.0
11,22.0,3.0,19.0,1.0,0,10,Hyderabad,Sterlite Power Transmission Ltd,715,8.4,6006.0
15,23.0,0.0,11.0,12.0,0,10,Hyderabad,KEC International,715,8.4,6006.0
6,19.0,2.0,3.0,1.0,0,10,Hyderabad,Sunil Hitech Eng,271,8.4,2276.4
13,22.0,2.0,6.0,1.0,0,10,Hyderabad,KEC International,354,8.4,2973.6
8,17.0,1.0,20.0,1.0,0,10,Hyderabad,Guj Ind Power,336,8.4,2822.4
20,22.0,2.0,18.0,1.0,0,10,Hyderabad,Optibelt Power Transmission India Private Limited,591,8.4,4964.400000000000
6,20.0,1.0,12.0,1.0,0,10,Hyderabad,GE T&D India Limited,291,8.4,2444.4
7,18.0,0.0,11.0,1.0,0,10,Hyderabad,Adani Power Ltd.,284,8.4,2385.6
8,23.0,3.0,7.0,1.0,0,10,Hyderabad,JSW Energy Ltd.,406,8.4,3410.4
18,22.0,1.0,7.0,12.0,0,10,Hyderabad,NTPC Pvt. Ltd.,526,8.4,4418.400000000000
14,22.0,2.0,22.0,1.0,0,10,Hyderabad,Optibelt Power Transmission India Private Limited,526,8.4,4418.400000000000
19,23.0,3.0,21.0,1.0,0,10,Hyderabad,Reliance Energy,719,8.4,6039.6
18,22.0,2.0,14.0,1.0,0,10,Hyderabad,L&T Transmission & Distribution,516,8.4,4334.400000000000
15,22.0,0.0,15.0,1.0,0,10,Hyderabad,Jyoti Structure,375,8.4,3150.0
12,22.0,0.0,3.0,1.0,0,10,Hyderabad,Guj Ind Power,289,8.4,2427.6
15,23.0,3.0,11.0,1.0,0,10,Hyderabad,TransRail Lighting,674,8.4,5661.6
17,22.0,2.0,18.0,1.0,0,10,Hyderabad,Power Grid Corp,499,8.4,4191.6
15,22.0,0.0,18.0,1.0,0,10,Hyderabad,Power Grid Corp,400,8.4,3360.0
13,23.0,0.0,15.0,1.0,0,10,Hyderabad,Guj Ind Power,400,8.4,3360.0
13,23.0,2.0,20.0,12.0,0,10,Hyderabad,Toshiba Transmission & Distribution Systems (India) Pvt. Ltd.,778,8.4,6535.200000000000
23,23.0,1.0,10.0,1.0,0,10,Hyderabad,L&T Transmission & Distribution,681,8.4,5720.400000000000
21,22.0,2.0,7.0,12.0,0,10,Hyderabad,Bonfiglioli Transmission Pvt. Ltd.,593,8.4,4981.2
5,17.0,0.0,6.0,7.0,0,10,Hyderabad,NHPC,216,8.4,1814.4
16,22.0,0.0,9.0,12.0,0,10,Hyderabad,Adani Power Ltd.,679,8.4,5703.6
22,22.0,2.0,13.0,1.0,0,10,Hyderabad,Reliance Power,687,8.4,5770.8
7,18.0,2.0,7.0,1.0,0,10,Hyderabad,CESC,321,8.4,2696.4
14,22.0,3.0,8.0,1.0,0,10,Hyderabad,Tata Power Company Ltd.,596,8.4,5006.400000000000
19,22.0,2.0,20.0,1.0,0,10,Hyderabad,Unitech Power Transmission Ltd.,670,8.4,5628.0
13,22.0,1.0,17.0,12.0,0,10,Hyderabad,Toshiba Transmission & Distribution Systems (India) Pvt. Ltd.,707,8.4,5938.8
9,22.0,3.0,18.0,1.0,0,10,Hyderabad,Neueon Towers / Sujana Towers Ltd.,710,8.4,5964.0
20,23.0,3.0,8.0,12.0,0,10,Hyderabad,JSW Energy Ltd.,800,8.4,6720.0
11,22.0,0.0,16.0,1.0,0,10,Hyderabad,Toshiba Transmission & Distribution Systems (India) Pvt. Ltd.,392,8.4,3292.8
11,22.0,3.0,21.0,12.0,0,10,Hyderabad,Sunil Hitech Eng,606,8.4,5090.400000000000
22,23.0,3.0,20.0,12.0,0,10,Hyderabad,Reliance Power,762,8.4,6400.8
23,22.0,1.0,8.0,12.0,0,10,Hyderabad,Torrent Power Ltd.,753,8.4,6325.2
8,17.0,1.0,4.0,1.0,0,10,Hyderabad,NTPC Pvt. Ltd.,248,8.4,2083.2000000000000
23,23.0,3.0,19.0,1.0,0,10,Hyderabad,Orient Green,782,8.4,6568.8
14,23.0,2.0,4.0,1.0,0,10,Hyderabad,Adani Power Ltd.,512,8.4,4300.8
6,21.0,1.0,21.0,1.0,0,10,Hyderabad,NHPC,376,8.4,3158.4
23,23.0,3.0,17.0,1.0,0,10,Hyderabad,Adani Power Ltd.,745,8.4,6258.0
16,22.0,2.0,20.0,12.0,0,10,Hyderabad,SJVN Ltd.,841,8.4,7064.400000000000
5,19.0,1.0,4.0,1.0,0,10,Hyderabad,Jaiprakash Power,218,8.4,1831.2
17,22.0,2.0,18.0,12.0,0,10,Hyderabad,Tata Power Company Ltd.,798,8.4,6703.200000000000
21,23.0,0.0,12.0,12.0,0,10,Hyderabad,Optibelt Power Transmission India Private Limited,714,8.4,5997.6
11,23.0,1.0,22.0,1.0,0,10,Hyderabad,Torrent Power Ltd.,716,8.4,6014.400000000000
22,22.0,2.0,21.0,12.0,0,10,Hyderabad,L&T Transmission & Distribution,716,8.4,6014.400000000000
18,23.0,3.0,14.0,12.0,0,10,Hyderabad,"Maha Transco – Maharashtra State Electricity Transmission Co, Ltd.",836,8.4,7022.400000000000
9,18.0,0.0,4.0,1.0,0,10,Hyderabad,"Maha Transco – Maharashtra State Electricity Transmission Co, Ltd.",201,8.4,1688.4
6,17.0,0.0,8.0,1.0,0,10,Hyderabad,Kalpataru Power,201,8.4,1688.4
23,23.0,2.0,21.0,1.0,0,10,Hyderabad,Toshiba Transmission & Distribution Systems (India) Pvt. Ltd.,772,8.4,6484.8
9,23.0,0.0,17.0,1.0,0,10,Nagpur,Indowind Energy,440,8.9,3916.0
14,23.0,1.0,20.0,12.0,0,10,Nagpur,NLC India,616,8.9,5482.400000000000
19,22.0,2.0,19.0,1.0,0,10,Nagpur,Jyoti Structure,532,8.9,4734.8
10,20.0,2.0,15.0,1.0,0,10,Nagpur,Sterlite Power Transmission Ltd,532,8.9,4734.8
7,19.0,3.0,17.0,7.0,0,10,Nagpur,Unitech Power Transmission Ltd.,435,8.9,3871.5
17,23.0,3.0,17.0,1.0,0,10,Nagpur,"Maha Transco – Maharashtra State Electricity Transmission Co, Ltd.",648,8.9,5767.2
13,22.0,3.0,14.0,1.0,0,10,Nagpur,JSW Energy Ltd.,700,8.9,6230.0
11,22.0,3.0,11.0,1.0,0,10,Nagpur,Kalpataru Power,449,8.9,3996.1000000000000
7,17.0,2.0,11.0,1.0,0,10,Nagpur,TransRail Lighting,463,8.9,4120.7
11,23.0,1.0,10.0,1.0,0,10,Nagpur,NLC India,431,8.9,3835.9
21,22.0,0.0,16.0,1.0,0,10,Nagpur,NHPC,577,8.9,5135.3
14,23.0,0.0,22.0,1.0,0,10,Nagpur,CESC,506,8.9,4503.400000000000
7,22.0,1.0,21.0,1.0,0,10,Nagpur,Ringfeder Power Transmission India Pvt. Ltd.,631,8.9,5615.900000000000
20,22.0,3.0,10.0,1.0,0,10,Nagpur,Kalpataru Power,631,8.9,5615.900000000000
10,17.0,0.0,7.0,1.0,0,10,Nagpur,Unitech Power Transmission Ltd.,411,8.9,3657.9
14,22.0,3.0,18.0,12.0,0,10,Nagpur,Sterlite Power Transmission Ltd,598,8.9,5322.2
6,20.0,2.0,18.0,7.0,0,10,Nagpur,Reliance Energy,605,8.9,5384.5
9,20.0,2.0,19.0,7.0,0,10,Nagpur,Orient Green,605,8.9,5384.5
19,23.0,2.0,9.0,1.0,0,10,Nagpur,Tata Power Company Ltd.,605,8.9,5384.5
5,18.0,3.0,10.0,1.0,0,10,Nagpur,TransRail Lighting,526,8.9,4681.400000000000
7,17.0,1.0,12.0,1.0,0,10,Nagpur,Toshiba Transmission & Distribution Systems (India) Pvt. Ltd.,488,8.9,4343.2
6,17.0,2.0,21.0,7.0,0,10,Nagpur,Bonfiglioli Transmission Pvt. Ltd.,488,8.9,4343.2
15,22.0,2.0,22.0,1.0,0,10,Nagpur,"Maha Transco – Maharashtra State Electricity Transmission Co, Ltd.",488,8.9,4343.2
15,23.0,2.0,13.0,1.0,0,10,Nagpur,NTPC Pvt. Ltd.,551,8.9,4903.900000000000
8,18.0,0.0,19.0,1.0,0,10,Nagpur,JSW Energy Ltd.,551,8.9,4903.900000000000
16,23.0,3.0,18.0,12.0,0,10,Nagpur,Bonfiglioli Transmission Pvt. Ltd.,664,8.9,5909.6
15,23.0,3.0,17.0,1.0,0,10,Nagpur,Guj Ind Power,513,8.9,4565.7
19,22.0,3.0,14.0,1.0,0,10,Nagpur,Toshiba Transmission & Distribution Systems (India) Pvt. Ltd.,522,8.9,4645.8
7,22.0,0.0,20.0,1.0,0,10,Nagpur,Torrent Power Ltd.,456,8.9,4058.4
10,21.0,2.0,11.0,1.0,0,10,Nagpur,CESC,593,8.9,5277.7
21,23.0,1.0,8.0,1.0,0,10,Nagpur,NLC India,593,8.9,5277.7
22,23.0,2.0,9.0,1.0,0,10,Nagpur,Jyoti Structure,593,8.9,5277.7
20,22.0,2.0,20.0,1.0,0,10,Nagpur,Guj Ind Power,542,8.9,4823.8
20,23.0,2.0,13.0,1.0,0,10,Nagpur,Orient Green,542,8.9,4823.8
7,17.0,3.0,20.0,7.0,0,10,Nagpur,Ratnagiri Gas and Power Pvt. Ltd. (RGPPL),561,8.9,4992.900000000000
22,23.0,0.0,6.0,1.0,0,10,Nagpur,Toshiba Transmission & Distribution Systems (India) Pvt. Ltd.,609,8.9,5420.1
13,23.0,0.0,11.0,12.0,0,10,Nagpur,Guj Ind Power,475,8.9,4227.5
20,23.0,1.0,7.0,1.0,0,10,Nagpur,Indowind Energy,475,8.9,4227.5
15,23.0,0.0,9.0,1.0,0,10,Nagpur,Sunil Hitech Eng,350,8.9,3115.0
17,22.0,2.0,4.0,1.0,0,10,Nagpur,KEC International,441,8.9,3924.9
5,22.0,0.0,20.0,1.0,0,10,Nagpur,SJVN Ltd.,574,8.9,5108.6
21,23.0,2.0,9.0,1.0,0,10,Nagpur,Jyoti Structure,464,8.9,4129.6
11,23.0,3.0,17.0,1.0,0,10,Nagpur,Adani Power Ltd.,558,8.9,4966.2
13,22.0,1.0,11.0,12.0,0,10,Nagpur,Unitech Power Transmission Ltd.,695,8.9,6185.5
16,22.0,0.0,4.0,1.0,0,10,Nagpur,Sterlite Power Transmission Ltd,481,8.9,4280.900000000000
16,22.0,2.0,3.0,1.0,0,10,Nagpur,Bonfiglioli Transmission Pvt. Ltd.,481,8.9,4280.900000000000
16,22.0,3.0,18.0,1.0,0,10,Nagpur,Jyoti Structure,636,8.9,5660.400000000000
6,20.0,1.0,18.0,7.0,0,10,Nagpur,KEC International,540,8.9,4806.0
18,22.0,0.0,12.0,1.0,0,10,Nagpur,Bonfiglioli Transmission Pvt. Ltd.,459,8.9,4085.1000000000000
15,23.0,0.0,13.0,1.0,0,10,Nagpur,"Maha Transco – Maharashtra State Electricity Transmission Co, Ltd.",459,8.9,4085.1000000000000
17,22.0,1.0,20.0,1.0,0,10,Nagpur,TransRail Lighting,459,8.9,4085.1000000000000
7,19.0,1.0,12.0,1.0,0,10,Nagpur,Jaiprakash Power,539,8.9,4797.1
13,23.0,0.0,10.0,1.0,0,10,Nagpur,Reliance Power,326,8.9,2901.4
15,22.0,3.0,6.0,1.0,0,10,Nagpur,Orient Green,442,8.9,3933.8
21,22.0,1.0,13.0,1.0,0,10,Nagpur,Kalpataru Power,442,8.9,3933.8
11,22.0,2.0,22.0,12.0,0,10,Nagpur,Reliance Power,618,8.9,5500.2
18,22.0,0.0,20.0,1.0,0,10,Nagpur,TransRail Lighting,497,8.9,4423.3
21,22.0,3.0,10.0,1.0,0,10,Nagpur,Adani Power Ltd.,702,8.9,6247.8
15,22.0,2.0,4.0,1.0,0,10,Nagpur,Neueon Towers / Sujana Towers Ltd.,424,8.9,3773.6000000000000
17,22.0,2.0,16.0,1.0,0,10,Nagpur,Sunil Hitech Eng,527,8.9,4690.3
10,19.0,2.0,3.0,1.0,0,10,Nagpur,Toshiba Transmission & Distribution Systems (India) Pvt. Ltd.,398,8.9,3542.2000000000000
9,19.0,0.0,9.0,1.0,0,10,Nagpur,Orient Green,358,8.9,3186.2000000000000
23,23.0,0.0,15.0,1.0,0,10,Nagpur,Orient Green,512,8.9,4556.8
13,22.0,1.0,6.0,12.0,0,10,Nagpur,Unitech Power Transmission Ltd.,512,8.9,4556.8
16,23.0,2.0,5.0,1.0,0,10,Nagpur,NHPC,386,8.9,3435.4
8,21.0,0.0,4.0,1.0,0,10,Nagpur,Optibelt Power Transmission India Private Limited,345,8.9,3070.5
6,22.0,0.0,8.0,1.0,0,10,Nagpur,Ratnagiri Gas and Power Pvt. Ltd. (RGPPL),338,8.9,3008.2000000000000
20,23.0,2.0,18.0,1.0,0,10,Nagpur,Kalpataru Power,550,8.9,4895.0
9,21.0,3.0,19.0,1.0,0,10,Nagpur,Kalpataru Power,446,8.9,3969.4
9,22.0,3.0,15.0,1.0,0,10,Nagpur,L&T Transmission & Distribution,446,8.9,3969.4
9,22.0,2.0,9.0,1.0,0,10,Nagpur,Indowind Energy,445,8.9,3960.5
7,19.0,3.0,12.0,7.0,0,10,Nagpur,Power Grid Corp,445,8.9,3960.5
21,23.0,2.0,16.0,12.0,0,10,Nagpur,NLC India,720,8.9,6408.0
22,22.0,2.0,14.0,1.0,0,10,Nagpur,Jaiprakash Power,720,8.9,6408.0
10,19.0,1.0,12.0,1.0,0,10,Nagpur,Reliance Power,284,8.9,2527.6
20,22.0,0.0,20.0,12.0,0,10,Nagpur,NLC India,781,8.9,6950.900000000000
19,23.0,3.0,10.0,12.0,0,10,Nagpur,Reliance Energy,622,8.9,5535.8
16,23.0,1.0,14.0,1.0,0,10,Nagpur,Indowind Energy,622,8.9,5535.8
16,22.0,2.0,15.0,1.0,0,10,Nagpur,Ringfeder Power Transmission India Pvt. Ltd.,529,8.9,4708.1
12,23.0,2.0,13.0,1.0,0,10,Nagpur,Guj Ind Power,505,8.9,4494.5
18,22.0,0.0,20.0,1.0,0,10,Nagpur,SJVN Ltd.,505,8.9,4494.5
22,22.0,0.0,15.0,1.0,0,10,Nagpur,Optibelt Power Transmission India Private Limited,502,8.9,4467.8
8,19.0,1.0,17.0,1.0,0,10,Nagpur,JSW Energy Ltd.,502,8.9,4467.8
13,23.0,1.0,12.0,12.0,0,10,Nagpur,GE T&D India Limited,565,8.9,5028.5
15,22.0,3.0,16.0,12.0,0,10,Nagpur,Optibelt Power Transmission India Private Limited,565,8.9,5028.5
14,22.0,1.0,21.0,1.0,0,10,Nagpur,NTPC Pvt. Ltd.,617,8.9,5491.3
20,23.0,0.0,17.0,1.0,0,10,Nagpur,Power Grid Corp,617,8.9,5491.3
22,23.0,0.0,17.0,1.0,0,10,Nagpur,NLC India,467,8.9,4156.3
8,20.0,0.0,20.0,1.0,0,10,Nagpur,Orient Green,460,8.9,4094.0
5,18.0,2.0,8.0,1.0,0,10,Nagpur,Kalpataru Power,302,8.9,2687.8
22,23.0,1.0,18.0,12.0,0,10,Nagpur,Torrent Power Ltd.,635,8.9,5651.5
12,22.0,0.0,20.0,1.0,0,10,Nagpur,JSW Energy Ltd.,635,8.9,5651.5
14,22.0,2.0,15.0,1.0,0,10,Nagpur,Ratnagiri Gas and Power Pvt. Ltd. (RGPPL),635,8.9,5651.5
12,22.0,0.0,12.0,1.0,0,10,Nagpur,Reliance Energy,509,8.9,4530.1
10,20.0,3.0,22.0,1.0,0,10,Nagpur,Jyoti Structure,465,8.9,4138.5
20,22.0,2.0,4.0,12.0,0,10,Nagpur,Adani Power Ltd.,717,8.9,6381.3
23,22.0,1.0,21.0,1.0,0,10,Nagpur,Unitech Power Transmission Ltd.,563,8.9,5010.7
17,23.0,2.0,15.0,1.0,0,10,Nagpur,Adani Power Ltd.,646,8.9,5749.400000000000
15,22.0,2.0,16.0,1.0,0,10,Nagpur,Guj Ind Power,590,8.9,5251.0
14,23.0,2.0,15.0,1.0,0,10,Nagpur,"Maha Transco – Maharashtra State Electricity Transmission Co, Ltd.",521,8.9,4636.900000000000
19,22.0,3.0,9.0,1.0,0,10,Nagpur,Sterlite Power Transmission Ltd,521,8.9,4636.900000000000
8,22.0,3.0,9.0,1.0,0,10,Nagpur,Orient Green,501,8.9,4458.900000000000
21,23.0,1.0,10.0,1.0,0,10,Nagpur,Sterlite Power Transmission Ltd,407,8.9,3622.3
14,23.0,1.0,10.0,1.0,0,10,Nagpur,NHPC,549,8.9,4886.1
16,23.0,3.0,19.0,1.0,0,10,Nagpur,Reliance Energy,582,8.9,5179.8
19,22.0,2.0,16.0,1.0,0,10,Nagpur,Jaiprakash Power,694,8.9,6176.6
19,23.0,2.0,7.0,1.0,0,10,Nagpur,Kalpataru Power,642,8.9,5713.8
15,23.0,3.0,19.0,12.0,0,10,Nagpur,Sterlite Power Transmission Ltd,656,8.9,5838.400000000000
23,23.0,2.0,14.0,1.0,0,10,Nagpur,Reliance Power,656,8.9,5838.400000000000
7,22.0,0.0,8.0,1.0,0,10,Nagpur,"Maha Transco – Maharashtra State Electricity Transmission Co, Ltd.",246,8.9,2189.4
20,22.0,2.0,20.0,1.0,0,10,Nagpur,Sunil Hitech Eng,546,8.9,4859.400000000000
12,23.0,0.0,14.0,1.0,0,10,Nagpur,Torrent Power Ltd.,370,8.9,3293.0
6,17.0,0.0,4.0,1.0,0,10,Nagpur,KEC International,228,8.9,2029.2
6,17.0,0.0,22.0,1.0,0,10,Nagpur,"Maha Transco – Maharashtra State Electricity Transmission Co, Ltd.",368,8.9,3275.2000000000000
13,22.0,3.0,18.0,1.0,0,10,Nagpur,Torrent Power Ltd.,576,8.9,5126.400000000000
20,23.0,3.0,21.0,1.0,0,10,Nagpur,GE T&D India Limited,653,8.9,5811.7
13,22.0,3.0,21.0,1.0,0,10,Nagpur,Ringfeder Power Transmission India Pvt. Ltd.,653,8.9,5811.7
15,23.0,1.0,18.0,12.0,0,10,Nagpur,Optibelt Power Transmission India Private Limited,653,8.9,5811.7
10,22.0,2.0,21.0,1.0,0,10,Nagpur,Jaiprakash Power,578,8.9,5144.2
20,23.0,1.0,17.0,1.0,0,10,Nagpur,JSW Energy Ltd.,643,8.9,5722.7
8,19.0,1.0,16.0,1.0,0,10,Nagpur,Power Grid Corp,471,8.9,4191.900000000000
9,23.0,1.0,12.0,1.0,0,10,Nagpur,Ratnagiri Gas and Power Pvt. Ltd. (RGPPL),471,8.9,4191.900000000000
16,23.0,1.0,9.0,12.0,0,10,Nagpur,Orient Green,458,8.9,4076.2000000000000
14,22.0,1.0,3.0,1.0,0,10,Nagpur,CESC,491,8.9,4369.900000000000
20,22.0,1.0,13.0,1.0,0,10,Nagpur,JSW Energy Ltd.,491,8.9,4369.900000000000
16,22.0,1.0,6.0,1.0,0,10,Nagpur,Tata Power Company Ltd.,511,8.9,4547.900000000000
21,22.0,1.0,11.0,12.0,0,10,Nagpur,NHPC,559,8.9,4975.1
5,21.0,2.0,14.0,7.0,0,10,Nagpur,Sunil Hitech Eng,414,8.9,3684.6000000000000
7,23.0,2.0,4.0,7.0,0,10,Nagpur,Reliance Power,450,8.9,4005.0
6,19.0,1.0,15.0,7.0,0,10,Nagpur,Ringfeder Power Transmission India Pvt. Ltd.,409,8.9,3640.1000000000000
19,23.0,3.0,6.0,1.0,0,10,Nagpur,Tata Power Company Ltd.,519,8.9,4619.1
13,23.0,3.0,20.0,1.0,0,10,Nagpur,Toshiba Transmission & Distribution Systems (India) Pvt. Ltd.,707,8.9,6292.3
10,18.0,1.0,5.0,7.0,0,10,Nagpur,JSW Energy Ltd.,418,8.9,3720.2000000000000
17,22.0,1.0,6.0,1.0,0,10,Nagpur,Orient Green,516,8.9,4592.400000000000
10,19.0,2.0,18.0,1.0,0,10,Nagpur,CESC,468,8.9,4165.2
18,22.0,3.0,14.0,1.0,0,10,Nagpur,Sunil Hitech Eng,468,8.9,4165.2
8,17.0,0.0,18.0,1.0,0,10,Nagpur,Unitech Power Transmission Ltd.,319,8.9,2839.1
16,22.0,1.0,4.0,1.0,0,10,Nagpur,Bonfiglioli Transmission Pvt. Ltd.,319,8.9,2839.1
9,22.0,1.0,11.0,1.0,0,10,Nagpur,JSW Energy Ltd.,472,8.9,4200.8
5,20.0,0.0,12.0,1.0,0,10,Nagpur,"Maha Transco – Maharashtra State Electricity Transmission Co, Ltd.",472,8.9,4200.8
6,23.0,1.0,17.0,1.0,0,10,Nagpur,Torrent Power Ltd.,472,8.9,4200.8
9,23.0,3.0,8.0,1.0,0,10,Nagpur,Unitech Power Transmission Ltd.,567,8.9,5046.3
21,22.0,2.0,11.0,1.0,0,10,Nagpur,Torrent Power Ltd.,567,8.9,5046.3
10,17.0,3.0,4.0,1.0,0,10,Nagpur,Jaiprakash Power,361,8.9,3212.9
14,23.0,0.0,15.0,1.0,0,10,Nagpur,KEC International,417,8.9,3711.3
7,18.0,0.0,10.0,1.0,0,10,Nagpur,Torrent Power Ltd.,313,8.9,2785.7000000000000
20,23.0,0.0,5.0,1.0,0,10,Nagpur,SJVN Ltd.,313,8.9,2785.7000000000000
22,22.0,1.0,4.0,1.0,0,10,Nagpur,SJVN Ltd.,333,8.9,2963.7000000000000
10,22.0,1.0,8.0,1.0,0,10,Nagpur,Guj Ind Power,498,8.9,4432.2
19,23.0,2.0,21.0,12.0,0,10,Nagpur,Toshiba Transmission & Distribution Systems (India) Pvt. Ltd.,740,8.9,6586.0
15,22.0,2.0,6.0,1.0,0,10,Nagpur,Neueon Towers / Sujana Towers Ltd.,606,8.9,5393.400000000000
17,23.0,2.0,11.0,12.0,0,10,Nagpur,L&T Transmission & Distribution,698,8.9,6212.2
9,21.0,1.0,21.0,1.0,0,10,Nagpur,Kalpataru Power,436,8.9,3880.4
13,23.0,0.0,15.0,1.0,0,10,Nagpur,Reliance Power,436,8.9,3880.4
7,22.0,2.0,16.0,7.0,0,10,Nagpur,"Maha Transco – Maharashtra State Electricity Transmission Co, Ltd.",585,8.9,5206.5
6,23.0,0.0,8.0,1.0,0,10,Nagpur,Ringfeder Power Transmission India Pvt. Ltd.,289,8.9,2572.1
6,20.0,2.0,12.0,7.0,0,10,Nagpur,Unitech Power Transmission Ltd.,483,8.9,4298.7
5,23.0,1.0,9.0,1.0,0,10,Nagpur,Sunil Hitech Eng,489,8.9,4352.1
22,22.0,2.0,12.0,1.0,0,10,Nagpur,Torrent Power Ltd.,489,8.9,4352.1
22,23.0,0.0,7.0,1.0,0,10,Nagpur,Indowind Energy,523,8.9,4654.7
9,19.0,0.0,19.0,1.0,0,10,Nagpur,Jaiprakash Power,547,8.9,4868.3
8,17.0,3.0,6.0,1.0,0,10,Nagpur,Ratnagiri Gas and Power Pvt. Ltd. (RGPPL),372,8.9,3310.8
16,22.0,2.0,6.0,1.0,0,10,Nagpur,SJVN Ltd.,597,8.9,5313.3
8,22.0,1.0,7.0,1.0,0,10,Nagpur,Guj Ind Power,295,8.9,2625.5
7,17.0,0.0,15.0,7.0,0,10,Nagpur,"Maha Transco – Maharashtra State Electricity Transmission Co, Ltd.",406,8.9,3613.4
13,22.0,1.0,15.0,1.0,0,10,Nagpur,Unitech Power Transmission Ltd.,579,8.9,5153.1
7,18.0,2.0,20.0,1.0,0,10,Nagpur,CESC,579,8.9,5153.1
20,22.0,3.0,12.0,1.0,0,10,Nagpur,Ratnagiri Gas and Power Pvt. Ltd. (RGPPL),579,8.9,5153.1
15,22.0,1.0,14.0,1.0,0,10,Nagpur,Jyoti Structure,479,8.9,4263.1
11,23.0,1.0,12.0,1.0,0,10,Nagpur,SJVN Ltd.,362,8.9,3221.8
17,22.0,1.0,5.0,12.0,0,10,Nagpur,Adani Power Ltd.,639,8.9,5687.1
11,22.0,3.0,20.0,1.0,0,10,Nagpur,Torrent Power Ltd.,637,8.9,5669.3
10,17.0,1.0,17.0,1.0,0,10,Nagpur,TransRail Lighting,419,8.9,3729.1000000000000
6,22.0,3.0,22.0,1.0,0,10,Nagpur,Kalpataru Power,566,8.9,5037.400000000000
6,17.0,2.0,15.0,1.0,0,10,Nagpur,Reliance Power,556,8.9,4948.400000000000
20,23.0,2.0,11.0,1.0,0,10,Nagpur,NTPC Pvt. Ltd.,657,8.9,5847.3
21,22.0,3.0,6.0,1.0,0,10,Nagpur,GE T&D India Limited,437,8.9,3889.3
23,22.0,2.0,3.0,1.0,0,10,Nagpur,JSW Energy Ltd.,562,8.9,5001.8
6,17.0,1.0,16.0,7.0,0,10,Nagpur,NTPC Pvt. Ltd.,562,8.9,5001.8
6,22.0,1.0,6.0,1.0,0,10,Nagpur,Optibelt Power Transmission India Private Limited,371,8.9,3301.9
19,22.0,0.0,20.0,1.0,0,10,Nagpur,NLC India,500,8.9,4450.0
17,23.0,2.0,19.0,1.0,0,10,Nagpur,Adani Power Ltd.,603,8.9,5366.7
14,23.0,1.0,15.0,1.0,0,10,Nagpur,Indowind Energy,603,8.9,5366.7
15,22.0,3.0,10.0,1.0,0,10,Nagpur,Power Grid Corp,627,8.9,5580.3
14,23.0,1.0,10.0,1.0,0,10,Nagpur,GE T&D India Limited,499,8.9,4441.1
8,22.0,1.0,19.0,1.0,0,10,Nagpur,SJVN Ltd.,638,8.9,5678.2
15,23.0,2.0,8.0,1.0,0,10,Nagpur,NHPC,638,8.9,5678.2
9,17.0,1.0,8.0,1.0,0,10,Nagpur,Adani Power Ltd.,401,8.9,3568.9
9,22.0,1.0,16.0,1.0,0,10,Nagpur,Power Grid Corp,495,8.9,4405.5
20,23.0,3.0,7.0,1.0,0,10,Nagpur,Indowind Energy,534,8.9,4752.6
9,21.0,2.0,18.0,1.0,0,10,Nagpur,Power Grid Corp,508,8.9,4521.2
9,17.0,1.0,9.0,1.0,0,10,Nagpur,"Maha Transco – Maharashtra State Electricity Transmission Co, Ltd.",300,8.9,2670.0
7,23.0,2.0,11.0,1.0,0,10,Nagpur,"Maha Transco – Maharashtra State Electricity Transmission Co, Ltd.",478,8.9,4254.2
5,22.0,3.0,12.0,1.0,0,10,Nagpur,Adani Power Ltd.,427,8.9,3800.3
7,23.0,0.0,16.0,1.0,0,10,Nagpur,NTPC Pvt. Ltd.,387,8.9,3444.3
23,23.0,0.0,21.0,1.0,0,10,Nagpur,KEC International,537,8.9,4779.3
8,18.0,2.0,22.0,7.0,0,10,Nagpur,JSW Energy Ltd.,604,8.9,5375.6
13,23.0,0.0,18.0,12.0,0,10,Nagpur,Power Grid Corp,761,8.9,6772.900000000000
23,22.0,3.0,19.0,1.0,0,10,Nagpur,Neueon Towers / Sujana Towers Ltd.,761,8.9,6772.900000000000
19,23.0,2.0,16.0,1.0,0,10,Nagpur,"Maha Transco – Maharashtra State Electricity Transmission Co, Ltd.",490,8.9,4361.0
22,22.0,3.0,13.0,12.0,0,10,Nagpur,SJVN Ltd.,797,8.9,7093.3
17,22.0,3.0,12.0,1.0,0,10,Nagpur,Jyoti Structure,690,8.9,6141.0
19,23.0,2.0,9.0,12.0,0,10,Nagpur,Torrent Power Ltd.,619,8.9,5509.1
16,23.0,3.0,6.0,1.0,0,10,Nagpur,GE T&D India Limited,412,8.9,3666.8
5,21.0,0.0,15.0,7.0,0,10,Nagpur,L&T Transmission & Distribution,403,8.9,3586.7000000000000
16,23.0,0.0,22.0,1.0,0,10,Nagpur,Reliance Energy,675,8.9,6007.5
10,17.0,2.0,5.0,1.0,0,10,Nagpur,Ratnagiri Gas and Power Pvt. Ltd. (RGPPL),346,8.9,3079.4
6,21.0,3.0,3.0,1.0,0,10,Nagpur,Toshiba Transmission & Distribution Systems (India) Pvt. Ltd.,346,8.9,3079.4
13,23.0,0.0,16.0,12.0,0,10,Nagpur,CESC,663,8.9,5900.7
12,22.0,2.0,8.0,12.0,0,10,Nagpur,Toshiba Transmission & Distribution Systems (India) Pvt. Ltd.,645,8.9,5740.5
13,23.0,3.0,13.0,1.0,0,10,Nagpur,Adani Power Ltd.,712,8.9,6336.8
7,23.0,1.0,19.0,1.0,0,10,Nagpur,Sterlite Power Transmission Ltd,545,8.9,4850.5
23,22.0,3.0,7.0,1.0,0,10,Nagpur,KEC International,487,8.9,4334.3
16,23.0,1.0,9.0,1.0,0,10,Nagpur,Jaiprakash Power,615,8.9,5473.5
7,20.0,2.0,9.0,1.0,0,10,Nagpur,NLC India,541,8.9,4814.900000000000
6,22.0,0.0,12.0,1.0,0,10,Nagpur,Reliance Power,541,8.9,4814.900000000000
16,22.0,0.0,19.0,12.0,0,10,Nagpur,Power Grid Corp,687,8.9,6114.3
22,22.0,3.0,11.0,1.0,0,10,Nagpur,Sterlite Power Transmission Ltd,726,8.9,6461.400000000000
22,23.0,2.0,12.0,1.0,0,10,Nagpur,GE T&D India Limited,726,8.9,6461.400000000000
23,23.0,1.0,20.0,12.0,0,10,Nagpur,Kalpataru Power,792,8.9,7048.8
8,18.0,0.0,16.0,1.0,0,10,Nagpur,L&T Transmission & Distribution,281,8.9,2500.9
22,22.0,1.0,20.0,1.0,0,10,Nagpur,Indowind Energy,711,8.9,6327.900000000000
12,22.0,3.0,15.0,12.0,0,10,Nagpur,Indowind Energy,747,8.9,6648.3
10,20.0,3.0,22.0,7.0,0,10,Nagpur,CESC,747,8.9,6648.3
22,22.0,1.0,10.0,1.0,0,10,Nagpur,KEC International,544,8.9,4841.6
21,23.0,3.0,22.0,1.0,0,10,Nagpur,Ringfeder Power Transmission India Pvt. Ltd.,830,8.9,7387.0
18,22.0,3.0,10.0,12.0,0,10,Nagpur,Reliance Energy,802,8.9,7137.8
12,23.0,3.0,19.0,12.0,0,10,Nagpur,Power Grid Corp,853,8.9,7591.700000000000
12,23.0,3.0,16.0,12.0,0,10,Nagpur,SJVN Ltd.,787,8.9,7004.3
5,18.0,0.0,6.0,1.0,0,10,Nagpur,"Maha Transco – Maharashtra State Electricity Transmission Co, Ltd.",217,8.9,1931.3000000000000
23,23.0,2.0,17.0,1.0,0,10,Nagpur,Torrent Power Ltd.,767,8.9,6826.3
6,20.0,0.0,21.0,1.0,0,10,Nagpur,Guj Ind Power,381,8.9,3390.9
16,23.0,1.0,19.0,1.0,0,10,Nagpur,Adani Power Ltd.,697,8.9,6203.3
6,18.0,0.0,4.0,1.0,0,10,Nagpur,TransRail Lighting,224,8.9,1993.6000000000000
10,20.0,0.0,7.0,1.0,0,10,Nagpur,Torrent Power Ltd.,271,8.9,2411.9
8,21.0,3.0,10.0,1.0,0,10,Mumbai,SJVN Ltd.,528,9.2,4857.600000000000
14,23.0,2.0,17.0,1.0,0,10,Mumbai,NLC India,528,9.2,4857.600000000000
15,22.0,2.0,14.0,1.0,0,10,Mumbai,NHPC,528,9.2,4857.600000000000
22,22.0,0.0,18.0,1.0,0,10,Mumbai,L&T Transmission & Distribution,484,9.2,4452.800000000000
17,23.0,0.0,11.0,12.0,0,10,Mumbai,TransRail Lighting,638,9.2,5869.600000000000
16,23.0,0.0,16.0,12.0,0,10,Mumbai,Torrent Power Ltd.,638,9.2,5869.600000000000
5,23.0,2.0,5.0,1.0,0,10,Mumbai,"Maha Transco – Maharashtra State Electricity Transmission Co, Ltd.",361,9.2,3321.2
8,18.0,2.0,5.0,1.0,0,10,Mumbai,Jyoti Structure,405,9.2,3726.0000000000000
8,18.0,0.0,5.0,7.0,0,10,Mumbai,Torrent Power Ltd.,405,9.2,3726.0000000000000
17,22.0,1.0,15.0,12.0,0,10,Mumbai,CESC,567,9.2,5216.4
6,23.0,3.0,15.0,1.0,0,10,Mumbai,Toshiba Transmission & Distribution Systems (India) Pvt. Ltd.,664,9.2,6108.800000000000
12,22.0,3.0,11.0,1.0,0,10,Mumbai,GE T&D India Limited,664,9.2,6108.800000000000
23,23.0,2.0,21.0,1.0,0,10,Mumbai,SJVN Ltd.,672,9.2,6182.4
20,23.0,1.0,8.0,1.0,0,10,Mumbai,Optibelt Power Transmission India Private Limited,441,9.2,4057.2
15,22.0,1.0,9.0,1.0,0,10,Mumbai,Reliance Power,378,9.2,3477.6
18,22.0,0.0,10.0,12.0,0,10,Mumbai,Orient Green,483,9.2,4443.600000000000
15,22.0,2.0,14.0,1.0,0,10,Mumbai,Adani Power Ltd.,483,9.2,4443.600000000000
22,22.0,0.0,21.0,1.0,0,10,Mumbai,Ratnagiri Gas and Power Pvt. Ltd. (RGPPL),483,9.2,4443.600000000000
12,23.0,0.0,4.0,1.0,0,10,Mumbai,Torrent Power Ltd.,462,9.2,4250.4
9,22.0,0.0,22.0,1.0,0,10,Mumbai,Sterlite Power Transmission Ltd,435,9.2,4002.0000000000000
8,19.0,2.0,20.0,1.0,0,10,Mumbai,"Maha Transco – Maharashtra State Electricity Transmission Co, Ltd.",488,9.2,4489.600000000000
16,23.0,2.0,12.0,1.0,0,10,Mumbai,Tata Power Company Ltd.,488,9.2,4489.600000000000
8,19.0,3.0,12.0,7.0,0,10,Mumbai,Tata Power Company Ltd.,481,9.2,4425.2
6,21.0,1.0,21.0,7.0,0,10,Mumbai,Ratnagiri Gas and Power Pvt. Ltd. (RGPPL),621,9.2,5713.2
22,22.0,1.0,18.0,1.0,0,10,Mumbai,Reliance Power,631,9.2,5805.2
21,23.0,0.0,14.0,1.0,0,10,Mumbai,Guj Ind Power,557,9.2,5124.4
10,23.0,3.0,11.0,1.0,0,10,Mumbai,Toshiba Transmission & Distribution Systems (India) Pvt. Ltd.,557,9.2,5124.4
9,21.0,2.0,20.0,7.0,0,10,Mumbai,Reliance Power,557,9.2,5124.4
11,23.0,3.0,8.0,1.0,0,10,Mumbai,KEC International,557,9.2,5124.4
6,23.0,2.0,6.0,1.0,0,10,Mumbai,Torrent Power Ltd.,556,9.2,5115.2
6,22.0,2.0,19.0,1.0,0,10,Mumbai,CESC,432,9.2,3974.4000000000000
12,23.0,0.0,18.0,1.0,0,10,Mumbai,SJVN Ltd.,603,9.2,5547.600000000000
21,22.0,3.0,19.0,1.0,0,10,Mumbai,Neueon Towers / Sujana Towers Ltd.,603,9.2,5547.600000000000
10,23.0,1.0,17.0,1.0,0,10,Mumbai,GE T&D India Limited,444,9.2,4084.8000000000000
14,23.0,1.0,6.0,12.0,0,10,Mumbai,CESC,444,9.2,4084.8000000000000
9,22.0,1.0,19.0,1.0,0,10,Mumbai,Sterlite Power Transmission Ltd,650,9.2,5980.000000000000
15,23.0,3.0,16.0,1.0,0,10,Mumbai,Sunil Hitech Eng,549,9.2,5050.800000000000
8,23.0,2.0,7.0,1.0,0,10,Mumbai,Ratnagiri Gas and Power Pvt. Ltd. (RGPPL),549,9.2,5050.800000000000
21,23.0,2.0,21.0,1.0,0,10,Mumbai,Torrent Power Ltd.,549,9.2,5050.800000000000
23,22.0,3.0,7.0,1.0,0,10,Mumbai,CESC,601,9.2,5529.2
10,17.0,0.0,9.0,7.0,0,10,Mumbai,NTPC Pvt. Ltd.,490,9.2,4508.0
10,22.0,1.0,13.0,7.0,0,10,Mumbai,SJVN Ltd.,607,9.2,5584.4
11,22.0,0.0,21.0,1.0,0,10,Mumbai,Torrent Power Ltd.,507,9.2,4664.4
6,21.0,0.0,9.0,1.0,0,10,Mumbai,Optibelt Power Transmission India Private Limited,413,9.2,3799.6
10,20.0,0.0,22.0,7.0,0,10,Mumbai,CESC,428,9.2,3937.6
21,23.0,2.0,19.0,1.0,0,10,Mumbai,Jyoti Structure,726,9.2,6679.2
5,21.0,2.0,3.0,1.0,0,10,Mumbai,"Maha Transco – Maharashtra State Electricity Transmission Co, Ltd.",388,9.2,3569.6
5,19.0,2.0,22.0,7.0,0,10,Mumbai,Power Grid Corp,509,9.2,4682.800000000000
20,23.0,3.0,13.0,1.0,0,10,Mumbai,Torrent Power Ltd.,530,9.2,4876.0
15,23.0,0.0,8.0,1.0,0,10,Mumbai,Optibelt Power Transmission India Private Limited,451,9.2,4149.2
9,17.0,2.0,5.0,7.0,0,10,Mumbai,Jaiprakash Power,408,9.2,3753.6
8,20.0,3.0,8.0,1.0,0,10,Mumbai,Tata Power Company Ltd.,408,9.2,3753.6
12,23.0,0.0,6.0,1.0,0,10,Mumbai,Guj Ind Power,347,9.2,3192.4000000000000
13,22.0,0.0,4.0,1.0,0,10,Mumbai,NTPC Pvt. Ltd.,375,9.2,3450.0000000000000
13,22.0,0.0,9.0,1.0,0,10,Mumbai,Unitech Power Transmission Ltd.,517,9.2,4756.4
20,23.0,3.0,14.0,1.0,0,10,Mumbai,NTPC Pvt. Ltd.,517,9.2,4756.4
20,22.0,3.0,16.0,12.0,0,10,Mumbai,SJVN Ltd.,744,9.2,6844.800000000000
20,23.0,3.0,9.0,1.0,0,10,Mumbai,Tata Power Company Ltd.,604,9.2,5556.800000000000
8,18.0,3.0,19.0,7.0,0,10,Mumbai,Reliance Power,604,9.2,5556.800000000000
14,23.0,0.0,19.0,12.0,0,10,Mumbai,Reliance Power,534,9.2,4912.800000000000
12,22.0,2.0,5.0,1.0,0,10,Mumbai,NLC India,534,9.2,4912.800000000000
9,23.0,3.0,7.0,1.0,0,10,Mumbai,Jyoti Structure,524,9.2,4820.800000000000
8,20.0,2.0,6.0,7.0,0,10,Mumbai,Power Grid Corp,390,9.2,3588.0000000000000
18,23.0,3.0,14.0,1.0,0,10,Mumbai,NTPC Pvt. Ltd.,501,9.2,4609.2
16,23.0,2.0,5.0,1.0,0,10,Mumbai,TransRail Lighting,521,9.2,4793.2
8,23.0,1.0,16.0,1.0,0,10,Mumbai,Jaiprakash Power,521,9.2,4793.2
7,20.0,1.0,19.0,1.0,0,10,Mumbai,TransRail Lighting,454,9.2,4176.800000000000
16,23.0,1.0,8.0,12.0,0,10,Mumbai,"Maha Transco – Maharashtra State Electricity Transmission Co, Ltd.",640,9.2,5888.0
19,23.0,1.0,8.0,1.0,0,10,Mumbai,Kalpataru Power,555,9.2,5106.0
20,23.0,1.0,17.0,1.0,0,10,Mumbai,JSW Energy Ltd.,529,9.2,4866.800000000000
15,22.0,3.0,3.0,1.0,0,10,Mumbai,Sunil Hitech Eng,529,9.2,4866.800000000000
16,23.0,0.0,13.0,1.0,0,10,Mumbai,Orient Green,469,9.2,4314.800000000000
10,20.0,2.0,12.0,1.0,0,10,Mumbai,NTPC Pvt. Ltd.,589,9.2,5418.800000000000
18,23.0,2.0,11.0,1.0,0,10,Mumbai,Toshiba Transmission & Distribution Systems (India) Pvt. Ltd.,542,9.2,4986.4
6,23.0,2.0,21.0,1.0,0,10,Mumbai,NHPC,656,9.2,6035.2
17,22.0,3.0,3.0,1.0,0,10,Mumbai,Torrent Power Ltd.,570,9.2,5244.0
16,22.0,2.0,8.0,1.0,0,10,Mumbai,Power Grid Corp,620,9.2,5704.0
12,23.0,0.0,19.0,1.0,0,10,Mumbai,JSW Energy Ltd.,620,9.2,5704.0
20,22.0,1.0,3.0,1.0,0,10,Mumbai,Reliance Energy,473,9.2,4351.600000000000
7,22.0,2.0,6.0,1.0,0,10,Mumbai,NHPC,526,9.2,4839.2
16,23.0,3.0,13.0,1.0,0,10,Mumbai,NTPC Pvt. Ltd.,561,9.2,5161.2
6,18.0,1.0,22.0,1.0,0,10,Mumbai,Jyoti Structure,409,9.2,3762.8000000000000
18,23.0,1.0,8.0,1.0,0,10,Mumbai,Jyoti Structure,578,9.2,5317.600000000000
21,22.0,2.0,5.0,1.0,0,10,Mumbai,GE T&D India Limited,498,9.2,4581.600000000000
10,22.0,3.0,14.0,7.0,0,10,Mumbai,Ringfeder Power Transmission India Pvt. Ltd.,498,9.2,4581.600000000000
19,22.0,0.0,13.0,1.0,0,10,Mumbai,Power Grid Corp,602,9.2,5538.4
10,23.0,1.0,8.0,1.0,0,10,Mumbai,KEC International,404,9.2,3716.8000000000000
7,17.0,2.0,22.0,1.0,0,10,Mumbai,Neueon Towers / Sujana Towers Ltd.,404,9.2,3716.8000000000000
16,23.0,0.0,6.0,1.0,0,10,Mumbai,SJVN Ltd.,404,9.2,3716.8000000000000
19,23.0,2.0,5.0,1.0,0,10,Mumbai,Guj Ind Power,479,9.2,4406.800000000000
9,22.0,1.0,20.0,1.0,0,10,Mumbai,KEC International,628,9.2,5777.600000000000
11,22.0,1.0,18.0,1.0,0,10,Mumbai,Ringfeder Power Transmission India Pvt. Ltd.,535,9.2,4922.0
21,22.0,2.0,8.0,1.0,0,10,Mumbai,Orient Green,616,9.2,5667.2
17,23.0,2.0,6.0,1.0,0,10,Mumbai,TransRail Lighting,616,9.2,5667.2
22,22.0,1.0,22.0,12.0,0,10,Mumbai,Orient Green,667,9.2,6136.4
15,23.0,3.0,12.0,1.0,0,10,Mumbai,Indowind Energy,493,9.2,4535.600000000000
5,20.0,0.0,9.0,1.0,0,10,Mumbai,GE T&D India Limited,407,9.2,3744.4000000000000
8,22.0,1.0,18.0,1.0,0,10,Mumbai,Sunil Hitech Eng,573,9.2,5271.600000000000
12,23.0,1.0,20.0,1.0,0,10,Mumbai,Toshiba Transmission & Distribution Systems (India) Pvt. Ltd.,692,9.2,6366.4
16,22.0,2.0,8.0,1.0,0,10,Mumbai,Jyoti Structure,505,9.2,4646.0
7,19.0,3.0,14.0,1.0,0,10,Mumbai,Jaiprakash Power,373,9.2,3431.6
8,21.0,2.0,14.0,1.0,0,10,Mumbai,NLC India,371,9.2,3413.2
6,19.0,0.0,4.0,1.0,0,10,Mumbai,CESC,360,9.2,3312.0000000000000
11,22.0,2.0,4.0,1.0,0,10,Mumbai,JSW Energy Ltd.,445,9.2,4094.0000000000000
23,22.0,0.0,19.0,1.0,0,10,Mumbai,Ringfeder Power Transmission India Pvt. Ltd.,445,9.2,4094.0000000000000
9,20.0,2.0,20.0,1.0,0,10,Mumbai,NLC India,510,9.2,4692.0
20,22.0,1.0,7.0,12.0,0,10,Mumbai,GE T&D India Limited,455,9.2,4186.0
6,20.0,1.0,11.0,1.0,0,10,Mumbai,KEC International,323,9.2,2971.6
16,22.0,0.0,21.0,1.0,0,10,Mumbai,Reliance Energy,551,9.2,5069.2
13,23.0,1.0,9.0,1.0,0,10,Mumbai,Sunil Hitech Eng,342,9.2,3146.4000000000000
22,22.0,1.0,5.0,1.0,0,10,Mumbai,TransRail Lighting,486,9.2,4471.2
6,21.0,1.0,20.0,1.0,0,10,Mumbai,Guj Ind Power,522,9.2,4802.4
11,23.0,0.0,5.0,1.0,0,10,Mumbai,JSW Energy Ltd.,261,9.2,2401.2
16,23.0,0.0,4.0,1.0,0,10,Mumbai,CESC,348,9.2,3201.6
8,21.0,3.0,3.0,1.0,0,10,Mumbai,Reliance Energy,348,9.2,3201.6
6,20.0,2.0,15.0,7.0,0,10,Mumbai,Ringfeder Power Transmission India Pvt. Ltd.,416,9.2,3827.2
19,23.0,0.0,19.0,1.0,0,10,Mumbai,Unitech Power Transmission Ltd.,516,9.2,4747.2
6,23.0,2.0,3.0,1.0,0,10,Mumbai,Jaiprakash Power,500,9.2,4600.0
5,22.0,2.0,6.0,1.0,0,10,Mumbai,Orient Green,500,9.2,4600.0
21,22.0,0.0,4.0,1.0,0,10,Mumbai,Ratnagiri Gas and Power Pvt. Ltd. (RGPPL),414,9.2,3808.8000000000000
12,23.0,0.0,5.0,1.0,0,10,Mumbai,Adani Power Ltd.,274,9.2,2520.8000000000000
8,20.0,1.0,9.0,1.0,0,10,Mumbai,KEC International,274,9.2,2520.8000000000000
15,22.0,1.0,4.0,1.0,0,10,Mumbai,Orient Green,391,9.2,3597.2
5,18.0,0.0,20.0,1.0,0,10,Mumbai,Reliance Energy,480,9.2,4416.0
5,21.0,2.0,13.0,1.0,0,10,Mumbai,Bonfiglioli Transmission Pvt. Ltd.,568,9.2,5225.600000000000
15,22.0,0.0,22.0,12.0,0,10,Mumbai,Sunil Hitech Eng,568,9.2,5225.600000000000
23,22.0,1.0,7.0,1.0,0,10,Mumbai,Tata Power Company Ltd.,376,9.2,3459.2
6,22.0,3.0,8.0,1.0,0,10,Mumbai,Orient Green,383,9.2,3523.6
16,23.0,0.0,12.0,1.0,0,10,Mumbai,Indowind Energy,382,9.2,3514.4000000000000
12,22.0,1.0,10.0,1.0,0,10,Mumbai,Reliance Energy,324,9.2,2980.8000000000000
12,23.0,1.0,5.0,1.0,0,10,Mumbai,"Maha Transco – Maharashtra State Electricity Transmission Co, Ltd.",333,9.2,3063.6
8,17.0,1.0,17.0,1.0,0,10,Mumbai,NHPC,333,9.2,3063.6
9,19.0,2.0,3.0,1.0,0,10,Mumbai,Ringfeder Power Transmission India Pvt. Ltd.,333,9.2,3063.6
15,23.0,0.0,9.0,1.0,0,10,Mumbai,Indowind Energy,569,9.2,5234.800000000000
12,22.0,0.0,15.0,1.0,0,10,Mumbai,Tata Power Company Ltd.,419,9.2,3854.8000000000000
6,18.0,2.0,10.0,1.0,0,10,Mumbai,Power Grid Corp,508,9.2,4673.600000000000
5,21.0,0.0,15.0,1.0,0,10,Mumbai,NTPC Pvt. Ltd.,485,9.2,4462.0
15,23.0,2.0,6.0,1.0,0,10,Mumbai,Torrent Power Ltd.,580,9.2,5336.0
17,23.0,3.0,5.0,12.0,0,10,Mumbai,Guj Ind Power,489,9.2,4498.800000000000
19,22.0,2.0,4.0,12.0,0,10,Mumbai,"Maha Transco – Maharashtra State Electricity Transmission Co, Ltd.",647,9.2,5952.4
16,23.0,2.0,6.0,1.0,0,10,Mumbai,Tata Power Company Ltd.,608,9.2,5593.600000000000
5,20.0,1.0,20.0,1.0,0,10,Mumbai,Power Grid Corp,496,9.2,4563.2
22,22.0,0.0,6.0,1.0,0,10,Mumbai,Kalpataru Power,364,9.2,3348.8000000000000
22,23.0,2.0,10.0,12.0,0,10,Mumbai,KEC International,617,9.2,5676.4
14,22.0,2.0,20.0,1.0,0,10,Mumbai,Torrent Power Ltd.,475,9.2,4370.0
13,22.0,1.0,11.0,1.0,0,10,Mumbai,KEC International,420,9.2,3864.0000000000000
8,22.0,3.0,22.0,1.0,0,10,Mumbai,Tata Power Company Ltd.,735,9.2,6762.000000000000
15,23.0,2.0,16.0,1.0,0,10,Mumbai,NHPC,625,9.2,5750.0
14,22.0,3.0,3.0,12.0,0,10,Mumbai,Reliance Power,625,9.2,5750.0
22,23.0,1.0,21.0,1.0,0,10,Mumbai,Indowind Energy,773,9.2,7111.600000000000
23,23.0,3.0,13.0,1.0,0,10,Mumbai,Reliance Power,773,9.2,7111.600000000000
13,23.0,3.0,6.0,1.0,0,10,Mumbai,Sterlite Power Transmission Ltd,593,9.2,5455.600000000000
21,22.0,0.0,14.0,1.0,0,10,Mumbai,NLC India,463,9.2,4259.600000000000
11,22.0,3.0,6.0,1.0,0,10,Mumbai,Power Grid Corp,365,9.2,3358.0000000000000
17,22.0,1.0,4.0,12.0,0,10,Mumbai,Indowind Energy,478,9.2,4397.600000000000
23,23.0,0.0,9.0,12.0,0,10,Mumbai,Toshiba Transmission & Distribution Systems (India) Pvt. Ltd.,629,9.2,5786.800000000000
19,22.0,0.0,19.0,1.0,0,10,Mumbai,Unitech Power Transmission Ltd.,673,9.2,6191.600000000000
16,23.0,2.0,13.0,1.0,0,10,Mumbai,Reliance Energy,624,9.2,5740.800000000000
14,23.0,2.0,17.0,1.0,0,10,Mumbai,Torrent Power Ltd.,624,9.2,5740.800000000000
15,23.0,1.0,22.0,1.0,0,10,Mumbai,Unitech Power Transmission Ltd.,487,9.2,4480.4
7,20.0,2.0,18.0,1.0,0,10,Mumbai,SJVN Ltd.,560,9.2,5152.0
19,23.0,0.0,22.0,1.0,0,10,Mumbai,Toshiba Transmission & Distribution Systems (India) Pvt. Ltd.,560,9.2,5152.0
16,23.0,2.0,13.0,1.0,0,10,Mumbai,GE T&D India Limited,560,9.2,5152.0
19,23.0,2.0,11.0,1.0,0,10,Mumbai,Reliance Energy,543,9.2,4995.600000000000
9,18.0,3.0,16.0,1.0,0,10,Mumbai,Power Grid Corp,543,9.2,4995.600000000000
9,21.0,2.0,19.0,7.0,0,10,Mumbai,NHPC,738,9.2,6789.600000000000
20,23.0,1.0,20.0,1.0,0,10,Mumbai,KEC International,738,9.2,6789.600000000000
13,22.0,3.0,20.0,1.0,0,10,Mumbai,Ratnagiri Gas and Power Pvt. Ltd. (RGPPL),738,9.2,6789.600000000000
16,22.0,1.0,22.0,1.0,0,10,Mumbai,Torrent Power Ltd.,693,9.2,6375.600000000000
16,22.0,2.0,16.0,1.0,0,10,Mumbai,JSW Energy Ltd.,693,9.2,6375.600000000000
18,23.0,0.0,9.0,12.0,0,10,Mumbai,Sunil Hitech Eng,693,9.2,6375.600000000000
13,22.0,0.0,8.0,1.0,0,10,Mumbai,Kalpataru Power,284,9.2,2612.8000000000000
20,22.0,2.0,6.0,1.0,0,10,Mumbai,Orient Green,459,9.2,4222.800000000000
6,21.0,1.0,12.0,1.0,0,10,Mumbai,Reliance Power,559,9.2,5142.800000000000
20,22.0,1.0,6.0,1.0,0,10,Mumbai,L&T Transmission & Distribution,531,9.2,4885.2
11,23.0,3.0,10.0,1.0,0,10,Mumbai,Guj Ind Power,611,9.2,5621.2
22,23.0,0.0,10.0,1.0,0,10,Mumbai,JSW Energy Ltd.,611,9.2,5621.2
11,22.0,2.0,17.0,1.0,0,10,Mumbai,Adani Power Ltd.,494,9.2,4544.800000000000
22,23.0,3.0,14.0,1.0,0,10,Mumbai,Adani Power Ltd.,658,9.2,6053.600000000000
23,22.0,1.0,5.0,1.0,0,10,Mumbai,Jyoti Structure,346,9.2,3183.2
18,23.0,3.0,14.0,12.0,0,10,Mumbai,Reliance Power,582,9.2,5354.4
11,23.0,0.0,22.0,1.0,0,10,Mumbai,GE T&D India Limited,465,9.2,4278.0
9,19.0,1.0,7.0,1.0,0,10,Mumbai,JSW Energy Ltd.,234,9.2,2152.8000000000000
18,23.0,2.0,21.0,1.0,0,10,Mumbai,Unitech Power Transmission Ltd.,686,9.2,6311.2
12,23.0,3.0,13.0,1.0,0,10,Mumbai,NLC India,655,9.2,6026.000000000000
11,23.0,2.0,10.0,12.0,0,10,Mumbai,Jaiprakash Power,655,9.2,6026.000000000000
22,23.0,0.0,5.0,1.0,0,10,Mumbai,Toshiba Transmission & Distribution Systems (India) Pvt. Ltd.,436,9.2,4011.2
5,23.0,3.0,4.0,1.0,0,10,Mumbai,KEC International,319,9.2,2934.8000000000000
11,22.0,1.0,19.0,1.0,0,10,Mumbai,Ratnagiri Gas and Power Pvt. Ltd. (RGPPL),554,9.2,5096.800000000000
13,23.0,2.0,22.0,1.0,0,10,Mumbai,Orient Green,676,9.2,6219.2
6,19.0,1.0,18.0,1.0,0,10,Mumbai,L&T Transmission & Distribution,398,9.2,3661.6
8,17.0,0.0,12.0,1.0,0,10,Mumbai,L&T Transmission & Distribution,411,9.2,3781.2
13,22.0,3.0,20.0,1.0,0,10,Mumbai,Reliance Power,626,9.2,5759.2
18,22.0,0.0,7.0,1.0,0,10,Mumbai,Tata Power Company Ltd.,563,9.2,5179.600000000000
15,22.0,3.0,18.0,1.0,0,10,Mumbai,Reliance Energy,649,9.2,5970.800000000000
21,23.0,3.0,14.0,1.0,0,10,Mumbai,Reliance Power,714,9.2,6568.800000000000
18,22.0,2.0,14.0,12.0,0,10,Mumbai,Kalpataru Power,714,9.2,6568.800000000000
22,22.0,1.0,19.0,1.0,0,10,Mumbai,KEC International,714,9.2,6568.800000000000
17,23.0,0.0,22.0,1.0,0,10,Mumbai,Guj Ind Power,472,9.2,4342.4
9,18.0,3.0,7.0,1.0,0,10,Mumbai,Unitech Power Transmission Ltd.,282,9.2,2594.4000000000000
20,22.0,0.0,22.0,12.0,0,10,Mumbai,Kalpataru Power,754,9.2,6936.800000000000
17,22.0,3.0,18.0,12.0,0,10,Mumbai,Toshiba Transmission & Distribution Systems (India) Pvt. Ltd.,690,9.2,6348.000000000000
16,22.0,1.0,19.0,1.0,0,10,Mumbai,Sterlite Power Transmission Ltd,690,9.2,6348.000000000000
22,22.0,0.0,15.0,1.0,0,10,Mumbai,Toshiba Transmission & Distribution Systems (India) Pvt. Ltd.,678,9.2,6237.600000000000
22,23.0,1.0,18.0,1.0,0,10,Mumbai,Orient Green,678,9.2,6237.600000000000
8,19.0,1.0,5.0,7.0,0,10,Mumbai,Jaiprakash Power,301,9.2,2769.2
14,22.0,3.0,16.0,1.0,0,10,Mumbai,NTPC Pvt. Ltd.,633,9.2,5823.600000000000
22,23.0,1.0,13.0,12.0,0,10,Mumbai,GE T&D India Limited,795,9.2,7314.000000000000
22,23.0,3.0,21.0,1.0,0,10,Mumbai,Guj Ind Power,745,9.2,6854.000000000000
13,23.0,0.0,21.0,12.0,0,10,Mumbai,Toshiba Transmission & Distribution Systems (India) Pvt. Ltd.,762,9.2,7010.4
17,22.0,0.0,4.0,1.0,0,10,Mumbai,Tata Power Company Ltd.,278,9.2,2557.6
5,18.0,3.0,4.0,1.0,0,10,Mumbai,SJVN Ltd.,280,9.2,2576.0
9,21.0,0.0,19.0,1.0,0,10,Mumbai,Tata Power Company Ltd.,389,9.2,3578.8000000000000
14,22.0,2.0,10.0,12.0,0,10,Mumbai,TransRail Lighting,740,9.2,6808.000000000000
20,23.0,3.0,20.0,1.0,0,10,Mumbai,JSW Energy Ltd.,740,9.2,6808.000000000000
22,23.0,2.0,17.0,12.0,0,10,Mumbai,"Maha Transco – Maharashtra State Electricity Transmission Co, Ltd.",866,9.2,7967.2
22,23.0,3.0,15.0,1.0,0,10,Mumbai,JSW Energy Ltd.,733,9.2,6743.600000000000
7,18.0,0.0,8.0,1.0,0,10,Mumbai,JSW Energy Ltd.,300,9.2,2760.0
16,22.0,0.0,19.0,12.0,0,10,Mumbai,Toshiba Transmission & Distribution Systems (India) Pvt. Ltd.,765,9.2,7038.000000000000
22,22.0,1.0,8.0,1.0,0,10,New Delhi,Adani Power Ltd.,440,8.5,3740.0
18,22.0,2.0,11.0,1.0,0,10,New Delhi,Ratnagiri Gas and Power Pvt. Ltd. (RGPPL),456,8.5,3876.0
23,23.0,0.0,22.0,1.0,0,10,New Delhi,TransRail Lighting,567,8.5,4819.5
13,23.0,0.0,16.0,1.0,0,10,New Delhi,Toshiba Transmission & Distribution Systems (India) Pvt. Ltd.,588,8.5,4998.0
22,22.0,0.0,8.0,1.0,0,10,New Delhi,GE T&D India Limited,588,8.5,4998.0
9,18.0,1.0,7.0,1.0,0,10,New Delhi,Tata Power Company Ltd.,435,8.5,3697.5
18,22.0,1.0,10.0,1.0,0,10,New Delhi,Sterlite Power Transmission Ltd,372,8.5,3162.0
18,23.0,0.0,14.0,1.0,0,10,New Delhi,NHPC,651,8.5,5533.5
12,23.0,3.0,16.0,1.0,0,10,New Delhi,NLC India,577,8.5,4904.5
17,23.0,0.0,16.0,1.0,0,10,New Delhi,L&T Transmission & Distribution,413,8.5,3510.5
6,22.0,2.0,11.0,1.0,0,10,New Delhi,Sterlite Power Transmission Ltd,386,8.5,3281.0
15,22.0,0.0,16.0,1.0,0,10,New Delhi,L&T Transmission & Distribution,408,8.5,3468.0
13,22.0,1.0,13.0,1.0,0,10,New Delhi,NLC India,450,8.5,3825.0
16,22.0,2.0,16.0,1.0,0,10,New Delhi,Ringfeder Power Transmission India Pvt. Ltd.,450,8.5,3825.0
16,23.0,1.0,21.0,1.0,0,10,New Delhi,Torrent Power Ltd.,527,8.5,4479.5
9,20.0,3.0,7.0,1.0,0,10,New Delhi,Optibelt Power Transmission India Private Limited,527,8.5,4479.5
6,19.0,2.0,18.0,1.0,0,10,New Delhi,Adani Power Ltd.,545,8.5,4632.5
12,22.0,0.0,20.0,1.0,0,10,New Delhi,Adani Power Ltd.,587,8.5,4989.5
19,22.0,3.0,14.0,1.0,0,10,New Delhi,Reliance Energy,587,8.5,4989.5
7,20.0,3.0,15.0,7.0,0,10,New Delhi,Kalpataru Power,587,8.5,4989.5
7,20.0,1.0,10.0,7.0,0,10,New Delhi,Reliance Power,463,8.5,3935.5
11,22.0,0.0,22.0,1.0,0,10,New Delhi,Orient Green,429,8.5,3646.5
23,23.0,3.0,5.0,1.0,0,10,New Delhi,Unitech Power Transmission Ltd.,429,8.5,3646.5
11,22.0,0.0,3.0,1.0,0,10,New Delhi,Sterlite Power Transmission Ltd,476,8.5,4046.0
9,23.0,2.0,18.0,1.0,0,10,New Delhi,Ratnagiri Gas and Power Pvt. Ltd. (RGPPL),479,8.5,4071.5
12,22.0,1.0,4.0,1.0,0,10,New Delhi,Power Grid Corp,307,8.5,2609.5
15,23.0,3.0,7.0,1.0,0,10,New Delhi,Jaiprakash Power,573,8.5,4870.5
18,22.0,3.0,6.0,1.0,0,10,New Delhi,GE T&D India Limited,629,8.5,5346.5
17,23.0,0.0,6.0,1.0,0,10,New Delhi,Bonfiglioli Transmission Pvt. Ltd.,381,8.5,3238.5
15,23.0,2.0,5.0,12.0,0,10,New Delhi,JSW Energy Ltd.,469,8.5,3986.5
18,23.0,0.0,15.0,12.0,0,10,New Delhi,NLC India,631,8.5,5363.5
20,23.0,3.0,13.0,1.0,0,10,New Delhi,Guj Ind Power,538,8.5,4573.0
9,19.0,3.0,8.0,1.0,0,10,New Delhi,Power Grid Corp,543,8.5,4615.5
18,22.0,3.0,5.0,1.0,0,10,New Delhi,NHPC,595,8.5,5057.5
15,22.0,3.0,18.0,12.0,0,10,New Delhi,Indowind Energy,595,8.5,5057.5
15,22.0,0.0,20.0,1.0,0,10,New Delhi,KEC International,595,8.5,5057.5
5,17.0,1.0,9.0,1.0,0,10,New Delhi,Unitech Power Transmission Ltd.,311,8.5,2643.5
12,23.0,3.0,9.0,1.0,0,10,New Delhi,TransRail Lighting,512,8.5,4352.0
12,23.0,1.0,14.0,1.0,0,10,New Delhi,Torrent Power Ltd.,592,8.5,5032.0
15,22.0,1.0,9.0,1.0,0,10,New Delhi,NTPC Pvt. Ltd.,610,8.5,5185.0
10,20.0,1.0,22.0,1.0,0,10,New Delhi,Ringfeder Power Transmission India Pvt. Ltd.,610,8.5,5185.0
14,22.0,0.0,14.0,1.0,0,10,New Delhi,Reliance Energy,610,8.5,5185.0
18,22.0,0.0,12.0,1.0,0,10,New Delhi,Tata Power Company Ltd.,598,8.5,5083.0
6,17.0,3.0,18.0,1.0,0,10,New Delhi,NHPC,598,8.5,5083.0
23,23.0,3.0,8.0,12.0,0,10,New Delhi,JSW Energy Ltd.,598,8.5,5083.0
19,22.0,1.0,18.0,12.0,0,10,New Delhi,Neueon Towers / Sujana Towers Ltd.,598,8.5,5083.0
12,23.0,2.0,18.0,1.0,0,10,New Delhi,Jaiprakash Power,670,8.5,5695.0
23,23.0,1.0,10.0,1.0,0,10,New Delhi,Ringfeder Power Transmission India Pvt. Ltd.,562,8.5,4777.0
10,21.0,1.0,13.0,1.0,0,10,New Delhi,GE T&D India Limited,425,8.5,3612.5
19,23.0,3.0,6.0,1.0,0,10,New Delhi,Ratnagiri Gas and Power Pvt. Ltd. (RGPPL),425,8.5,3612.5
7,21.0,3.0,20.0,1.0,0,10,New Delhi,Ratnagiri Gas and Power Pvt. Ltd. (RGPPL),457,8.5,3884.5
17,23.0,2.0,8.0,1.0,0,10,New Delhi,Guj Ind Power,548,8.5,4658.0
8,21.0,0.0,22.0,1.0,0,10,New Delhi,Indowind Energy,500,8.5,4250.0
16,23.0,0.0,4.0,12.0,0,10,New Delhi,Sunil Hitech Eng,441,8.5,3748.5
15,22.0,1.0,8.0,1.0,0,10,New Delhi,NHPC,441,8.5,3748.5
13,23.0,1.0,20.0,1.0,0,10,New Delhi,Unitech Power Transmission Ltd.,664,8.5,5644.0
9,18.0,0.0,22.0,1.0,0,10,New Delhi,Guj Ind Power,547,8.5,4649.5
22,22.0,0.0,4.0,1.0,0,10,New Delhi,NTPC Pvt. Ltd.,566,8.5,4811.0
19,23.0,1.0,9.0,1.0,0,10,New Delhi,L&T Transmission & Distribution,609,8.5,5176.5
15,23.0,3.0,3.0,1.0,0,10,New Delhi,Ringfeder Power Transmission India Pvt. Ltd.,537,8.5,4564.5
8,18.0,3.0,3.0,1.0,0,10,New Delhi,Unitech Power Transmission Ltd.,330,8.5,2805.0
14,23.0,0.0,15.0,1.0,0,10,New Delhi,Unitech Power Transmission Ltd.,643,8.5,5465.5
5,20.0,0.0,17.0,1.0,0,10,New Delhi,NTPC Pvt. Ltd.,431,8.5,3663.5
12,22.0,2.0,3.0,1.0,0,10,New Delhi,Toshiba Transmission & Distribution Systems (India) Pvt. Ltd.,331,8.5,2813.5
6,23.0,3.0,22.0,7.0,0,10,New Delhi,NHPC,757,8.5,6434.5
11,22.0,1.0,8.0,12.0,0,10,New Delhi,Indowind Energy,443,8.5,3765.5
10,21.0,3.0,5.0,7.0,0,10,New Delhi,Orient Green,644,8.5,5474.0
15,23.0,3.0,6.0,1.0,0,10,New Delhi,Kalpataru Power,485,8.5,4122.5
15,23.0,2.0,9.0,1.0,0,10,New Delhi,Torrent Power Ltd.,485,8.5,4122.5
12,22.0,2.0,18.0,1.0,0,10,New Delhi,Reliance Power,617,8.5,5244.5
17,23.0,3.0,6.0,1.0,0,10,New Delhi,Toshiba Transmission & Distribution Systems (India) Pvt. Ltd.,586,8.5,4981.0
13,22.0,2.0,11.0,1.0,0,10,New Delhi,Indowind Energy,378,8.5,3213.0
21,22.0,0.0,15.0,1.0,0,10,New Delhi,CESC,522,8.5,4437.0
13,23.0,2.0,8.0,1.0,0,10,New Delhi,Reliance Energy,454,8.5,3859.0
20,22.0,1.0,6.0,1.0,0,10,New Delhi,TransRail Lighting,496,8.5,4216.0
7,20.0,2.0,3.0,7.0,0,10,New Delhi,Jyoti Structure,480,8.5,4080.0
13,23.0,2.0,17.0,1.0,0,10,New Delhi,Jyoti Structure,480,8.5,4080.0
11,23.0,0.0,8.0,1.0,0,10,New Delhi,Reliance Energy,458,8.5,3893.0
8,20.0,3.0,11.0,7.0,0,10,New Delhi,Orient Green,624,8.5,5304.0
6,22.0,2.0,22.0,1.0,0,10,New Delhi,Ringfeder Power Transmission India Pvt. Ltd.,678,8.5,5763.0
18,22.0,0.0,19.0,1.0,0,10,New Delhi,"Maha Transco – Maharashtra State Electricity Transmission Co, Ltd.",691,8.5,5873.5
12,23.0,3.0,22.0,12.0,0,10,New Delhi,Orient Green,616,8.5,5236.0
8,21.0,3.0,13.0,1.0,0,10,New Delhi,Bonfiglioli Transmission Pvt. Ltd.,433,8.5,3680.5
18,22.0,3.0,9.0,1.0,0,10,New Delhi,Adani Power Ltd.,591,8.5,5023.5
11,23.0,1.0,17.0,12.0,0,10,New Delhi,Torrent Power Ltd.,591,8.5,5023.5
22,22.0,2.0,12.0,12.0,0,10,New Delhi,Jyoti Structure,606,8.5,5151.0
18,23.0,1.0,8.0,1.0,0,10,New Delhi,KEC International,369,8.5,3136.5
12,23.0,2.0,22.0,1.0,0,10,New Delhi,Optibelt Power Transmission India Private Limited,706,8.5,6001.0
21,23.0,3.0,22.0,1.0,0,10,New Delhi,Toshiba Transmission & Distribution Systems (India) Pvt. Ltd.,605,8.5,5142.5
14,22.0,2.0,7.0,1.0,0,10,New Delhi,Torrent Power Ltd.,526,8.5,4471.0
9,19.0,1.0,16.0,7.0,0,10,New Delhi,JSW Energy Ltd.,518,8.5,4403.0
10,22.0,1.0,18.0,1.0,0,10,New Delhi,TransRail Lighting,632,8.5,5372.0
22,23.0,3.0,4.0,1.0,0,10,New Delhi,SJVN Ltd.,623,8.5,5295.5
22,22.0,3.0,21.0,1.0,0,10,New Delhi,KEC International,560,8.5,4760.0
9,19.0,1.0,22.0,1.0,0,10,New Delhi,Tata Power Company Ltd.,560,8.5,4760.0
15,22.0,3.0,8.0,1.0,0,10,New Delhi,Jyoti Structure,524,8.5,4454.0
16,22.0,1.0,4.0,1.0,0,10,New Delhi,Reliance Power,430,8.5,3655.0
10,17.0,0.0,9.0,1.0,0,10,New Delhi,Optibelt Power Transmission India Private Limited,336,8.5,2856.0
19,22.0,0.0,11.0,1.0,0,10,New Delhi,Kalpataru Power,401,8.5,3408.5
17,22.0,1.0,3.0,12.0,0,10,New Delhi,Sunil Hitech Eng,504,8.5,4284.0
16,22.0,1.0,13.0,1.0,0,10,New Delhi,Unitech Power Transmission Ltd.,504,8.5,4284.0
15,23.0,0.0,18.0,1.0,0,10,New Delhi,Optibelt Power Transmission India Private Limited,488,8.5,4148.0
15,22.0,3.0,12.0,1.0,0,10,New Delhi,L&T Transmission & Distribution,488,8.5,4148.0
14,23.0,0.0,14.0,1.0,0,10,New Delhi,Jaiprakash Power,515,8.5,4377.5
12,22.0,0.0,19.0,1.0,0,10,New Delhi,NTPC Pvt. Ltd.,467,8.5,3969.5
23,23.0,1.0,21.0,1.0,0,10,New Delhi,Indowind Energy,642,8.5,5457.0
18,22.0,2.0,14.0,1.0,0,10,New Delhi,Reliance Power,438,8.5,3723.0
8,22.0,2.0,21.0,1.0,0,10,New Delhi,Power Grid Corp,438,8.5,3723.0
21,22.0,0.0,9.0,1.0,0,10,New Delhi,Jaiprakash Power,583,8.5,4955.5
10,21.0,3.0,6.0,1.0,0,10,New Delhi,Reliance Energy,583,8.5,4955.5
13,22.0,0.0,11.0,1.0,0,10,New Delhi,Torrent Power Ltd.,584,8.5,4964.0
10,17.0,1.0,14.0,1.0,0,10,New Delhi,Adani Power Ltd.,423,8.5,3595.5
5,17.0,2.0,22.0,7.0,0,10,New Delhi,Jaiprakash Power,497,8.5,4224.5
10,21.0,1.0,7.0,1.0,0,10,New Delhi,Neueon Towers / Sujana Towers Ltd.,497,8.5,4224.5
23,23.0,2.0,10.0,12.0,0,10,New Delhi,Optibelt Power Transmission India Private Limited,658,8.5,5593.0
16,23.0,3.0,6.0,12.0,0,10,New Delhi,JSW Energy Ltd.,534,8.5,4539.0
18,22.0,3.0,14.0,1.0,0,10,New Delhi,JSW Energy Ltd.,546,8.5,4641.0
5,21.0,2.0,18.0,1.0,0,10,New Delhi,NTPC Pvt. Ltd.,636,8.5,5406.0
8,18.0,1.0,22.0,1.0,0,10,New Delhi,Adani Power Ltd.,564,8.5,4794.0
16,23.0,2.0,14.0,12.0,0,10,New Delhi,Bonfiglioli Transmission Pvt. Ltd.,599,8.5,5091.5
19,23.0,1.0,10.0,1.0,0,10,New Delhi,NHPC,556,8.5,4726.0
14,22.0,1.0,10.0,1.0,0,10,New Delhi,L&T Transmission & Distribution,405,8.5,3442.5
14,23.0,2.0,13.0,1.0,0,10,New Delhi,NHPC,514,8.5,4369.0
16,23.0,0.0,16.0,12.0,0,10,New Delhi,Guj Ind Power,516,8.5,4386.0
6,23.0,2.0,9.0,7.0,0,10,New Delhi,Unitech Power Transmission Ltd.,516,8.5,4386.0
13,22.0,3.0,6.0,1.0,0,10,New Delhi,Sterlite Power Transmission Ltd,361,8.5,3068.5
20,22.0,2.0,5.0,1.0,0,10,New Delhi,Jaiprakash Power,361,8.5,3068.5
20,23.0,1.0,20.0,1.0,0,10,New Delhi,Ratnagiri Gas and Power Pvt. Ltd. (RGPPL),716,8.5,6086.0
6,19.0,0.0,15.0,1.0,0,10,New Delhi,Sunil Hitech Eng,501,8.5,4258.5
18,22.0,0.0,8.0,1.0,0,10,New Delhi,Unitech Power Transmission Ltd.,570,8.5,4845.0
16,23.0,2.0,5.0,1.0,0,10,New Delhi,Power Grid Corp,572,8.5,4862.0
17,22.0,0.0,17.0,1.0,0,10,New Delhi,Bonfiglioli Transmission Pvt. Ltd.,572,8.5,4862.0
21,22.0,2.0,18.0,1.0,0,10,New Delhi,Toshiba Transmission & Distribution Systems (India) Pvt. Ltd.,637,8.5,5414.5
8,19.0,3.0,21.0,1.0,0,10,New Delhi,Power Grid Corp,637,8.5,5414.5
20,22.0,2.0,12.0,1.0,0,10,New Delhi,NTPC Pvt. Ltd.,484,8.5,4114.0
17,23.0,1.0,9.0,1.0,0,10,New Delhi,Ringfeder Power Transmission India Pvt. Ltd.,484,8.5,4114.0
9,23.0,2.0,16.0,1.0,0,10,New Delhi,Kalpataru Power,484,8.5,4114.0
16,22.0,1.0,8.0,1.0,0,10,New Delhi,Kalpataru Power,362,8.5,3077.0
16,23.0,0.0,3.0,12.0,0,10,New Delhi,Orient Green,542,8.5,4607.0
15,23.0,0.0,11.0,1.0,0,10,New Delhi,Unitech Power Transmission Ltd.,611,8.5,5193.5
22,23.0,2.0,6.0,12.0,0,10,New Delhi,GE T&D India Limited,509,8.5,4326.5
15,22.0,2.0,12.0,12.0,0,10,New Delhi,GE T&D India Limited,513,8.5,4360.5
5,23.0,3.0,4.0,1.0,0,10,New Delhi,Unitech Power Transmission Ltd.,575,8.5,4887.5
23,23.0,1.0,13.0,1.0,0,10,New Delhi,GE T&D India Limited,544,8.5,4624.0
9,19.0,1.0,6.0,7.0,0,10,New Delhi,Guj Ind Power,341,8.5,2898.5
11,22.0,3.0,11.0,1.0,0,10,New Delhi,TransRail Lighting,475,8.5,4037.5
18,23.0,0.0,14.0,1.0,0,10,New Delhi,Toshiba Transmission & Distribution Systems (India) Pvt. Ltd.,475,8.5,4037.5
8,19.0,0.0,8.0,7.0,0,10,New Delhi,"Maha Transco – Maharashtra State Electricity Transmission Co, Ltd.",455,8.5,3867.5
15,22.0,0.0,17.0,1.0,0,10,New Delhi,JSW Energy Ltd.,539,8.5,4581.5
23,23.0,2.0,14.0,1.0,0,10,New Delhi,Unitech Power Transmission Ltd.,486,8.5,4131.0
13,22.0,2.0,6.0,1.0,0,10,New Delhi,Ratnagiri Gas and Power Pvt. Ltd. (RGPPL),558,8.5,4743.0
17,22.0,0.0,3.0,12.0,0,10,New Delhi,Sunil Hitech Eng,558,8.5,4743.0
12,23.0,0.0,22.0,12.0,0,10,New Delhi,NLC India,558,8.5,4743.0
22,22.0,1.0,9.0,1.0,0,10,New Delhi,Torrent Power Ltd.,646,8.5,5491.0
15,23.0,1.0,17.0,1.0,0,10,New Delhi,L&T Transmission & Distribution,594,8.5,5049.0
5,21.0,1.0,20.0,1.0,0,10,New Delhi,Guj Ind Power,594,8.5,5049.0
17,23.0,3.0,22.0,1.0,0,10,New Delhi,Tata Power Company Ltd.,773,8.5,6570.5
11,22.0,0.0,9.0,1.0,0,10,New Delhi,GE T&D India Limited,472,8.5,4012.0
10,21.0,3.0,12.0,1.0,0,10,New Delhi,Reliance Power,472,8.5,4012.0
20,22.0,1.0,14.0,1.0,0,10,New Delhi,NLC India,557,8.5,4734.5
6,18.0,2.0,19.0,1.0,0,10,New Delhi,Optibelt Power Transmission India Private Limited,459,8.5,3901.5
9,21.0,0.0,4.0,1.0,0,10,New Delhi,Bonfiglioli Transmission Pvt. Ltd.,412,8.5,3502.0
16,23.0,0.0,12.0,1.0,0,10,New Delhi,Sterlite Power Transmission Ltd,621,8.5,5278.5
14,22.0,1.0,9.0,1.0,0,10,New Delhi,Reliance Power,448,8.5,3808.0
22,22.0,0.0,11.0,1.0,0,10,New Delhi,L&T Transmission & Distribution,607,8.5,5159.5
23,22.0,3.0,18.0,1.0,0,10,New Delhi,"Maha Transco – Maharashtra State Electricity Transmission Co, Ltd.",737,8.5,6264.5
11,22.0,3.0,13.0,1.0,0,10,New Delhi,Indowind Energy,618,8.5,5253.0
23,23.0,1.0,10.0,1.0,0,10,New Delhi,KEC International,681,8.5,5788.5
21,22.0,1.0,13.0,1.0,0,10,New Delhi,Ringfeder Power Transmission India Pvt. Ltd.,681,8.5,5788.5
14,23.0,2.0,9.0,12.0,0,10,New Delhi,Jaiprakash Power,491,8.5,4173.5
20,22.0,1.0,17.0,1.0,0,10,New Delhi,Kalpataru Power,474,8.5,4029.0
9,19.0,1.0,4.0,1.0,0,10,New Delhi,"Maha Transco – Maharashtra State Electricity Transmission Co, Ltd.",348,8.5,2958.0
8,19.0,1.0,15.0,1.0,0,10,New Delhi,TransRail Lighting,404,8.5,3434.0
22,23.0,3.0,10.0,12.0,0,10,New Delhi,L&T Transmission & Distribution,653,8.5,5550.5
23,22.0,3.0,14.0,1.0,0,10,New Delhi,Torrent Power Ltd.,667,8.5,5669.5
21,23.0,3.0,18.0,1.0,0,10,New Delhi,Neueon Towers / Sujana Towers Ltd.,652,8.5,5542.0
20,23.0,1.0,7.0,1.0,0,10,New Delhi,Orient Green,374,8.5,3179.0
6,17.0,1.0,20.0,7.0,0,10,New Delhi,Sunil Hitech Eng,571,8.5,4853.5
18,22.0,0.0,13.0,1.0,0,10,New Delhi,Jyoti Structure,483,8.5,4105.5
20,22.0,3.0,7.0,1.0,0,10,New Delhi,L&T Transmission & Distribution,675,8.5,5737.5
19,23.0,3.0,5.0,12.0,0,10,New Delhi,NTPC Pvt. Ltd.,668,8.5,5678.0
17,22.0,3.0,22.0,1.0,0,10,New Delhi,Jyoti Structure,707,8.5,6009.5
21,23.0,3.0,18.0,1.0,0,10,New Delhi,NTPC Pvt. Ltd.,726,8.5,6171.0
16,22.0,2.0,22.0,1.0,0,10,New Delhi,Orient Green,625,8.5,5312.5
20,23.0,0.0,14.0,1.0,0,10,New Delhi,Toshiba Transmission & Distribution Systems (India) Pvt. Ltd.,625,8.5,5312.5
6,21.0,3.0,22.0,1.0,0,10,New Delhi,TransRail Lighting,508,8.5,4318.0
19,22.0,0.0,3.0,1.0,0,10,New Delhi,SJVN Ltd.,277,8.5,2354.5
9,23.0,2.0,20.0,1.0,0,10,New Delhi,Jaiprakash Power,717,8.5,6094.5
7,17.0,0.0,7.0,7.0,0,10,New Delhi,Reliance Power,360,8.5,3060.0
21,22.0,3.0,8.0,1.0,0,10,New Delhi,Jaiprakash Power,437,8.5,3714.5
22,23.0,3.0,20.0,1.0,0,10,New Delhi,Orient Green,614,8.5,5219.0
7,21.0,3.0,17.0,1.0,0,10,New Delhi,Jyoti Structure,661,8.5,5618.5
11,23.0,1.0,21.0,1.0,0,10,New Delhi,CESC,661,8.5,5618.5
21,23.0,1.0,3.0,12.0,0,10,New Delhi,KEC International,661,8.5,5618.5
9,23.0,1.0,11.0,1.0,0,10,New Delhi,Adani Power Ltd.,333,8.5,2830.5
11,22.0,3.0,14.0,1.0,0,10,New Delhi,Guj Ind Power,676,8.5,5746.0
16,23.0,3.0,11.0,12.0,0,10,New Delhi,Sterlite Power Transmission Ltd,676,8.5,5746.0
5,19.0,2.0,9.0,1.0,0,10,New Delhi,Unitech Power Transmission Ltd.,391,8.5,3323.5
7,19.0,3.0,6.0,1.0,0,10,New Delhi,NHPC,391,8.5,3323.5
17,23.0,2.0,13.0,1.0,0,10,New Delhi,TransRail Lighting,597,8.5,5074.5
8,19.0,2.0,6.0,1.0,0,10,New Delhi,Power Grid Corp,320,8.5,2720.0
23,22.0,0.0,6.0,1.0,0,10,New Delhi,Bonfiglioli Transmission Pvt. Ltd.,359,8.5,3051.5
22,22.0,0.0,20.0,1.0,0,10,New Delhi,Torrent Power Ltd.,684,8.5,5814.0
15,22.0,1.0,21.0,1.0,0,10,New Delhi,GE T&D India Limited,684,8.5,5814.0
20,23.0,2.0,21.0,1.0,0,10,New Delhi,Sunil Hitech Eng,767,8.5,6519.5
5,19.0,1.0,3.0,1.0,0,10,New Delhi,Sterlite Power Transmission Ltd,187,8.5,1589.5
16,23.0,0.0,10.0,1.0,0,10,New Delhi,"Maha Transco – Maharashtra State Electricity Transmission Co, Ltd.",339,8.5,2881.5
7,18.0,2.0,7.0,1.0,0,10,New Delhi,Orient Green,329,8.5,2796.5
7,17.0,1.0,3.0,1.0,0,10,New Delhi,KEC International,329,8.5,2796.5
20,23.0,3.0,13.0,1.0,0,10,New Delhi,JSW Energy Ltd.,722,8.5,6137.0
22,23.0,2.0,12.0,1.0,0,10,New Delhi,Torrent Power Ltd.,722,8.5,6137.0
20,22.0,2.0,19.0,12.0,0,10,New Delhi,Indowind Energy,839,8.5,7131.5
17,22.0,3.0,22.0,12.0,0,10,New Delhi,Bonfiglioli Transmission Pvt. Ltd.,875,8.5,7437.5
8,18.0,0.0,15.0,1.0,0,10,New Delhi,Guj Ind Power,271,8.5,2303.5
11,22.0,1.0,3.0,1.0,0,10,New Delhi,Optibelt Power Transmission India Private Limited,263,8.5,2235.5
16,23.0,0.0,20.0,12.0,0,10,New Delhi,Indowind Energy,801,8.5,6808.5
9,18.0,0.0,6.0,1.0,0,10,New Delhi,Orient Green,191,8.5,1623.5
21,22.0,2.0,15.0,12.0,0,10,New Delhi,Reliance Energy,705,8.5,5992.5
17,23.0,3.0,14.0,1.0,0,10,New Delhi,"Maha Transco – Maharashtra State Electricity Transmission Co, Ltd.",740,8.5,6290.0
21,23.0,3.0,11.0,1.0,0,11,Hyderabad,CESC,474,8.4,3981.6000000000000
12,22.0,0.0,18.0,1.0,0,11,Hyderabad,Toshiba Transmission & Distribution Systems (India) Pvt. Ltd.,553,8.4,4645.2
7,19.0,1.0,20.0,1.0,0,11,Hyderabad,Jaiprakash Power,484,8.4,4065.6000000000000
19,22.0,3.0,19.0,1.0,0,11,Hyderabad,"Maha Transco – Maharashtra State Electricity Transmission Co, Ltd.",682,8.4,5728.8
16,23.0,0.0,11.0,12.0,0,11,Hyderabad,SJVN Ltd.,572,8.4,4804.8
10,23.0,1.0,6.0,1.0,0,11,Hyderabad,Bonfiglioli Transmission Pvt. Ltd.,475,8.4,3990.0
21,22.0,0.0,10.0,1.0,0,11,Hyderabad,NTPC Pvt. Ltd.,380,8.4,3192.0
16,23.0,0.0,12.0,1.0,0,11,Hyderabad,TransRail Lighting,380,8.4,3192.0
9,18.0,2.0,14.0,1.0,0,11,Hyderabad,Jaiprakash Power,380,8.4,3192.0
7,20.0,0.0,13.0,1.0,0,11,Hyderabad,Guj Ind Power,437,8.4,3670.8
11,22.0,3.0,15.0,12.0,0,11,Hyderabad,JSW Energy Ltd.,540,8.4,4536.0
8,23.0,0.0,16.0,7.0,0,11,Hyderabad,NHPC,508,8.4,4267.2
5,17.0,3.0,5.0,7.0,0,11,Hyderabad,Kalpataru Power,503,8.4,4225.2
14,22.0,3.0,20.0,1.0,0,11,Hyderabad,NLC India,712,8.4,5980.8
23,23.0,3.0,11.0,12.0,0,11,Hyderabad,Jyoti Structure,659,8.4,5535.6
6,21.0,1.0,4.0,1.0,0,11,Hyderabad,SJVN Ltd.,288,8.4,2419.2000000000000
12,23.0,2.0,9.0,1.0,0,11,Hyderabad,JSW Energy Ltd.,576,8.4,4838.400000000000
21,22.0,0.0,14.0,1.0,0,11,Hyderabad,Ringfeder Power Transmission India Pvt. Ltd.,576,8.4,4838.400000000000
16,23.0,0.0,15.0,1.0,0,11,Hyderabad,TransRail Lighting,434,8.4,3645.6000000000000
7,23.0,3.0,6.0,1.0,0,11,Hyderabad,Ratnagiri Gas and Power Pvt. Ltd. (RGPPL),434,8.4,3645.6000000000000
13,22.0,3.0,14.0,1.0,0,11,Hyderabad,Ratnagiri Gas and Power Pvt. Ltd. (RGPPL),588,8.4,4939.2
15,22.0,0.0,19.0,12.0,0,11,Hyderabad,TransRail Lighting,531,8.4,4460.400000000000
18,23.0,1.0,12.0,1.0,0,11,Hyderabad,Orient Green,531,8.4,4460.400000000000
22,22.0,1.0,21.0,1.0,0,11,Hyderabad,Reliance Power,507,8.4,4258.8
18,22.0,0.0,15.0,12.0,0,11,Hyderabad,NLC India,612,8.4,5140.8
9,20.0,1.0,10.0,1.0,0,11,Hyderabad,Torrent Power Ltd.,523,8.4,4393.2
14,22.0,2.0,13.0,1.0,0,11,Hyderabad,NLC India,568,8.4,4771.2
18,23.0,3.0,20.0,1.0,0,11,Hyderabad,NTPC Pvt. Ltd.,568,8.4,4771.2
20,22.0,0.0,14.0,1.0,0,11,Hyderabad,Tata Power Company Ltd.,615,8.4,5166.0
12,23.0,3.0,9.0,1.0,0,11,Hyderabad,Sunil Hitech Eng,615,8.4,5166.0
19,22.0,1.0,18.0,1.0,0,11,Hyderabad,Optibelt Power Transmission India Private Limited,615,8.4,5166.0
9,17.0,0.0,13.0,1.0,0,11,Hyderabad,Reliance Energy,452,8.4,3796.8
17,22.0,1.0,15.0,1.0,0,11,Hyderabad,JSW Energy Ltd.,452,8.4,3796.8
12,22.0,0.0,19.0,1.0,0,11,Hyderabad,JSW Energy Ltd.,470,8.4,3948.0
14,23.0,1.0,10.0,1.0,0,11,Hyderabad,Adani Power Ltd.,536,8.4,4502.400000000000
20,23.0,0.0,5.0,1.0,0,11,Hyderabad,Reliance Power,536,8.4,4502.400000000000
15,23.0,3.0,9.0,1.0,0,11,Hyderabad,"Maha Transco – Maharashtra State Electricity Transmission Co, Ltd.",409,8.4,3435.6000000000000
12,23.0,2.0,9.0,1.0,0,11,Hyderabad,Torrent Power Ltd.,409,8.4,3435.6000000000000
10,19.0,1.0,4.0,1.0,0,11,Hyderabad,Bonfiglioli Transmission Pvt. Ltd.,397,8.4,3334.8
7,23.0,3.0,3.0,1.0,0,11,Hyderabad,Jaiprakash Power,421,8.4,3536.4
18,22.0,2.0,3.0,1.0,0,11,Hyderabad,Ringfeder Power Transmission India Pvt. Ltd.,551,8.4,4628.400000000000
11,23.0,0.0,13.0,1.0,0,11,Hyderabad,L&T Transmission & Distribution,551,8.4,4628.400000000000
20,23.0,2.0,5.0,12.0,0,11,Hyderabad,Sunil Hitech Eng,500,8.4,4200.0
8,22.0,0.0,6.0,7.0,0,11,Hyderabad,Jaiprakash Power,500,8.4,4200.0
16,22.0,2.0,4.0,12.0,0,11,Hyderabad,Adani Power Ltd.,420,8.4,3528.0
17,22.0,3.0,6.0,1.0,0,11,Hyderabad,Reliance Power,420,8.4,3528.0
22,23.0,0.0,12.0,1.0,0,11,Hyderabad,Adani Power Ltd.,502,8.4,4216.8
19,23.0,2.0,22.0,1.0,0,11,Hyderabad,Optibelt Power Transmission India Private Limited,720,8.4,6048.0
16,22.0,1.0,13.0,1.0,0,11,Hyderabad,NLC India,449,8.4,3771.6000000000000
22,22.0,1.0,14.0,1.0,0,11,Hyderabad,Adani Power Ltd.,641,8.4,5384.400000000000
12,22.0,1.0,7.0,1.0,0,11,Hyderabad,L&T Transmission & Distribution,490,8.4,4116.0
7,18.0,0.0,21.0,1.0,0,11,Hyderabad,Toshiba Transmission & Distribution Systems (India) Pvt. Ltd.,490,8.4,4116.0
10,20.0,3.0,5.0,1.0,0,11,Hyderabad,"Maha Transco – Maharashtra State Electricity Transmission Co, Ltd.",463,8.4,3889.2000000000000
10,19.0,2.0,5.0,1.0,0,11,Hyderabad,Adani Power Ltd.,485,8.4,4074.0
15,23.0,2.0,8.0,1.0,0,11,Hyderabad,"Maha Transco – Maharashtra State Electricity Transmission Co, Ltd.",583,8.4,4897.2
11,23.0,0.0,4.0,1.0,0,11,Hyderabad,GE T&D India Limited,411,8.4,3452.4
7,23.0,2.0,4.0,1.0,0,11,Hyderabad,"Maha Transco – Maharashtra State Electricity Transmission Co, Ltd.",411,8.4,3452.4
15,22.0,3.0,11.0,1.0,0,11,Hyderabad,Jaiprakash Power,411,8.4,3452.4
8,20.0,0.0,13.0,1.0,0,11,Hyderabad,JSW Energy Ltd.,411,8.4,3452.4
16,22.0,3.0,21.0,1.0,0,11,Hyderabad,Tata Power Company Ltd.,645,8.4,5418.0
15,22.0,0.0,20.0,1.0,0,11,Hyderabad,TransRail Lighting,410,8.4,3444.0
7,22.0,2.0,20.0,1.0,0,11,Hyderabad,TransRail Lighting,410,8.4,3444.0
11,23.0,1.0,20.0,1.0,0,11,Hyderabad,Torrent Power Ltd.,410,8.4,3444.0
18,23.0,0.0,22.0,1.0,0,11,Hyderabad,Ringfeder Power Transmission India Pvt. Ltd.,454,8.4,3813.6000000000000
12,23.0,2.0,7.0,1.0,0,11,Hyderabad,Kalpataru Power,426,8.4,3578.4
10,22.0,0.0,20.0,1.0,0,11,Hyderabad,Orient Green,426,8.4,3578.4
7,23.0,3.0,4.0,1.0,0,11,Hyderabad,CESC,521,8.4,4376.400000000000
10,23.0,2.0,15.0,1.0,0,11,Hyderabad,Ratnagiri Gas and Power Pvt. Ltd. (RGPPL),521,8.4,4376.400000000000
23,22.0,2.0,17.0,1.0,0,11,Hyderabad,Sunil Hitech Eng,497,8.4,4174.8
13,22.0,2.0,10.0,1.0,0,11,Hyderabad,Ratnagiri Gas and Power Pvt. Ltd. (RGPPL),451,8.4,3788.4
10,19.0,3.0,13.0,1.0,0,11,Hyderabad,GE T&D India Limited,451,8.4,3788.4
9,20.0,2.0,16.0,1.0,0,11,Hyderabad,Ringfeder Power Transmission India Pvt. Ltd.,529,8.4,4443.6
7,23.0,0.0,4.0,1.0,0,11,Hyderabad,Reliance Power,335,8.4,2814.0
22,22.0,3.0,17.0,1.0,0,11,Hyderabad,NHPC,557,8.4,4678.8
23,23.0,1.0,18.0,1.0,0,11,Hyderabad,SJVN Ltd.,557,8.4,4678.8
8,18.0,0.0,16.0,7.0,0,11,Hyderabad,Guj Ind Power,489,8.4,4107.6
20,22.0,3.0,6.0,1.0,0,11,Hyderabad,Sunil Hitech Eng,603,8.4,5065.2
6,18.0,2.0,20.0,1.0,0,11,Hyderabad,JSW Energy Ltd.,431,8.4,3620.4
18,22.0,1.0,21.0,1.0,0,11,Hyderabad,Power Grid Corp,566,8.4,4754.400000000000
14,23.0,2.0,19.0,1.0,0,11,Hyderabad,NHPC,459,8.4,3855.6000000000000
5,19.0,0.0,20.0,1.0,0,11,Hyderabad,GE T&D India Limited,459,8.4,3855.6000000000000
12,23.0,3.0,10.0,1.0,0,11,Hyderabad,Sterlite Power Transmission Ltd,613,8.4,5149.2
5,22.0,2.0,15.0,1.0,0,11,Hyderabad,L&T Transmission & Distribution,481,8.4,4040.4
9,19.0,0.0,19.0,1.0,0,11,Hyderabad,L&T Transmission & Distribution,308,8.4,2587.2000000000000
19,22.0,0.0,8.0,1.0,0,11,Hyderabad,Ratnagiri Gas and Power Pvt. Ltd. (RGPPL),544,8.4,4569.6
16,23.0,2.0,9.0,1.0,0,11,Hyderabad,Ringfeder Power Transmission India Pvt. Ltd.,419,8.4,3519.6000000000000
16,22.0,0.0,10.0,1.0,0,11,Hyderabad,Toshiba Transmission & Distribution Systems (India) Pvt. Ltd.,562,8.4,4720.8
6,20.0,2.0,10.0,1.0,0,11,Hyderabad,Neueon Towers / Sujana Towers Ltd.,373,8.4,3133.2000000000000
7,20.0,0.0,3.0,1.0,0,11,Hyderabad,Sunil Hitech Eng,373,8.4,3133.2000000000000
9,23.0,0.0,18.0,1.0,0,11,Hyderabad,Neueon Towers / Sujana Towers Ltd.,515,8.4,4326.0
21,23.0,3.0,15.0,1.0,0,11,Hyderabad,Reliance Energy,520,8.4,4368.0
17,22.0,0.0,3.0,12.0,0,11,Hyderabad,Sunil Hitech Eng,555,8.4,4662.0
6,23.0,1.0,19.0,1.0,0,11,Hyderabad,NHPC,580,8.4,4872.0
17,23.0,0.0,21.0,1.0,0,11,Hyderabad,"Maha Transco – Maharashtra State Electricity Transmission Co, Ltd.",651,8.4,5468.400000000000
12,22.0,0.0,19.0,1.0,0,11,Hyderabad,Reliance Energy,618,8.4,5191.2
14,22.0,1.0,19.0,1.0,0,11,Hyderabad,SJVN Ltd.,535,8.4,4494.0
13,23.0,1.0,16.0,1.0,0,11,Hyderabad,Ratnagiri Gas and Power Pvt. Ltd. (RGPPL),535,8.4,4494.0
14,22.0,3.0,5.0,1.0,0,11,Hyderabad,Reliance Energy,404,8.4,3393.6000000000000
15,22.0,2.0,7.0,1.0,0,11,Hyderabad,L&T Transmission & Distribution,404,8.4,3393.6000000000000
18,22.0,0.0,10.0,1.0,0,11,Hyderabad,Tata Power Company Ltd.,441,8.4,3704.4
15,23.0,2.0,9.0,12.0,0,11,Hyderabad,Guj Ind Power,559,8.4,4695.6
18,22.0,1.0,20.0,1.0,0,11,Hyderabad,CESC,468,8.4,3931.2000000000000
9,18.0,2.0,10.0,1.0,0,11,Hyderabad,Ringfeder Power Transmission India Pvt. Ltd.,286,8.4,2402.4
8,20.0,2.0,9.0,1.0,0,11,Hyderabad,CESC,286,8.4,2402.4
23,23.0,1.0,10.0,1.0,0,11,Hyderabad,Torrent Power Ltd.,395,8.4,3318.0
20,22.0,2.0,8.0,1.0,0,11,Hyderabad,NHPC,522,8.4,4384.8
22,22.0,2.0,15.0,1.0,0,11,Hyderabad,CESC,609,8.4,5115.6
10,20.0,3.0,6.0,7.0,0,11,Hyderabad,Sterlite Power Transmission Ltd,609,8.4,5115.6
21,23.0,3.0,4.0,1.0,0,11,Hyderabad,JSW Energy Ltd.,598,8.4,5023.2
23,22.0,1.0,11.0,1.0,0,11,Hyderabad,SJVN Ltd.,598,8.4,5023.2
8,20.0,1.0,3.0,1.0,0,11,Hyderabad,"Maha Transco – Maharashtra State Electricity Transmission Co, Ltd.",322,8.4,2704.8
19,22.0,0.0,4.0,1.0,0,11,Hyderabad,L&T Transmission & Distribution,322,8.4,2704.8
20,22.0,3.0,8.0,1.0,0,11,Hyderabad,SJVN Ltd.,527,8.4,4426.8
11,22.0,3.0,3.0,1.0,0,11,Hyderabad,Optibelt Power Transmission India Private Limited,558,8.4,4687.2
23,23.0,3.0,11.0,1.0,0,11,Hyderabad,NTPC Pvt. Ltd.,574,8.4,4821.6
22,23.0,1.0,6.0,1.0,0,11,Hyderabad,NLC India,574,8.4,4821.6
12,22.0,3.0,19.0,1.0,0,11,Hyderabad,Jaiprakash Power,574,8.4,4821.6
9,21.0,2.0,9.0,7.0,0,11,Hyderabad,JSW Energy Ltd.,492,8.4,4132.8
10,23.0,2.0,19.0,7.0,0,11,Hyderabad,NTPC Pvt. Ltd.,728,8.4,6115.2
18,22.0,3.0,12.0,1.0,0,11,Hyderabad,"Maha Transco – Maharashtra State Electricity Transmission Co, Ltd.",455,8.4,3822.0
12,23.0,2.0,16.0,1.0,0,11,Hyderabad,Kalpataru Power,546,8.4,4586.400000000000
18,22.0,2.0,15.0,1.0,0,11,Hyderabad,Bonfiglioli Transmission Pvt. Ltd.,546,8.4,4586.400000000000
14,23.0,1.0,11.0,12.0,0,11,Hyderabad,Ratnagiri Gas and Power Pvt. Ltd. (RGPPL),611,8.4,5132.400000000000
8,17.0,3.0,16.0,1.0,0,11,Hyderabad,NHPC,440,8.4,3696.0
6,22.0,1.0,4.0,1.0,0,11,Hyderabad,"Maha Transco – Maharashtra State Electricity Transmission Co, Ltd.",330,8.4,2772.0
17,22.0,0.0,5.0,1.0,0,11,Hyderabad,Adani Power Ltd.,330,8.4,2772.0
16,22.0,3.0,13.0,12.0,0,11,Hyderabad,NHPC,660,8.4,5544.0
10,17.0,0.0,18.0,7.0,0,11,Hyderabad,Jaiprakash Power,561,8.4,4712.400000000000
12,23.0,2.0,3.0,12.0,0,11,Hyderabad,L&T Transmission & Distribution,561,8.4,4712.400000000000
13,23.0,2.0,10.0,1.0,0,11,Hyderabad,Ratnagiri Gas and Power Pvt. Ltd. (RGPPL),561,8.4,4712.400000000000
17,23.0,0.0,12.0,1.0,0,11,Hyderabad,NHPC,539,8.4,4527.6
14,23.0,2.0,12.0,1.0,0,11,Hyderabad,TransRail Lighting,517,8.4,4342.8
17,22.0,3.0,8.0,1.0,0,11,Hyderabad,NHPC,649,8.4,5451.6
14,22.0,1.0,15.0,1.0,0,11,Hyderabad,"Maha Transco – Maharashtra State Electricity Transmission Co, Ltd.",533,8.4,4477.2
15,23.0,0.0,17.0,1.0,0,11,Hyderabad,Sterlite Power Transmission Ltd,488,8.4,4099.2
16,22.0,2.0,22.0,1.0,0,11,Hyderabad,Tata Power Company Ltd.,480,8.4,4032.0
10,19.0,3.0,8.0,1.0,0,11,Hyderabad,Bonfiglioli Transmission Pvt. Ltd.,480,8.4,4032.0
7,22.0,1.0,16.0,1.0,0,11,Hyderabad,Optibelt Power Transmission India Private Limited,447,8.4,3754.8
12,23.0,3.0,10.0,1.0,0,11,Hyderabad,Sterlite Power Transmission Ltd,385,8.4,3234.0
9,20.0,2.0,8.0,1.0,0,11,Hyderabad,Torrent Power Ltd.,514,8.4,4317.6
13,22.0,2.0,19.0,1.0,0,11,Hyderabad,Sterlite Power Transmission Ltd,482,8.4,4048.8
17,23.0,3.0,16.0,1.0,0,11,Hyderabad,Unitech Power Transmission Ltd.,482,8.4,4048.8
17,22.0,1.0,15.0,1.0,0,11,Hyderabad,Ringfeder Power Transmission India Pvt. Ltd.,525,8.4,4410.0
13,23.0,2.0,19.0,1.0,0,11,Hyderabad,Jyoti Structure,586,8.4,4922.400000000000
10,23.0,3.0,18.0,1.0,0,11,Hyderabad,Orient Green,586,8.4,4922.400000000000
23,23.0,3.0,16.0,1.0,0,11,Hyderabad,CESC,635,8.4,5334.0
13,23.0,3.0,14.0,1.0,0,11,Hyderabad,KEC International,685,8.4,5754.0
13,22.0,2.0,19.0,1.0,0,11,Hyderabad,Unitech Power Transmission Ltd.,685,8.4,5754.0
10,23.0,3.0,18.0,1.0,0,11,Hyderabad,Orient Green,547,8.4,4594.8
20,22.0,2.0,6.0,1.0,0,11,Hyderabad,Orient Green,547,8.4,4594.8
11,22.0,1.0,17.0,1.0,0,11,Hyderabad,Ringfeder Power Transmission India Pvt. Ltd.,457,8.4,3838.8
10,23.0,1.0,9.0,1.0,0,11,Hyderabad,Guj Ind Power,457,8.4,3838.8
21,23.0,2.0,7.0,12.0,0,11,Hyderabad,JSW Energy Ltd.,600,8.4,5040.0
14,22.0,2.0,21.0,1.0,0,11,Hyderabad,CESC,608,8.4,5107.2
8,21.0,3.0,20.0,1.0,0,11,Hyderabad,Guj Ind Power,476,8.4,3998.4
22,22.0,2.0,4.0,1.0,0,11,Hyderabad,SJVN Ltd.,439,8.4,3687.6000000000000
18,22.0,3.0,4.0,1.0,0,11,Hyderabad,NLC India,439,8.4,3687.6000000000000
15,23.0,1.0,12.0,1.0,0,11,Hyderabad,Sunil Hitech Eng,469,8.4,3939.6000000000000
20,22.0,2.0,13.0,1.0,0,11,Hyderabad,NHPC,579,8.4,4863.6
12,22.0,0.0,4.0,12.0,0,11,Hyderabad,Ringfeder Power Transmission India Pvt. Ltd.,378,8.4,3175.2000000000000
13,22.0,2.0,8.0,1.0,0,11,Hyderabad,Reliance Energy,378,8.4,3175.2000000000000
14,23.0,0.0,5.0,1.0,0,11,Hyderabad,Jaiprakash Power,398,8.4,3343.2000000000000
10,20.0,3.0,13.0,1.0,0,11,Hyderabad,TransRail Lighting,560,8.4,4704.0
12,22.0,2.0,5.0,1.0,0,11,Hyderabad,GE T&D India Limited,560,8.4,4704.0
7,22.0,3.0,3.0,1.0,0,11,Hyderabad,Adani Power Ltd.,402,8.4,3376.8
20,22.0,2.0,21.0,12.0,0,11,Hyderabad,Sunil Hitech Eng,658,8.4,5527.2
14,22.0,1.0,11.0,1.0,0,11,Hyderabad,Tata Power Company Ltd.,334,8.4,2805.6
14,23.0,0.0,3.0,12.0,0,11,Hyderabad,SJVN Ltd.,479,8.4,4023.6000000000000
8,17.0,1.0,16.0,1.0,0,11,Hyderabad,Toshiba Transmission & Distribution Systems (India) Pvt. Ltd.,479,8.4,4023.6000000000000
18,23.0,2.0,7.0,12.0,0,11,Hyderabad,Unitech Power Transmission Ltd.,530,8.4,4452.0
8,17.0,0.0,16.0,1.0,0,11,Hyderabad,Toshiba Transmission & Distribution Systems (India) Pvt. Ltd.,471,8.4,3956.4
15,23.0,2.0,6.0,1.0,0,11,Hyderabad,Unitech Power Transmission Ltd.,477,8.4,4006.8
11,23.0,2.0,4.0,1.0,0,11,Hyderabad,NLC India,300,8.4,2520.0
17,23.0,0.0,10.0,1.0,0,11,Hyderabad,Reliance Energy,541,8.4,4544.400000000000
11,22.0,2.0,15.0,12.0,0,11,Hyderabad,Torrent Power Ltd.,628,8.4,5275.2
12,23.0,3.0,4.0,12.0,0,11,Hyderabad,Adani Power Ltd.,628,8.4,5275.2
17,22.0,2.0,4.0,1.0,0,11,Hyderabad,Kalpataru Power,413,8.4,3469.2000000000000
23,23.0,3.0,14.0,1.0,0,11,Hyderabad,Orient Green,700,8.4,5880.0
8,18.0,3.0,19.0,1.0,0,11,Hyderabad,Reliance Energy,388,8.4,3259.2000000000000
8,22.0,2.0,16.0,1.0,0,11,Hyderabad,"Maha Transco – Maharashtra State Electricity Transmission Co, Ltd.",388,8.4,3259.2000000000000
22,22.0,1.0,9.0,1.0,0,11,Hyderabad,KEC International,388,8.4,3259.2000000000000
6,23.0,3.0,11.0,1.0,0,11,Hyderabad,GE T&D India Limited,473,8.4,3973.2000000000000
9,19.0,0.0,20.0,1.0,0,11,Hyderabad,NHPC,491,8.4,4124.400000000000
12,23.0,0.0,20.0,1.0,0,11,Hyderabad,Ratnagiri Gas and Power Pvt. Ltd. (RGPPL),640,8.4,5376.0
23,23.0,0.0,7.0,1.0,0,11,Hyderabad,Adani Power Ltd.,466,8.4,3914.4
21,22.0,1.0,11.0,1.0,0,11,Hyderabad,KEC International,466,8.4,3914.4
11,23.0,0.0,10.0,12.0,0,11,Hyderabad,Ringfeder Power Transmission India Pvt. Ltd.,453,8.4,3805.2000000000000
21,22.0,3.0,5.0,1.0,0,11,Hyderabad,Bonfiglioli Transmission Pvt. Ltd.,453,8.4,3805.2000000000000
8,22.0,1.0,22.0,7.0,0,11,Hyderabad,Torrent Power Ltd.,684,8.4,5745.6
20,22.0,3.0,21.0,1.0,0,11,Hyderabad,Sunil Hitech Eng,684,8.4,5745.6
11,23.0,3.0,18.0,1.0,0,11,Hyderabad,Ratnagiri Gas and Power Pvt. Ltd. (RGPPL),684,8.4,5745.6
7,21.0,2.0,17.0,1.0,0,11,Hyderabad,Unitech Power Transmission Ltd.,393,8.4,3301.2000000000000
8,22.0,3.0,7.0,7.0,0,11,Hyderabad,GE T&D India Limited,393,8.4,3301.2000000000000
19,23.0,1.0,9.0,1.0,0,11,Hyderabad,Adani Power Ltd.,427,8.4,3586.8
19,22.0,3.0,7.0,1.0,0,11,Hyderabad,GE T&D India Limited,493,8.4,4141.2
9,23.0,1.0,11.0,1.0,0,11,Hyderabad,NHPC,510,8.4,4284.0
20,23.0,0.0,5.0,1.0,0,11,Hyderabad,Ringfeder Power Transmission India Pvt. Ltd.,510,8.4,4284.0
22,23.0,1.0,13.0,1.0,0,11,Hyderabad,Unitech Power Transmission Ltd.,510,8.4,4284.0
11,22.0,1.0,11.0,1.0,0,11,Hyderabad,JSW Energy Ltd.,338,8.4,2839.2000000000000
15,23.0,2.0,15.0,12.0,0,11,Hyderabad,Indowind Energy,648,8.4,5443.2
7,23.0,1.0,20.0,1.0,0,11,Hyderabad,Power Grid Corp,567,8.4,4762.8
7,21.0,1.0,8.0,1.0,0,11,Hyderabad,Neueon Towers / Sujana Towers Ltd.,320,8.4,2688.0
16,22.0,0.0,7.0,1.0,0,11,Hyderabad,Neueon Towers / Sujana Towers Ltd.,320,8.4,2688.0
10,18.0,1.0,18.0,1.0,0,11,Hyderabad,Neueon Towers / Sujana Towers Ltd.,450,8.4,3780.0
19,22.0,2.0,6.0,1.0,0,11,Hyderabad,Tata Power Company Ltd.,496,8.4,4166.400000000000
11,23.0,0.0,8.0,1.0,0,11,Hyderabad,L&T Transmission & Distribution,496,8.4,4166.400000000000
9,21.0,2.0,7.0,1.0,0,11,Hyderabad,NHPC,383,8.4,3217.2000000000000
7,22.0,3.0,9.0,1.0,0,11,Hyderabad,Adani Power Ltd.,383,8.4,3217.2000000000000
12,22.0,1.0,8.0,1.0,0,11,Hyderabad,Tata Power Company Ltd.,336,8.4,2822.4
9,23.0,2.0,11.0,1.0,0,11,Hyderabad,Toshiba Transmission & Distribution Systems (India) Pvt. Ltd.,545,8.4,4578.0
9,18.0,2.0,18.0,1.0,0,11,Hyderabad,SJVN Ltd.,387,8.4,3250.8
8,19.0,0.0,12.0,1.0,0,11,Hyderabad,CESC,291,8.4,2444.4
16,22.0,0.0,21.0,1.0,0,11,Hyderabad,Reliance Energy,673,8.4,5653.2
6,17.0,0.0,21.0,7.0,0,11,Hyderabad,Jaiprakash Power,353,8.4,2965.2000000000000
18,22.0,0.0,12.0,1.0,0,11,Hyderabad,Bonfiglioli Transmission Pvt. Ltd.,353,8.4,2965.2000000000000
8,20.0,1.0,10.0,1.0,0,11,Hyderabad,Reliance Power,375,8.4,3150.0
5,19.0,2.0,10.0,7.0,0,11,Hyderabad,NHPC,360,8.4,3024.0
16,22.0,1.0,6.0,1.0,0,11,Hyderabad,L&T Transmission & Distribution,356,8.4,2990.4
16,23.0,3.0,22.0,1.0,0,11,Hyderabad,Guj Ind Power,671,8.4,5636.400000000000
15,23.0,1.0,5.0,1.0,0,11,Hyderabad,Jyoti Structure,365,8.4,3066.0
8,19.0,1.0,16.0,1.0,0,11,Hyderabad,Power Grid Corp,365,8.4,3066.0
19,23.0,2.0,17.0,1.0,0,11,Hyderabad,Torrent Power Ltd.,674,8.4,5661.6
9,23.0,1.0,16.0,1.0,0,11,Hyderabad,Indowind Energy,359,8.4,3015.6
14,22.0,2.0,20.0,1.0,0,11,Hyderabad,GE T&D India Limited,657,8.4,5518.8
22,23.0,1.0,16.0,1.0,0,11,Hyderabad,Bonfiglioli Transmission Pvt. Ltd.,657,8.4,5518.8
18,23.0,1.0,14.0,1.0,0,11,Hyderabad,JSW Energy Ltd.,657,8.4,5518.8
13,22.0,0.0,5.0,1.0,0,11,Hyderabad,CESC,279,8.4,2343.6
16,23.0,1.0,21.0,12.0,0,11,Hyderabad,CESC,636,8.4,5342.400000000000
22,23.0,1.0,21.0,1.0,0,11,Hyderabad,Jyoti Structure,752,8.4,6316.8
11,22.0,2.0,10.0,1.0,0,11,Hyderabad,CESC,358,8.4,3007.2000000000000
18,22.0,2.0,19.0,1.0,0,11,Hyderabad,Neueon Towers / Sujana Towers Ltd.,695,8.4,5838.0
15,23.0,0.0,5.0,1.0,0,11,Hyderabad,Guj Ind Power,302,8.4,2536.8
5,22.0,2.0,4.0,1.0,0,11,Hyderabad,L&T Transmission & Distribution,253,8.4,2125.2000000000000
16,22.0,2.0,8.0,12.0,0,11,Hyderabad,Torrent Power Ltd.,679,8.4,5703.6
11,22.0,0.0,4.0,1.0,0,11,Hyderabad,Reliance Energy,321,8.4,2696.4
15,22.0,1.0,13.0,12.0,0,11,Hyderabad,NTPC Pvt. Ltd.,543,8.4,4561.2
17,22.0,1.0,5.0,1.0,0,11,Hyderabad,GE T&D India Limited,392,8.4,3292.8
13,23.0,3.0,10.0,1.0,0,11,Hyderabad,L&T Transmission & Distribution,631,8.4,5300.400000000000
17,23.0,2.0,10.0,12.0,0,11,Hyderabad,Bonfiglioli Transmission Pvt. Ltd.,758,8.4,6367.2
13,23.0,0.0,7.0,1.0,0,11,Hyderabad,Sunil Hitech Eng,301,8.4,2528.4
8,23.0,0.0,5.0,7.0,0,11,Hyderabad,Sterlite Power Transmission Ltd,278,8.4,2335.2000000000000
14,23.0,1.0,22.0,12.0,0,11,Hyderabad,Unitech Power Transmission Ltd.,798,8.4,6703.200000000000
10,17.0,3.0,4.0,1.0,0,11,Hyderabad,SJVN Ltd.,269,8.4,2259.6
21,22.0,3.0,16.0,12.0,0,11,Hyderabad,Kalpataru Power,779,8.4,6543.6
5,18.0,1.0,8.0,1.0,0,11,Hyderabad,Adani Power Ltd.,277,8.4,2326.8
20,23.0,2.0,20.0,12.0,0,11,Hyderabad,Torrent Power Ltd.,820,8.4,6888.0
8,18.0,1.0,4.0,1.0,0,11,Hyderabad,Kalpataru Power,194,8.4,1629.6000000000000
5,18.0,1.0,6.0,1.0,0,11,Hyderabad,Torrent Power Ltd.,203,8.4,1705.2
20,23.0,1.0,10.0,1.0,0,11,Nagpur,Ratnagiri Gas and Power Pvt. Ltd. (RGPPL),553,8.9,4921.7
21,23.0,3.0,3.0,1.0,0,11,Nagpur,Optibelt Power Transmission India Private Limited,528,8.9,4699.2
19,23.0,0.0,15.0,1.0,0,11,Nagpur,Sunil Hitech Eng,528,8.9,4699.2
17,22.0,0.0,12.0,1.0,0,11,Nagpur,JSW Energy Ltd.,528,8.9,4699.2
8,18.0,3.0,19.0,7.0,0,11,Nagpur,GE T&D India Limited,440,8.9,3916.0
19,23.0,1.0,17.0,1.0,0,11,Nagpur,Sterlite Power Transmission Ltd,440,8.9,3916.0
5,22.0,0.0,14.0,1.0,0,11,Nagpur,Ringfeder Power Transmission India Pvt. Ltd.,440,8.9,3916.0
22,23.0,1.0,14.0,1.0,0,11,Nagpur,Adani Power Ltd.,616,8.9,5482.400000000000
15,22.0,1.0,4.0,1.0,0,11,Nagpur,Guj Ind Power,405,8.9,3604.5
11,22.0,2.0,19.0,1.0,0,11,Nagpur,Indowind Energy,420,8.9,3738.0
22,23.0,1.0,14.0,1.0,0,11,Nagpur,Sterlite Power Transmission Ltd,420,8.9,3738.0
11,23.0,2.0,18.0,1.0,0,11,Nagpur,Reliance Power,588,8.9,5233.2
14,22.0,1.0,12.0,1.0,0,11,Nagpur,NTPC Pvt. Ltd.,435,8.9,3871.5
12,22.0,2.0,19.0,1.0,0,11,Nagpur,Reliance Power,435,8.9,3871.5
23,22.0,1.0,12.0,1.0,0,11,Nagpur,NLC India,449,8.9,3996.1000000000000
7,23.0,3.0,19.0,1.0,0,11,Nagpur,L&T Transmission & Distribution,691,8.9,6149.900000000000
21,23.0,3.0,8.0,1.0,0,11,Nagpur,Reliance Power,691,8.9,6149.900000000000
6,18.0,0.0,17.0,1.0,0,11,Nagpur,"Maha Transco – Maharashtra State Electricity Transmission Co, Ltd.",247,8.9,2198.3
15,22.0,0.0,20.0,1.0,0,11,Nagpur,CESC,608,8.9,5411.2
17,22.0,2.0,14.0,12.0,0,11,Nagpur,NHPC,608,8.9,5411.2
12,22.0,3.0,15.0,1.0,0,11,Nagpur,Jaiprakash Power,526,8.9,4681.400000000000
6,23.0,0.0,13.0,1.0,0,11,Nagpur,KEC International,526,8.9,4681.400000000000
20,22.0,2.0,16.0,1.0,0,11,Nagpur,NLC India,526,8.9,4681.400000000000
8,18.0,0.0,16.0,1.0,0,11,Nagpur,Jaiprakash Power,434,8.9,3862.6000000000000
6,23.0,0.0,20.0,1.0,0,11,Nagpur,Bonfiglioli Transmission Pvt. Ltd.,476,8.9,4236.400000000000
8,23.0,0.0,3.0,1.0,0,11,Nagpur,Kalpataru Power,343,8.9,3052.7000000000000
14,22.0,0.0,14.0,1.0,0,11,Nagpur,Neueon Towers / Sujana Towers Ltd.,551,8.9,4903.900000000000
21,22.0,3.0,16.0,1.0,0,11,Nagpur,NHPC,513,8.9,4565.7
18,22.0,2.0,8.0,1.0,0,11,Nagpur,Indowind Energy,385,8.9,3426.5
19,23.0,2.0,7.0,12.0,0,11,Nagpur,Jaiprakash Power,518,8.9,4610.2
6,22.0,2.0,22.0,1.0,0,11,Nagpur,Kalpataru Power,518,8.9,4610.2
11,22.0,3.0,11.0,1.0,0,11,Nagpur,Ratnagiri Gas and Power Pvt. Ltd. (RGPPL),593,8.9,5277.7
23,23.0,0.0,6.0,1.0,0,11,Nagpur,Power Grid Corp,593,8.9,5277.7
6,23.0,1.0,3.0,1.0,0,11,Nagpur,TransRail Lighting,258,8.9,2296.2000000000000
18,23.0,2.0,9.0,1.0,0,11,Nagpur,Sterlite Power Transmission Ltd,423,8.9,3764.7000000000000
13,23.0,3.0,18.0,1.0,0,11,Nagpur,GE T&D India Limited,609,8.9,5420.1
16,22.0,3.0,3.0,1.0,0,11,Nagpur,Torrent Power Ltd.,594,8.9,5286.6
20,22.0,3.0,6.0,1.0,0,11,Nagpur,CESC,594,8.9,5286.6
7,18.0,2.0,21.0,1.0,0,11,Nagpur,Adani Power Ltd.,350,8.9,3115.0
5,19.0,2.0,8.0,1.0,0,11,Nagpur,Jaiprakash Power,441,8.9,3924.9
8,22.0,3.0,7.0,1.0,0,11,Nagpur,Ratnagiri Gas and Power Pvt. Ltd. (RGPPL),441,8.9,3924.9
16,22.0,1.0,22.0,1.0,0,11,Nagpur,Jaiprakash Power,574,8.9,5108.6
7,18.0,1.0,16.0,7.0,0,11,Nagpur,KEC International,494,8.9,4396.6
11,23.0,1.0,17.0,1.0,0,11,Nagpur,Indowind Energy,494,8.9,4396.6
8,21.0,0.0,4.0,1.0,0,11,Nagpur,CESC,448,8.9,3987.2000000000000
12,23.0,0.0,12.0,1.0,0,11,Nagpur,Reliance Power,443,8.9,3942.7000000000000
16,22.0,3.0,7.0,1.0,0,11,Nagpur,NHPC,443,8.9,3942.7000000000000
20,22.0,2.0,4.0,12.0,0,11,Nagpur,NTPC Pvt. Ltd.,443,8.9,3942.7000000000000
22,23.0,3.0,13.0,1.0,0,11,Nagpur,NHPC,695,8.9,6185.5
13,22.0,0.0,20.0,12.0,0,11,Nagpur,KEC International,591,8.9,5259.900000000000
7,18.0,3.0,6.0,7.0,0,11,Nagpur,Indowind Energy,439,8.9,3907.1000000000000
9,18.0,3.0,8.0,1.0,0,11,Nagpur,Orient Green,360,8.9,3204.0
17,22.0,0.0,7.0,12.0,0,11,Nagpur,NTPC Pvt. Ltd.,442,8.9,3933.8
9,20.0,3.0,20.0,1.0,0,11,Nagpur,Unitech Power Transmission Ltd.,442,8.9,3933.8
20,22.0,1.0,11.0,12.0,0,11,Nagpur,JSW Energy Ltd.,601,8.9,5348.900000000000
21,23.0,3.0,11.0,1.0,0,11,Nagpur,Unitech Power Transmission Ltd.,618,8.9,5500.2
18,22.0,3.0,21.0,1.0,0,11,Nagpur,Unitech Power Transmission Ltd.,725,8.9,6452.5
22,23.0,1.0,18.0,1.0,0,11,Nagpur,Optibelt Power Transmission India Private Limited,725,8.9,6452.5
18,23.0,1.0,10.0,1.0,0,11,Nagpur,Jyoti Structure,575,8.9,5117.5
18,22.0,2.0,4.0,1.0,0,11,Nagpur,Guj Ind Power,424,8.9,3773.6000000000000
19,22.0,1.0,11.0,1.0,0,11,Nagpur,Guj Ind Power,424,8.9,3773.6000000000000
16,23.0,1.0,10.0,1.0,0,11,Nagpur,"Maha Transco – Maharashtra State Electricity Transmission Co, Ltd.",527,8.9,4690.3
7,23.0,1.0,8.0,1.0,0,11,Nagpur,Reliance Energy,527,8.9,4690.3
9,17.0,0.0,18.0,1.0,0,11,Nagpur,JSW Energy Ltd.,515,8.9,4583.5
20,22.0,1.0,10.0,1.0,0,11,Nagpur,Toshiba Transmission & Distribution Systems (India) Pvt. Ltd.,469,8.9,4174.1
13,22.0,1.0,19.0,1.0,0,11,Nagpur,Ratnagiri Gas and Power Pvt. Ltd. (RGPPL),469,8.9,4174.1
7,22.0,0.0,18.0,1.0,0,11,Nagpur,Sterlite Power Transmission Ltd,398,8.9,3542.2000000000000
5,20.0,1.0,14.0,1.0,0,11,Nagpur,Jaiprakash Power,358,8.9,3186.2000000000000
23,23.0,0.0,12.0,1.0,0,11,Nagpur,TransRail Lighting,629,8.9,5598.1
23,23.0,3.0,3.0,1.0,0,11,Nagpur,Sterlite Power Transmission Ltd,629,8.9,5598.1
10,23.0,1.0,6.0,1.0,0,11,Nagpur,Adani Power Ltd.,530,8.9,4717.0
7,21.0,1.0,12.0,7.0,0,11,Nagpur,Tata Power Company Ltd.,338,8.9,3008.2000000000000
20,22.0,3.0,5.0,1.0,0,11,Nagpur,Indowind Energy,493,8.9,4387.7
16,23.0,1.0,9.0,1.0,0,11,Nagpur,KEC International,550,8.9,4895.0
9,17.0,1.0,20.0,1.0,0,11,Nagpur,TransRail Lighting,550,8.9,4895.0
20,22.0,1.0,8.0,1.0,0,11,Nagpur,Ringfeder Power Transmission India Pvt. Ltd.,592,8.9,5268.8
15,22.0,3.0,9.0,12.0,0,11,Nagpur,Sterlite Power Transmission Ltd,592,8.9,5268.8
10,20.0,0.0,9.0,7.0,0,11,Nagpur,Ringfeder Power Transmission India Pvt. Ltd.,480,8.9,4272.0
6,18.0,3.0,16.0,1.0,0,11,Nagpur,Orient Green,505,8.9,4494.5
22,23.0,1.0,15.0,1.0,0,11,Nagpur,NLC India,505,8.9,4494.5
10,18.0,0.0,18.0,1.0,0,11,Nagpur,"Maha Transco – Maharashtra State Electricity Transmission Co, Ltd.",375,8.9,3337.5
12,22.0,0.0,9.0,12.0,0,11,Nagpur,Reliance Power,502,8.9,4467.8
20,23.0,1.0,7.0,1.0,0,11,Nagpur,Torrent Power Ltd.,565,8.9,5028.5
17,22.0,3.0,9.0,1.0,0,11,Nagpur,Bonfiglioli Transmission Pvt. Ltd.,565,8.9,5028.5
22,22.0,2.0,21.0,1.0,0,11,Nagpur,TransRail Lighting,617,8.9,5491.3
12,23.0,1.0,4.0,12.0,0,11,Nagpur,Jyoti Structure,467,8.9,4156.3
18,23.0,2.0,10.0,1.0,0,11,Nagpur,JSW Energy Ltd.,453,8.9,4031.7000000000000
19,23.0,3.0,4.0,12.0,0,11,Nagpur,Guj Ind Power,635,8.9,5651.5
8,19.0,3.0,10.0,1.0,0,11,Nagpur,Orient Green,509,8.9,4530.1
9,17.0,0.0,10.0,7.0,0,11,Nagpur,GE T&D India Limited,355,8.9,3159.5
7,23.0,2.0,6.0,1.0,0,11,Nagpur,Ringfeder Power Transmission India Pvt. Ltd.,426,8.9,3791.4
22,22.0,0.0,16.0,1.0,0,11,Nagpur,NLC India,416,8.9,3702.4
22,22.0,1.0,11.0,1.0,0,11,Nagpur,Ringfeder Power Transmission India Pvt. Ltd.,641,8.9,5704.900000000000
21,23.0,2.0,8.0,1.0,0,11,Nagpur,Reliance Energy,521,8.9,4636.900000000000
7,22.0,1.0,10.0,1.0,0,11,Nagpur,Sunil Hitech Eng,521,8.9,4636.900000000000
17,23.0,3.0,12.0,1.0,0,11,Nagpur,Optibelt Power Transmission India Private Limited,501,8.9,4458.900000000000
5,23.0,2.0,4.0,1.0,0,11,Nagpur,NLC India,501,8.9,4458.900000000000
10,22.0,2.0,4.0,1.0,0,11,Nagpur,Toshiba Transmission & Distribution Systems (India) Pvt. Ltd.,407,8.9,3622.3
17,23.0,0.0,17.0,1.0,0,11,Nagpur,NHPC,549,8.9,4886.1
15,22.0,3.0,7.0,1.0,0,11,Nagpur,Adani Power Ltd.,630,8.9,5607.0
21,23.0,3.0,16.0,1.0,0,11,Nagpur,Bonfiglioli Transmission Pvt. Ltd.,514,8.9,4574.6
7,18.0,2.0,15.0,1.0,0,11,Nagpur,"Maha Transco – Maharashtra State Electricity Transmission Co, Ltd.",514,8.9,4574.6
8,22.0,0.0,17.0,1.0,0,11,Nagpur,SJVN Ltd.,370,8.9,3293.0
18,23.0,2.0,9.0,1.0,0,11,Nagpur,Ratnagiri Gas and Power Pvt. Ltd. (RGPPL),390,8.9,3471.0
15,23.0,1.0,14.0,1.0,0,11,Nagpur,SJVN Ltd.,395,8.9,3515.5
6,21.0,1.0,6.0,1.0,0,11,Nagpur,Jyoti Structure,348,8.9,3097.2000000000000
12,23.0,1.0,8.0,1.0,0,11,Nagpur,Sunil Hitech Eng,368,8.9,3275.2000000000000
13,23.0,2.0,6.0,1.0,0,11,Nagpur,CESC,368,8.9,3275.2000000000000
20,23.0,2.0,14.0,1.0,0,11,Nagpur,L&T Transmission & Distribution,576,8.9,5126.400000000000
20,23.0,3.0,7.0,1.0,0,11,Nagpur,KEC International,564,8.9,5019.6
22,23.0,3.0,9.0,1.0,0,11,Nagpur,JSW Energy Ltd.,531,8.9,4725.900000000000
21,22.0,1.0,20.0,12.0,0,11,Nagpur,Power Grid Corp,557,8.9,4957.3
15,23.0,3.0,21.0,1.0,0,11,Nagpur,NLC India,584,8.9,5197.6
21,22.0,0.0,17.0,1.0,0,11,Nagpur,Bonfiglioli Transmission Pvt. Ltd.,643,8.9,5722.7
17,22.0,0.0,3.0,1.0,0,11,Nagpur,Bonfiglioli Transmission Pvt. Ltd.,433,8.9,3853.7000000000000
12,22.0,3.0,15.0,1.0,0,11,Nagpur,NLC India,433,8.9,3853.7000000000000
8,18.0,0.0,11.0,1.0,0,11,Nagpur,Tata Power Company Ltd.,471,8.9,4191.900000000000
16,22.0,0.0,11.0,1.0,0,11,Nagpur,NTPC Pvt. Ltd.,458,8.9,4076.2000000000000
23,22.0,2.0,12.0,1.0,0,11,Nagpur,JSW Energy Ltd.,474,8.9,4218.6
16,22.0,2.0,4.0,1.0,0,11,Nagpur,"Maha Transco – Maharashtra State Electricity Transmission Co, Ltd.",511,8.9,4547.900000000000
21,23.0,1.0,21.0,1.0,0,11,Nagpur,Sterlite Power Transmission Ltd,559,8.9,4975.1
23,23.0,3.0,10.0,1.0,0,11,Nagpur,Sterlite Power Transmission Ltd,559,8.9,4975.1
7,17.0,1.0,17.0,1.0,0,11,Nagpur,Indowind Energy,450,8.9,4005.0
10,19.0,1.0,16.0,1.0,0,11,Nagpur,Torrent Power Ltd.,409,8.9,3640.1000000000000
15,23.0,2.0,22.0,1.0,0,11,Nagpur,Sterlite Power Transmission Ltd,516,8.9,4592.400000000000
17,22.0,1.0,18.0,1.0,0,11,Nagpur,CESC,430,8.9,3827.0
20,23.0,1.0,16.0,1.0,0,11,Nagpur,Toshiba Transmission & Distribution Systems (India) Pvt. Ltd.,567,8.9,5046.3
11,23.0,1.0,9.0,1.0,0,11,Nagpur,Optibelt Power Transmission India Private Limited,361,8.9,3212.9
8,21.0,2.0,17.0,7.0,0,11,Nagpur,Tata Power Company Ltd.,628,8.9,5589.2
9,17.0,1.0,13.0,1.0,0,11,Nagpur,Reliance Power,417,8.9,3711.3
9,17.0,3.0,3.0,1.0,0,11,Nagpur,Sterlite Power Transmission Ltd,417,8.9,3711.3
16,22.0,2.0,14.0,1.0,0,11,Nagpur,Reliance Energy,498,8.9,4432.2
15,23.0,3.0,19.0,1.0,0,11,Nagpur,Ratnagiri Gas and Power Pvt. Ltd. (RGPPL),498,8.9,4432.2
20,23.0,3.0,10.0,1.0,0,11,Nagpur,SJVN Ltd.,606,8.9,5393.400000000000
12,23.0,2.0,4.0,1.0,0,11,Nagpur,NTPC Pvt. Ltd.,330,8.9,2937.0
18,23.0,3.0,21.0,12.0,0,11,Nagpur,"Maha Transco – Maharashtra State Electricity Transmission Co, Ltd.",733,8.9,6523.7
9,22.0,3.0,18.0,1.0,0,11,Nagpur,Adani Power Ltd.,666,8.9,5927.400000000000
10,17.0,0.0,4.0,1.0,0,11,Nagpur,"Maha Transco – Maharashtra State Electricity Transmission Co, Ltd.",289,8.9,2572.1
22,23.0,0.0,20.0,1.0,0,11,Nagpur,Orient Green,613,8.9,5455.7
19,23.0,0.0,12.0,1.0,0,11,Nagpur,Torrent Power Ltd.,369,8.9,3284.1
12,22.0,0.0,7.0,12.0,0,11,Nagpur,"Maha Transco – Maharashtra State Electricity Transmission Co, Ltd.",489,8.9,4352.1
16,23.0,3.0,9.0,12.0,0,11,Nagpur,Sterlite Power Transmission Ltd,671,8.9,5971.900000000000
14,23.0,3.0,11.0,1.0,0,11,Nagpur,L&T Transmission & Distribution,510,8.9,4539.0
8,20.0,2.0,6.0,1.0,0,11,Nagpur,NTPC Pvt. Ltd.,316,8.9,2812.4
6,19.0,0.0,14.0,7.0,0,11,Nagpur,Power Grid Corp,294,8.9,2616.6
22,22.0,3.0,20.0,1.0,0,11,Nagpur,KEC International,597,8.9,5313.3
20,22.0,2.0,5.0,1.0,0,11,Nagpur,KEC International,597,8.9,5313.3
11,22.0,2.0,7.0,12.0,0,11,Nagpur,Sunil Hitech Eng,579,8.9,5153.1
22,23.0,0.0,17.0,1.0,0,11,Nagpur,Kalpataru Power,479,8.9,4263.1
5,18.0,1.0,21.0,1.0,0,11,Nagpur,Reliance Energy,362,8.9,3221.8
6,19.0,2.0,16.0,1.0,0,11,Nagpur,Sunil Hitech Eng,362,8.9,3221.8
17,23.0,2.0,7.0,1.0,0,11,Nagpur,Adani Power Ltd.,373,8.9,3319.7000000000000
19,22.0,0.0,15.0,12.0,0,11,Nagpur,Power Grid Corp,678,8.9,6034.2
12,23.0,3.0,13.0,1.0,0,11,Nagpur,GE T&D India Limited,466,8.9,4147.400000000000
17,22.0,0.0,20.0,1.0,0,11,Nagpur,Guj Ind Power,634,8.9,5642.6
14,22.0,1.0,17.0,1.0,0,11,Nagpur,Jaiprakash Power,556,8.9,4948.400000000000
10,20.0,1.0,13.0,1.0,0,11,Nagpur,Neueon Towers / Sujana Towers Ltd.,556,8.9,4948.400000000000
15,22.0,0.0,22.0,1.0,0,11,Nagpur,NTPC Pvt. Ltd.,562,8.9,5001.8
22,22.0,2.0,9.0,1.0,0,11,Nagpur,Reliance Power,500,8.9,4450.0
16,23.0,2.0,16.0,1.0,0,11,Nagpur,L&T Transmission & Distribution,500,8.9,4450.0
10,20.0,1.0,6.0,1.0,0,11,Nagpur,Torrent Power Ltd.,500,8.9,4450.0
21,23.0,1.0,11.0,1.0,0,11,Nagpur,Guj Ind Power,500,8.9,4450.0
23,22.0,3.0,15.0,1.0,0,11,Nagpur,Sterlite Power Transmission Ltd,603,8.9,5366.7
16,22.0,3.0,17.0,1.0,0,11,Nagpur,CESC,627,8.9,5580.3
12,22.0,2.0,5.0,1.0,0,11,Nagpur,Sterlite Power Transmission Ltd,499,8.9,4441.1
16,23.0,1.0,12.0,1.0,0,11,Nagpur,KEC International,599,8.9,5331.1
15,22.0,2.0,5.0,1.0,0,11,Nagpur,SJVN Ltd.,318,8.9,2830.2000000000000
21,22.0,0.0,21.0,1.0,0,11,Nagpur,Ringfeder Power Transmission India Pvt. Ltd.,495,8.9,4405.5
14,22.0,1.0,17.0,1.0,0,11,Nagpur,SJVN Ltd.,495,8.9,4405.5
10,19.0,2.0,11.0,1.0,0,11,Nagpur,Bonfiglioli Transmission Pvt. Ltd.,495,8.9,4405.5
7,23.0,1.0,20.0,1.0,0,11,Nagpur,Sterlite Power Transmission Ltd,402,8.9,3577.8
12,23.0,3.0,9.0,1.0,0,11,Nagpur,Kalpataru Power,402,8.9,3577.8
16,23.0,3.0,20.0,1.0,0,11,Nagpur,Torrent Power Ltd.,533,8.9,4743.7
12,23.0,2.0,10.0,1.0,0,11,Nagpur,Unitech Power Transmission Ltd.,533,8.9,4743.7
17,22.0,2.0,21.0,1.0,0,11,Nagpur,Indowind Energy,533,8.9,4743.7
23,23.0,3.0,8.0,1.0,0,11,Nagpur,SJVN Ltd.,533,8.9,4743.7
11,23.0,0.0,7.0,1.0,0,11,Nagpur,NLC India,264,8.9,2349.6
20,23.0,2.0,21.0,1.0,0,11,Nagpur,Power Grid Corp,750,8.9,6675.0
22,22.0,2.0,16.0,1.0,0,11,Nagpur,JSW Energy Ltd.,478,8.9,4254.2
21,23.0,0.0,9.0,1.0,0,11,Nagpur,Ratnagiri Gas and Power Pvt. Ltd. (RGPPL),427,8.9,3800.3
8,20.0,2.0,19.0,1.0,0,11,Nagpur,Toshiba Transmission & Distribution Systems (India) Pvt. Ltd.,427,8.9,3800.3
12,23.0,2.0,12.0,1.0,0,11,Nagpur,NHPC,427,8.9,3800.3
5,21.0,0.0,19.0,1.0,0,11,Nagpur,Adani Power Ltd.,387,8.9,3444.3
9,18.0,3.0,14.0,7.0,0,11,Nagpur,NTPC Pvt. Ltd.,604,8.9,5375.6
7,17.0,0.0,17.0,7.0,0,11,Nagpur,GE T&D India Limited,391,8.9,3479.9
10,19.0,1.0,7.0,1.0,0,11,Nagpur,Unitech Power Transmission Ltd.,297,8.9,2643.3
8,19.0,1.0,14.0,1.0,0,11,Nagpur,Torrent Power Ltd.,298,8.9,2652.2000000000000
10,23.0,3.0,20.0,1.0,0,11,Nagpur,Guj Ind Power,569,8.9,5064.1
18,22.0,2.0,10.0,1.0,0,11,Nagpur,Ratnagiri Gas and Power Pvt. Ltd. (RGPPL),378,8.9,3364.2000000000000
21,23.0,2.0,22.0,1.0,0,11,Nagpur,Torrent Power Ltd.,619,8.9,5509.1
21,22.0,2.0,4.0,12.0,0,11,Nagpur,Reliance Power,682,8.9,6069.8
7,20.0,0.0,20.0,1.0,0,11,Nagpur,NLC India,356,8.9,3168.4
15,23.0,1.0,5.0,1.0,0,11,Nagpur,Jaiprakash Power,403,8.9,3586.7000000000000
5,17.0,0.0,22.0,1.0,0,11,Nagpur,Kalpataru Power,283,8.9,2518.7000000000000
18,23.0,2.0,11.0,12.0,0,11,Nagpur,Tata Power Company Ltd.,675,8.9,6007.5
9,22.0,0.0,6.0,1.0,0,11,Nagpur,Indowind Energy,408,8.9,3631.2000000000000
5,21.0,3.0,11.0,1.0,0,11,Nagpur,Sterlite Power Transmission Ltd,408,8.9,3631.2000000000000
15,22.0,1.0,21.0,12.0,0,11,Nagpur,L&T Transmission & Distribution,723,8.9,6434.7
5,23.0,2.0,7.0,7.0,0,11,Nagpur,Unitech Power Transmission Ltd.,568,8.9,5055.2
7,23.0,1.0,22.0,1.0,0,11,Nagpur,Tata Power Company Ltd.,663,8.9,5900.7
18,23.0,3.0,12.0,12.0,0,11,Nagpur,Jyoti Structure,701,8.9,6238.900000000000
6,22.0,0.0,11.0,1.0,0,11,Nagpur,Tata Power Company Ltd.,382,8.9,3399.8
7,20.0,1.0,6.0,1.0,0,11,Nagpur,CESC,382,8.9,3399.8
21,23.0,0.0,20.0,12.0,0,11,Nagpur,KEC International,580,8.9,5162.0
23,23.0,0.0,3.0,1.0,0,11,Nagpur,SJVN Ltd.,447,8.9,3978.3
6,22.0,0.0,8.0,1.0,0,11,Nagpur,Kalpataru Power,482,8.9,4289.8
20,22.0,1.0,3.0,12.0,0,11,Nagpur,CESC,658,8.9,5856.2
5,22.0,2.0,5.0,1.0,0,11,Nagpur,Guj Ind Power,353,8.9,3141.7000000000000
7,19.0,1.0,12.0,1.0,0,11,Nagpur,Optibelt Power Transmission India Private Limited,353,8.9,3141.7000000000000
22,22.0,2.0,5.0,1.0,0,11,Nagpur,Tata Power Company Ltd.,548,8.9,4877.2
12,23.0,0.0,20.0,1.0,0,11,Nagpur,Sterlite Power Transmission Ltd,548,8.9,4877.2
7,23.0,3.0,22.0,1.0,0,11,Nagpur,CESC,709,8.9,6310.1
6,21.0,0.0,13.0,7.0,0,11,Nagpur,Bonfiglioli Transmission Pvt. Ltd.,340,8.9,3026.0
5,22.0,0.0,4.0,1.0,0,11,Nagpur,Toshiba Transmission & Distribution Systems (India) Pvt. Ltd.,222,8.9,1975.8000000000000
18,23.0,1.0,9.0,1.0,0,11,Nagpur,GE T&D India Limited,615,8.9,5473.5
10,20.0,3.0,17.0,1.0,0,11,Nagpur,Orient Green,524,8.9,4663.6
12,23.0,0.0,17.0,1.0,0,11,Nagpur,"Maha Transco – Maharashtra State Electricity Transmission Co, Ltd.",366,8.9,3257.4
11,22.0,3.0,11.0,1.0,0,11,Nagpur,Power Grid Corp,621,8.9,5526.900000000000
15,23.0,2.0,17.0,1.0,0,11,Nagpur,Indowind Energy,621,8.9,5526.900000000000
21,23.0,2.0,12.0,12.0,0,11,Nagpur,"Maha Transco – Maharashtra State Electricity Transmission Co, Ltd.",621,8.9,5526.900000000000
19,22.0,2.0,8.0,1.0,0,11,Nagpur,Unitech Power Transmission Ltd.,397,8.9,3533.3
14,23.0,2.0,21.0,1.0,0,11,Nagpur,NHPC,667,8.9,5936.3
15,22.0,3.0,22.0,1.0,0,11,Nagpur,Tata Power Company Ltd.,726,8.9,6461.400000000000
20,23.0,2.0,12.0,12.0,0,11,Nagpur,GE T&D India Limited,734,8.9,6532.6
20,23.0,0.0,15.0,1.0,0,11,Nagpur,Ringfeder Power Transmission India Pvt. Ltd.,661,8.9,5882.900000000000
18,23.0,0.0,9.0,1.0,0,11,Nagpur,Unitech Power Transmission Ltd.,517,8.9,4601.3
20,23.0,2.0,18.0,1.0,0,11,Nagpur,L&T Transmission & Distribution,544,8.9,4841.6
18,23.0,3.0,15.0,1.0,0,11,Nagpur,Kalpataru Power,681,8.9,6060.900000000000
5,17.0,1.0,5.0,1.0,0,11,Nagpur,NLC India,280,8.9,2492.0
8,21.0,3.0,13.0,1.0,0,11,Nagpur,SJVN Ltd.,543,8.9,4832.7
6,23.0,3.0,13.0,1.0,0,11,Nagpur,Sterlite Power Transmission Ltd,543,8.9,4832.7
12,23.0,2.0,4.0,1.0,0,11,Nagpur,CESC,381,8.9,3390.9
22,22.0,3.0,17.0,1.0,0,11,Nagpur,Neueon Towers / Sujana Towers Ltd.,744,8.9,6621.6
18,22.0,1.0,21.0,12.0,0,11,Nagpur,"Maha Transco – Maharashtra State Electricity Transmission Co, Ltd.",757,8.9,6737.3
20,23.0,3.0,19.0,1.0,0,11,Nagpur,Ringfeder Power Transmission India Pvt. Ltd.,705,8.9,6274.5
8,18.0,1.0,4.0,1.0,0,11,Nagpur,GE T&D India Limited,254,8.9,2260.6
18,23.0,2.0,22.0,12.0,0,11,Nagpur,KEC International,820,8.9,7298.0
23,22.0,3.0,22.0,12.0,0,11,Nagpur,Sunil Hitech Eng,764,8.9,6799.6
12,23.0,1.0,10.0,1.0,0,11,Nagpur,Adani Power Ltd.,379,8.9,3373.1
13,22.0,0.0,12.0,12.0,0,11,Mumbai,NHPC,528,9.2,4857.600000000000
8,19.0,0.0,18.0,1.0,0,11,Mumbai,Unitech Power Transmission Ltd.,418,9.2,3845.6
21,23.0,0.0,15.0,1.0,0,11,Mumbai,Jaiprakash Power,484,9.2,4452.800000000000
14,22.0,0.0,12.0,1.0,0,11,Mumbai,Neueon Towers / Sujana Towers Ltd.,330,9.2,3036.0000000000000
21,23.0,1.0,9.0,1.0,0,11,Mumbai,Indowind Energy,594,9.2,5464.800000000000
23,23.0,3.0,21.0,1.0,0,11,Mumbai,KEC International,704,9.2,6476.800000000000
9,19.0,0.0,13.0,1.0,0,11,Mumbai,NLC India,266,9.2,2447.2
20,23.0,3.0,8.0,1.0,0,11,Mumbai,Power Grid Corp,532,9.2,4894.4
22,22.0,1.0,14.0,12.0,0,11,Mumbai,Reliance Energy,567,9.2,5216.4
22,23.0,0.0,16.0,12.0,0,11,Mumbai,SJVN Ltd.,777,9.2,7148.4
20,22.0,0.0,15.0,1.0,0,11,Mumbai,NHPC,441,9.2,4057.2
7,23.0,0.0,19.0,1.0,0,11,Mumbai,Jyoti Structure,441,9.2,4057.2
10,21.0,0.0,11.0,1.0,0,11,Mumbai,SJVN Ltd.,441,9.2,4057.2
9,20.0,0.0,13.0,1.0,0,11,Mumbai,Kalpataru Power,441,9.2,4057.2
16,22.0,2.0,13.0,1.0,0,11,Mumbai,Neueon Towers / Sujana Towers Ltd.,441,9.2,4057.2
17,22.0,1.0,13.0,1.0,0,11,Mumbai,SJVN Ltd.,378,9.2,3477.6
5,21.0,1.0,22.0,1.0,0,11,Mumbai,Neueon Towers / Sujana Towers Ltd.,483,9.2,4443.600000000000
22,22.0,2.0,10.0,1.0,0,11,Mumbai,"Maha Transco – Maharashtra State Electricity Transmission Co, Ltd.",588,9.2,5409.600000000000
20,22.0,2.0,15.0,1.0,0,11,Mumbai,Toshiba Transmission & Distribution Systems (India) Pvt. Ltd.,630,9.2,5796.0
19,22.0,0.0,12.0,1.0,0,11,Mumbai,TransRail Lighting,435,9.2,4002.0000000000000
8,21.0,0.0,18.0,1.0,0,11,Mumbai,Optibelt Power Transmission India Private Limited,435,9.2,4002.0000000000000
6,18.0,3.0,21.0,1.0,0,11,Mumbai,NLC India,437,9.2,4020.4000000000000
5,18.0,3.0,11.0,1.0,0,11,Mumbai,Kalpataru Power,442,9.2,4066.4000000000000
11,23.0,2.0,22.0,1.0,0,11,Mumbai,Ratnagiri Gas and Power Pvt. Ltd. (RGPPL),689,9.2,6338.800000000000
8,22.0,0.0,16.0,1.0,0,11,Mumbai,Kalpataru Power,415,9.2,3818.0000000000000
19,23.0,0.0,17.0,1.0,0,11,Mumbai,Power Grid Corp,415,9.2,3818.0000000000000
23,22.0,1.0,7.0,1.0,0,11,Mumbai,Reliance Energy,427,9.2,3928.4000000000000
20,23.0,0.0,15.0,12.0,0,11,Mumbai,Bonfiglioli Transmission Pvt. Ltd.,749,9.2,6890.800000000000
6,18.0,2.0,19.0,1.0,0,11,Mumbai,Ratnagiri Gas and Power Pvt. Ltd. (RGPPL),583,9.2,5363.600000000000
16,23.0,2.0,21.0,1.0,0,11,Mumbai,Kalpataru Power,583,9.2,5363.600000000000
22,22.0,2.0,14.0,1.0,0,11,Mumbai,Reliance Power,583,9.2,5363.600000000000
14,23.0,3.0,19.0,1.0,0,11,Mumbai,L&T Transmission & Distribution,583,9.2,5363.600000000000
20,23.0,1.0,8.0,12.0,0,11,Mumbai,Sunil Hitech Eng,610,9.2,5612.0
14,22.0,2.0,15.0,12.0,0,11,Mumbai,Jaiprakash Power,610,9.2,5612.0
5,22.0,3.0,15.0,7.0,0,11,Mumbai,TransRail Lighting,603,9.2,5547.600000000000
20,22.0,3.0,4.0,1.0,0,11,Mumbai,Ratnagiri Gas and Power Pvt. Ltd. (RGPPL),575,9.2,5290.0
17,23.0,1.0,22.0,1.0,0,11,Mumbai,Indowind Energy,575,9.2,5290.0
12,22.0,2.0,6.0,1.0,0,11,Mumbai,JSW Energy Ltd.,575,9.2,5290.0
22,23.0,3.0,7.0,1.0,0,11,Mumbai,Neueon Towers / Sujana Towers Ltd.,515,9.2,4738.0
12,22.0,0.0,17.0,1.0,0,11,Mumbai,Torrent Power Ltd.,444,9.2,4084.8000000000000
20,23.0,2.0,10.0,1.0,0,11,Mumbai,KEC International,650,9.2,5980.000000000000
15,23.0,1.0,18.0,12.0,0,11,Mumbai,Toshiba Transmission & Distribution Systems (India) Pvt. Ltd.,601,9.2,5529.2
10,19.0,0.0,22.0,1.0,0,11,Mumbai,GE T&D India Limited,601,9.2,5529.2
15,22.0,2.0,10.0,1.0,0,11,Mumbai,Jyoti Structure,558,9.2,5133.600000000000
18,23.0,1.0,13.0,1.0,0,11,Mumbai,Torrent Power Ltd.,520,9.2,4784.0
15,22.0,3.0,11.0,12.0,0,11,Mumbai,"Maha Transco – Maharashtra State Electricity Transmission Co, Ltd.",520,9.2,4784.0
5,22.0,1.0,15.0,1.0,0,11,Mumbai,NTPC Pvt. Ltd.,520,9.2,4784.0
21,23.0,0.0,21.0,1.0,0,11,Mumbai,Power Grid Corp,607,9.2,5584.4
12,23.0,0.0,12.0,1.0,0,11,Mumbai,SJVN Ltd.,431,9.2,3965.2
12,22.0,0.0,13.0,1.0,0,11,Mumbai,GE T&D India Limited,495,9.2,4554.0
18,22.0,0.0,16.0,1.0,0,11,Mumbai,Jaiprakash Power,394,9.2,3624.8000000000000
21,23.0,1.0,5.0,1.0,0,11,Mumbai,NTPC Pvt. Ltd.,338,9.2,3109.6
12,23.0,1.0,8.0,12.0,0,11,Mumbai,Indowind Energy,413,9.2,3799.6
11,23.0,2.0,18.0,1.0,0,11,Mumbai,"Maha Transco – Maharashtra State Electricity Transmission Co, Ltd.",428,9.2,3937.6
11,23.0,3.0,4.0,1.0,0,11,Mumbai,Jaiprakash Power,443,9.2,4075.6
11,22.0,3.0,18.0,1.0,0,11,Mumbai,Ratnagiri Gas and Power Pvt. Ltd. (RGPPL),443,9.2,4075.6
10,18.0,2.0,17.0,1.0,0,11,Mumbai,"Maha Transco – Maharashtra State Electricity Transmission Co, Ltd.",456,9.2,4195.2
18,23.0,3.0,19.0,1.0,0,11,Mumbai,Jaiprakash Power,726,9.2,6679.2
11,23.0,3.0,10.0,1.0,0,11,Mumbai,Adani Power Ltd.,509,9.2,4682.800000000000
7,17.0,0.0,18.0,1.0,0,11,Mumbai,NLC India,509,9.2,4682.800000000000
10,23.0,2.0,8.0,1.0,0,11,Mumbai,Reliance Power,384,9.2,3532.8000000000000
17,23.0,2.0,5.0,1.0,0,11,Mumbai,Sunil Hitech Eng,451,9.2,4149.2
14,23.0,0.0,16.0,12.0,0,11,Mumbai,Neueon Towers / Sujana Towers Ltd.,523,9.2,4811.600000000000
13,22.0,3.0,16.0,1.0,0,11,Mumbai,Sterlite Power Transmission Ltd,523,9.2,4811.600000000000
8,17.0,2.0,5.0,7.0,0,11,Mumbai,Power Grid Corp,458,9.2,4213.600000000000
21,22.0,0.0,22.0,1.0,0,11,Mumbai,Optibelt Power Transmission India Private Limited,600,9.2,5520.0
13,22.0,1.0,11.0,12.0,0,11,Mumbai,GE T&D India Limited,598,9.2,5501.600000000000
8,17.0,3.0,14.0,1.0,0,11,Mumbai,GE T&D India Limited,544,9.2,5004.800000000000
22,23.0,2.0,8.0,1.0,0,11,Mumbai,KEC International,666,9.2,6127.2
23,22.0,2.0,10.0,12.0,0,11,Mumbai,Guj Ind Power,744,9.2,6844.800000000000
22,22.0,2.0,9.0,1.0,0,11,Mumbai,Jaiprakash Power,524,9.2,4820.800000000000
5,20.0,3.0,13.0,1.0,0,11,Mumbai,Unitech Power Transmission Ltd.,426,9.2,3919.2
6,17.0,1.0,4.0,7.0,0,11,Mumbai,Optibelt Power Transmission India Private Limited,263,9.2,2419.6
21,23.0,1.0,16.0,1.0,0,11,Mumbai,Toshiba Transmission & Distribution Systems (India) Pvt. Ltd.,519,9.2,4774.800000000000
22,22.0,1.0,3.0,1.0,0,11,Mumbai,Torrent Power Ltd.,519,9.2,4774.800000000000
10,19.0,2.0,3.0,7.0,0,11,Mumbai,Bonfiglioli Transmission Pvt. Ltd.,326,9.2,2999.2
19,22.0,2.0,7.0,12.0,0,11,Mumbai,KEC International,555,9.2,5106.0
6,21.0,0.0,21.0,1.0,0,11,Mumbai,SJVN Ltd.,555,9.2,5106.0
22,23.0,1.0,7.0,1.0,0,11,Mumbai,TransRail Lighting,529,9.2,4866.800000000000
9,19.0,2.0,6.0,1.0,0,11,Mumbai,KEC International,318,9.2,2925.6
17,23.0,3.0,12.0,1.0,0,11,Mumbai,Tata Power Company Ltd.,597,9.2,5492.4
19,23.0,0.0,12.0,1.0,0,11,Mumbai,L&T Transmission & Distribution,542,9.2,4986.4
19,23.0,1.0,18.0,12.0,0,11,Mumbai,NTPC Pvt. Ltd.,656,9.2,6035.2
22,22.0,3.0,8.0,1.0,0,11,Mumbai,Indowind Energy,620,9.2,5704.0
21,23.0,2.0,3.0,1.0,0,11,Mumbai,Orient Green,620,9.2,5704.0
20,22.0,2.0,20.0,1.0,0,11,Mumbai,Torrent Power Ltd.,620,9.2,5704.0
13,23.0,3.0,13.0,12.0,0,11,Mumbai,CESC,620,9.2,5704.0
21,23.0,3.0,9.0,1.0,0,11,Mumbai,SJVN Ltd.,561,9.2,5161.2
12,23.0,2.0,21.0,1.0,0,11,Mumbai,Optibelt Power Transmission India Private Limited,578,9.2,5317.600000000000
22,22.0,2.0,4.0,1.0,0,11,Mumbai,Jyoti Structure,602,9.2,5538.4
18,22.0,3.0,12.0,1.0,0,11,Mumbai,Tata Power Company Ltd.,602,9.2,5538.4
23,23.0,0.0,8.0,12.0,0,11,Mumbai,Reliance Power,482,9.2,4434.4
23,22.0,1.0,21.0,1.0,0,11,Mumbai,SJVN Ltd.,482,9.2,4434.4
20,23.0,3.0,5.0,1.0,0,11,Mumbai,Orient Green,482,9.2,4434.4
19,22.0,0.0,19.0,1.0,0,11,Mumbai,Sunil Hitech Eng,482,9.2,4434.4
7,19.0,1.0,13.0,1.0,0,11,Mumbai,NLC India,479,9.2,4406.800000000000
13,22.0,0.0,18.0,1.0,0,11,Mumbai,Indowind Energy,538,9.2,4949.600000000000
10,23.0,3.0,19.0,1.0,0,11,Mumbai,Optibelt Power Transmission India Private Limited,538,9.2,4949.600000000000
17,23.0,1.0,9.0,1.0,0,11,Mumbai,Sterlite Power Transmission Ltd,538,9.2,4949.600000000000
10,20.0,2.0,22.0,1.0,0,11,Mumbai,GE T&D India Limited,648,9.2,5961.600000000000
19,23.0,1.0,13.0,1.0,0,11,Mumbai,Optibelt Power Transmission India Private Limited,616,9.2,5667.2
16,23.0,1.0,12.0,12.0,0,11,Mumbai,Torrent Power Ltd.,564,9.2,5188.800000000000
8,18.0,2.0,17.0,1.0,0,11,Mumbai,Power Grid Corp,493,9.2,4535.600000000000
14,22.0,1.0,16.0,1.0,0,11,Mumbai,Jaiprakash Power,493,9.2,4535.600000000000
21,22.0,0.0,18.0,1.0,0,11,Mumbai,NLC India,645,9.2,5934.000000000000
20,22.0,2.0,18.0,12.0,0,11,Mumbai,Optibelt Power Transmission India Private Limited,645,9.2,5934.000000000000
9,19.0,3.0,19.0,1.0,0,11,Mumbai,JSW Energy Ltd.,407,9.2,3744.4000000000000
11,22.0,0.0,7.0,12.0,0,11,Mumbai,NLC India,407,9.2,3744.4000000000000
14,23.0,3.0,14.0,1.0,0,11,Mumbai,Sterlite Power Transmission Ltd,692,9.2,6366.4
16,22.0,2.0,18.0,1.0,0,11,Mumbai,Unitech Power Transmission Ltd.,635,9.2,5842.0
11,22.0,2.0,17.0,12.0,0,11,Mumbai,NHPC,635,9.2,5842.0
8,19.0,1.0,6.0,1.0,0,11,Mumbai,Ratnagiri Gas and Power Pvt. Ltd. (RGPPL),246,9.2,2263.2
20,23.0,3.0,18.0,1.0,0,11,Mumbai,JSW Energy Ltd.,591,9.2,5437.2
17,22.0,0.0,4.0,1.0,0,11,Mumbai,Ringfeder Power Transmission India Pvt. Ltd.,267,9.2,2456.4000000000000
5,17.0,0.0,18.0,1.0,0,11,Mumbai,Neueon Towers / Sujana Towers Ltd.,425,9.2,3910.0000000000000
8,22.0,0.0,18.0,1.0,0,11,Mumbai,"Maha Transco – Maharashtra State Electricity Transmission Co, Ltd.",510,9.2,4692.0
21,22.0,1.0,22.0,1.0,0,11,Mumbai,Power Grid Corp,595,9.2,5474.0
9,19.0,0.0,7.0,7.0,0,11,Mumbai,Jyoti Structure,455,9.2,4186.0
8,18.0,0.0,15.0,1.0,0,11,Mumbai,Sunil Hitech Eng,273,9.2,2511.6
6,22.0,3.0,19.0,1.0,0,11,Mumbai,Jaiprakash Power,440,9.2,4048.0000000000000
13,23.0,0.0,21.0,1.0,0,11,Mumbai,Sterlite Power Transmission Ltd,486,9.2,4471.2
17,22.0,0.0,10.0,1.0,0,11,Mumbai,Guj Ind Power,522,9.2,4802.4
7,21.0,2.0,5.0,1.0,0,11,Mumbai,Jaiprakash Power,348,9.2,3201.6
7,22.0,1.0,16.0,1.0,0,11,Mumbai,L&T Transmission & Distribution,457,9.2,4204.4
8,22.0,2.0,18.0,1.0,0,11,Mumbai,Torrent Power Ltd.,392,9.2,3606.4000000000000
12,23.0,3.0,13.0,1.0,0,11,Mumbai,KEC International,516,9.2,4747.2
7,19.0,2.0,14.0,7.0,0,11,Mumbai,Optibelt Power Transmission India Private Limited,421,9.2,3873.2
5,17.0,2.0,10.0,1.0,0,11,Mumbai,Guj Ind Power,237,9.2,2180.4000000000000
20,23.0,1.0,18.0,1.0,0,11,Mumbai,Optibelt Power Transmission India Private Limited,460,9.2,4232.0
17,22.0,0.0,4.0,1.0,0,11,Mumbai,SJVN Ltd.,460,9.2,4232.0
10,21.0,1.0,18.0,1.0,0,11,Mumbai,Jaiprakash Power,460,9.2,4232.0
16,22.0,3.0,10.0,1.0,0,11,Mumbai,Bonfiglioli Transmission Pvt. Ltd.,391,9.2,3597.2
5,20.0,2.0,8.0,1.0,0,11,Mumbai,NHPC,259,9.2,2382.8000000000000
19,22.0,0.0,15.0,1.0,0,11,Mumbai,Indowind Energy,533,9.2,4903.600000000000
7,23.0,1.0,4.0,7.0,0,11,Mumbai,Unitech Power Transmission Ltd.,568,9.2,5225.600000000000
8,20.0,1.0,3.0,1.0,0,11,Mumbai,Ringfeder Power Transmission India Pvt. Ltd.,434,9.2,3992.8000000000000
15,22.0,3.0,9.0,1.0,0,11,Mumbai,TransRail Lighting,376,9.2,3459.2
8,17.0,1.0,21.0,1.0,0,11,Mumbai,JSW Energy Ltd.,376,9.2,3459.2
13,23.0,2.0,9.0,1.0,0,11,Mumbai,Sterlite Power Transmission Ltd,366,9.2,3367.2
11,23.0,0.0,15.0,12.0,0,11,Mumbai,Optibelt Power Transmission India Private Limited,514,9.2,4728.800000000000
7,22.0,2.0,18.0,1.0,0,11,Mumbai,Adani Power Ltd.,383,9.2,3523.6
12,23.0,1.0,5.0,1.0,0,11,Mumbai,Power Grid Corp,468,9.2,4305.600000000000
18,22.0,1.0,19.0,1.0,0,11,Mumbai,TransRail Lighting,476,9.2,4379.2
6,18.0,1.0,18.0,1.0,0,11,Mumbai,Jaiprakash Power,476,9.2,4379.2
10,17.0,1.0,18.0,1.0,0,11,Mumbai,Power Grid Corp,400,9.2,3680.0000000000000
19,22.0,2.0,22.0,1.0,0,11,Mumbai,Toshiba Transmission & Distribution Systems (India) Pvt. Ltd.,685,9.2,6302.000000000000
11,22.0,1.0,14.0,1.0,0,11,Mumbai,TransRail Lighting,359,9.2,3302.8000000000000
6,18.0,3.0,21.0,1.0,0,11,Mumbai,Orient Green,406,9.2,3735.2
8,18.0,2.0,5.0,1.0,0,11,Mumbai,KEC International,368,9.2,3385.6
9,17.0,3.0,14.0,1.0,0,11,Mumbai,Optibelt Power Transmission India Private Limited,569,9.2,5234.800000000000
12,22.0,2.0,11.0,1.0,0,11,Mumbai,Reliance Power,508,9.2,4673.600000000000
21,22.0,3.0,17.0,12.0,0,11,Mumbai,L&T Transmission & Distribution,587,9.2,5400.4
20,22.0,2.0,14.0,1.0,0,11,Mumbai,Tata Power Company Ltd.,449,9.2,4130.800000000000
23,23.0,3.0,9.0,1.0,0,11,Mumbai,JSW Energy Ltd.,449,9.2,4130.800000000000
9,20.0,3.0,16.0,1.0,0,11,Mumbai,Ratnagiri Gas and Power Pvt. Ltd. (RGPPL),477,9.2,4388.4
6,23.0,0.0,12.0,1.0,0,11,Mumbai,Power Grid Corp,477,9.2,4388.4
6,19.0,0.0,16.0,1.0,0,11,Mumbai,Power Grid Corp,477,9.2,4388.4
15,23.0,3.0,3.0,1.0,0,11,Mumbai,Neueon Towers / Sujana Towers Ltd.,477,9.2,4388.4
6,18.0,3.0,5.0,7.0,0,11,Mumbai,CESC,477,9.2,4388.4
23,22.0,0.0,6.0,1.0,0,11,Mumbai,Ratnagiri Gas and Power Pvt. Ltd. (RGPPL),580,9.2,5336.0
13,22.0,1.0,20.0,1.0,0,11,Mumbai,Reliance Energy,580,9.2,5336.0
11,23.0,1.0,15.0,1.0,0,11,Mumbai,TransRail Lighting,585,9.2,5382.0
14,22.0,0.0,14.0,1.0,0,11,Mumbai,Indowind Energy,585,9.2,5382.0
7,21.0,3.0,18.0,1.0,0,11,Mumbai,Reliance Power,489,9.2,4498.800000000000
9,18.0,1.0,21.0,1.0,0,11,Mumbai,Ratnagiri Gas and Power Pvt. Ltd. (RGPPL),403,9.2,3707.6
22,22.0,2.0,17.0,1.0,0,11,Mumbai,Jyoti Structure,497,9.2,4572.4
12,22.0,1.0,9.0,1.0,0,11,Mumbai,Sunil Hitech Eng,552,9.2,5078.4
12,22.0,0.0,12.0,1.0,0,11,Mumbai,Torrent Power Ltd.,562,9.2,5170.4
12,22.0,1.0,8.0,1.0,0,11,Mumbai,Toshiba Transmission & Distribution Systems (India) Pvt. Ltd.,562,9.2,5170.4
20,23.0,1.0,9.0,1.0,0,11,Mumbai,Unitech Power Transmission Ltd.,613,9.2,5639.600000000000
23,22.0,1.0,21.0,1.0,0,11,Mumbai,JSW Energy Ltd.,665,9.2,6118.000000000000
14,22.0,3.0,10.0,1.0,0,11,Mumbai,KEC International,617,9.2,5676.4
19,23.0,1.0,15.0,1.0,0,11,Mumbai,NTPC Pvt. Ltd.,617,9.2,5676.4
15,23.0,3.0,14.0,1.0,0,11,Mumbai,Bonfiglioli Transmission Pvt. Ltd.,617,9.2,5676.4
18,23.0,0.0,21.0,1.0,0,11,Mumbai,Kalpataru Power,694,9.2,6384.800000000000
20,22.0,1.0,11.0,1.0,0,11,Mumbai,Ratnagiri Gas and Power Pvt. Ltd. (RGPPL),386,9.2,3551.2
14,22.0,1.0,7.0,1.0,0,11,Mumbai,Adani Power Ltd.,429,9.2,3946.8000000000000
19,23.0,1.0,4.0,1.0,0,11,Mumbai,JSW Energy Ltd.,396,9.2,3643.2
5,22.0,1.0,8.0,1.0,0,11,Mumbai,Ringfeder Power Transmission India Pvt. Ltd.,374,9.2,3440.8000000000000
22,22.0,0.0,3.0,1.0,0,11,Mumbai,Indowind Energy,475,9.2,4370.0
9,18.0,3.0,13.0,1.0,0,11,Mumbai,GE T&D India Limited,475,9.2,4370.0
18,22.0,2.0,17.0,1.0,0,11,Mumbai,Jyoti Structure,525,9.2,4830.0
14,22.0,1.0,10.0,1.0,0,11,Mumbai,NHPC,353,9.2,3247.6
14,23.0,0.0,3.0,1.0,0,11,Mumbai,NHPC,393,9.2,3615.6
10,21.0,0.0,5.0,7.0,0,11,Mumbai,Ratnagiri Gas and Power Pvt. Ltd. (RGPPL),417,9.2,3836.4000000000000
10,23.0,0.0,14.0,1.0,0,11,Mumbai,Adani Power Ltd.,417,9.2,3836.4000000000000
15,22.0,3.0,4.0,12.0,0,11,Mumbai,KEC International,593,9.2,5455.600000000000
5,20.0,1.0,12.0,1.0,0,11,Mumbai,Guj Ind Power,463,9.2,4259.600000000000
23,23.0,3.0,18.0,1.0,0,11,Mumbai,Bonfiglioli Transmission Pvt. Ltd.,781,9.2,7185.2
10,18.0,2.0,22.0,1.0,0,11,Mumbai,KEC International,576,9.2,5299.2
14,23.0,1.0,14.0,12.0,0,11,Mumbai,Jyoti Structure,599,9.2,5510.800000000000
19,23.0,3.0,13.0,1.0,0,11,Mumbai,Reliance Power,599,9.2,5510.800000000000
23,23.0,1.0,4.0,12.0,0,11,Mumbai,NTPC Pvt. Ltd.,639,9.2,5878.800000000000
20,22.0,3.0,21.0,12.0,0,11,Mumbai,Kalpataru Power,639,9.2,5878.800000000000
20,22.0,2.0,15.0,1.0,0,11,Mumbai,NLC India,639,9.2,5878.800000000000
23,23.0,3.0,18.0,1.0,0,11,Mumbai,Reliance Energy,639,9.2,5878.800000000000
23,22.0,3.0,15.0,1.0,0,11,Mumbai,Indowind Energy,487,9.2,4480.4
14,23.0,1.0,3.0,12.0,0,11,Mumbai,Bonfiglioli Transmission Pvt. Ltd.,586,9.2,5391.2
9,22.0,2.0,17.0,7.0,0,11,Mumbai,Sterlite Power Transmission Ltd,586,9.2,5391.2
20,22.0,2.0,20.0,1.0,0,11,Mumbai,TransRail Lighting,698,9.2,6421.600000000000
5,19.0,1.0,21.0,1.0,0,11,Mumbai,Reliance Power,379,9.2,3486.8000000000000
15,22.0,0.0,11.0,1.0,0,11,Mumbai,Jyoti Structure,351,9.2,3229.2
19,23.0,2.0,22.0,1.0,0,11,Mumbai,NLC India,606,9.2,5575.2
15,22.0,2.0,11.0,1.0,0,11,Mumbai,Reliance Energy,606,9.2,5575.2
15,23.0,0.0,4.0,1.0,0,11,Mumbai,Orient Green,302,9.2,2778.4000000000000
14,23.0,0.0,16.0,12.0,0,11,Mumbai,Sunil Hitech Eng,675,9.2,6210.000000000000
22,23.0,0.0,7.0,1.0,0,11,Mumbai,TransRail Lighting,543,9.2,4995.600000000000
11,23.0,0.0,8.0,1.0,0,11,Mumbai,Unitech Power Transmission Ltd.,543,9.2,4995.600000000000
11,22.0,1.0,16.0,12.0,0,11,Mumbai,Guj Ind Power,543,9.2,4995.600000000000
5,20.0,3.0,15.0,1.0,0,11,Mumbai,NTPC Pvt. Ltd.,369,9.2,3394.8000000000000
9,18.0,3.0,3.0,1.0,0,11,Mumbai,Sunil Hitech Eng,309,9.2,2842.8000000000000
7,22.0,0.0,5.0,1.0,0,11,Mumbai,Kalpataru Power,430,9.2,3956.0000000000000
23,23.0,2.0,5.0,1.0,0,11,Mumbai,CESC,611,9.2,5621.2
8,18.0,0.0,21.0,1.0,0,11,Mumbai,Bonfiglioli Transmission Pvt. Ltd.,328,9.2,3017.6
20,22.0,2.0,22.0,12.0,0,11,Mumbai,Ratnagiri Gas and Power Pvt. Ltd. (RGPPL),622,9.2,5722.4
15,22.0,0.0,8.0,1.0,0,11,Mumbai,GE T&D India Limited,322,9.2,2962.4000000000000
17,22.0,3.0,12.0,1.0,0,11,Mumbai,JSW Energy Ltd.,550,9.2,5060.0
20,23.0,2.0,10.0,12.0,0,11,Mumbai,Optibelt Power Transmission India Private Limited,723,9.2,6651.600000000000
13,22.0,0.0,20.0,1.0,0,11,Mumbai,Power Grid Corp,398,9.2,3661.6
19,23.0,0.0,21.0,1.0,0,11,Mumbai,Reliance Energy,626,9.2,5759.2
20,23.0,1.0,4.0,1.0,0,11,Mumbai,NHPC,317,9.2,2916.4000000000000
16,22.0,1.0,11.0,12.0,0,11,Mumbai,NHPC,699,9.2,6430.800000000000
19,23.0,3.0,21.0,1.0,0,11,Mumbai,Guj Ind Power,563,9.2,5179.600000000000
23,23.0,0.0,18.0,1.0,0,11,Mumbai,Sterlite Power Transmission Ltd,563,9.2,5179.600000000000
14,22.0,1.0,16.0,1.0,0,11,Mumbai,KEC International,649,9.2,5970.800000000000
5,18.0,1.0,11.0,1.0,0,11,Mumbai,Ratnagiri Gas and Power Pvt. Ltd. (RGPPL),466,9.2,4287.2
11,22.0,3.0,5.0,1.0,0,11,Mumbai,SJVN Ltd.,335,9.2,3082.0000000000000
22,23.0,1.0,9.0,12.0,0,11,Mumbai,GE T&D India Limited,731,9.2,6725.2
10,20.0,3.0,16.0,1.0,0,11,Mumbai,SJVN Ltd.,472,9.2,4342.4
5,23.0,0.0,4.0,7.0,0,11,Mumbai,Reliance Power,329,9.2,3026.8000000000000
7,20.0,0.0,15.0,1.0,0,11,Mumbai,Torrent Power Ltd.,282,9.2,2594.4000000000000
9,23.0,0.0,9.0,1.0,0,11,Mumbai,CESC,275,9.2,2530.0
20,23.0,3.0,21.0,1.0,0,11,Mumbai,NLC India,754,9.2,6936.800000000000
16,22.0,3.0,20.0,1.0,0,11,Mumbai,Jyoti Structure,736,9.2,6771.2
10,18.0,0.0,5.0,1.0,0,11,Mumbai,Toshiba Transmission & Distribution Systems (India) Pvt. Ltd.,199,9.2,1830.8
16,22.0,2.0,11.0,1.0,0,11,Mumbai,Power Grid Corp,644,9.2,5924.800000000000
5,20.0,0.0,9.0,1.0,0,11,Mumbai,Sterlite Power Transmission Ltd,301,9.2,2769.2
20,22.0,1.0,14.0,12.0,0,11,Mumbai,Ringfeder Power Transmission India Pvt. Ltd.,745,9.2,6854.000000000000
18,22.0,0.0,16.0,12.0,0,11,Mumbai,Guj Ind Power,733,9.2,6743.600000000000
18,23.0,2.0,21.0,12.0,0,11,Mumbai,Ratnagiri Gas and Power Pvt. Ltd. (RGPPL),743,9.2,6835.600000000000
21,23.0,2.0,21.0,12.0,0,11,Mumbai,Toshiba Transmission & Distribution Systems (India) Pvt. Ltd.,743,9.2,6835.600000000000
16,23.0,2.0,3.0,1.0,0,11,Mumbai,Unitech Power Transmission Ltd.,314,9.2,2888.8000000000000
9,18.0,1.0,4.0,1.0,0,11,Mumbai,Ringfeder Power Transmission India Pvt. Ltd.,239,9.2,2198.8000000000000
18,22.0,0.0,3.0,1.0,0,11,Mumbai,Ratnagiri Gas and Power Pvt. Ltd. (RGPPL),289,9.2,2658.8000000000000
5,18.0,1.0,14.0,1.0,0,11,Mumbai,Jyoti Structure,289,9.2,2658.8000000000000
11,23.0,0.0,6.0,1.0,0,11,Mumbai,Jyoti Structure,252,9.2,2318.4000000000000
18,22.0,3.0,8.0,1.0,0,11,Mumbai,NHPC,438,9.2,4029.6
12,22.0,0.0,3.0,1.0,0,11,Mumbai,Guj Ind Power,268,9.2,2465.6
8,18.0,0.0,16.0,1.0,0,11,Mumbai,Kalpataru Power,291,9.2,2677.2
6,17.0,2.0,4.0,1.0,0,11,Mumbai,Kalpataru Power,298,9.2,2741.6
15,23.0,2.0,21.0,1.0,0,11,Mumbai,KEC International,715,9.2,6578.000000000000
7,18.0,1.0,8.0,1.0,0,11,Mumbai,Ringfeder Power Transmission India Pvt. Ltd.,251,9.2,2309.2
23,22.0,0.0,22.0,1.0,0,11,Mumbai,Tata Power Company Ltd.,708,9.2,6513.600000000000
23,22.0,3.0,21.0,1.0,0,11,Mumbai,Tata Power Company Ltd.,788,9.2,7249.600000000000
23,22.0,1.0,16.0,12.0,0,11,Mumbai,Ratnagiri Gas and Power Pvt. Ltd. (RGPPL),799,9.2,7350.800000000000
13,23.0,3.0,7.0,1.0,0,11,New Delhi,Adani Power Ltd.,440,8.5,3740.0
22,22.0,1.0,3.0,1.0,0,11,New Delhi,"Maha Transco – Maharashtra State Electricity Transmission Co, Ltd.",567,8.5,4819.5
7,22.0,0.0,16.0,1.0,0,11,New Delhi,JSW Energy Ltd.,435,8.5,3697.5
19,23.0,2.0,15.0,12.0,0,11,New Delhi,NLC India,736,8.5,6256.0
23,23.0,2.0,20.0,1.0,0,11,New Delhi,NHPC,736,8.5,6256.0
11,23.0,1.0,3.0,1.0,0,11,New Delhi,L&T Transmission & Distribution,372,8.5,3162.0
23,23.0,0.0,22.0,1.0,0,11,New Delhi,Bonfiglioli Transmission Pvt. Ltd.,651,8.5,5533.5
6,23.0,1.0,17.0,1.0,0,11,New Delhi,NTPC Pvt. Ltd.,386,8.5,3281.0
11,22.0,0.0,18.0,12.0,0,11,New Delhi,Reliance Power,453,8.5,3850.5
13,23.0,1.0,9.0,1.0,0,11,New Delhi,L&T Transmission & Distribution,453,8.5,3850.5
17,22.0,2.0,12.0,1.0,0,11,New Delhi,Kalpataru Power,561,8.5,4768.5
9,19.0,3.0,4.0,1.0,0,11,New Delhi,GE T&D India Limited,408,8.5,3468.0
8,23.0,1.0,9.0,1.0,0,11,New Delhi,Torrent Power Ltd.,541,8.5,4598.5
11,23.0,0.0,9.0,1.0,0,11,New Delhi,Optibelt Power Transmission India Private Limited,541,8.5,4598.5
17,23.0,1.0,17.0,1.0,0,11,New Delhi,Neueon Towers / Sujana Towers Ltd.,673,8.5,5720.5
23,23.0,1.0,14.0,1.0,0,11,New Delhi,Optibelt Power Transmission India Private Limited,545,8.5,4632.5
13,22.0,3.0,8.0,1.0,0,11,New Delhi,CESC,569,8.5,4836.5
5,21.0,2.0,22.0,7.0,0,11,New Delhi,Torrent Power Ltd.,569,8.5,4836.5
6,22.0,0.0,22.0,1.0,0,11,New Delhi,Tata Power Company Ltd.,432,8.5,3672.0
8,22.0,2.0,16.0,1.0,0,11,New Delhi,Guj Ind Power,587,8.5,4989.5
11,23.0,2.0,20.0,1.0,0,11,New Delhi,Optibelt Power Transmission India Private Limited,463,8.5,3935.5
21,22.0,1.0,9.0,1.0,0,11,New Delhi,JSW Energy Ltd.,452,8.5,3842.0
6,19.0,3.0,12.0,1.0,0,11,New Delhi,SJVN Ltd.,429,8.5,3646.5
9,19.0,2.0,3.0,1.0,0,11,New Delhi,CESC,476,8.5,4046.0
9,17.0,0.0,15.0,1.0,0,11,New Delhi,L&T Transmission & Distribution,476,8.5,4046.0
22,22.0,1.0,11.0,1.0,0,11,New Delhi,NTPC Pvt. Ltd.,476,8.5,4046.0
13,23.0,1.0,17.0,1.0,0,11,New Delhi,Ratnagiri Gas and Power Pvt. Ltd. (RGPPL),476,8.5,4046.0
8,20.0,3.0,19.0,7.0,0,11,New Delhi,GE T&D India Limited,476,8.5,4046.0
17,22.0,0.0,19.0,1.0,0,11,New Delhi,Orient Green,428,8.5,3638.0
7,20.0,2.0,7.0,1.0,0,11,New Delhi,Toshiba Transmission & Distribution Systems (India) Pvt. Ltd.,428,8.5,3638.0
15,22.0,1.0,5.0,1.0,0,11,New Delhi,NTPC Pvt. Ltd.,533,8.5,4530.5
14,22.0,0.0,4.0,1.0,0,11,New Delhi,NHPC,419,8.5,3561.5
11,22.0,0.0,12.0,1.0,0,11,New Delhi,Orient Green,479,8.5,4071.5
13,23.0,3.0,21.0,12.0,0,11,New Delhi,Neueon Towers / Sujana Towers Ltd.,752,8.5,6392.0
16,23.0,3.0,3.0,1.0,0,11,New Delhi,Guj Ind Power,381,8.5,3238.5
10,22.0,1.0,15.0,1.0,0,11,New Delhi,Orient Green,381,8.5,3238.5
8,21.0,3.0,22.0,1.0,0,11,New Delhi,"Maha Transco – Maharashtra State Electricity Transmission Co, Ltd.",552,8.5,4692.0
12,22.0,3.0,7.0,1.0,0,11,New Delhi,Ratnagiri Gas and Power Pvt. Ltd. (RGPPL),469,8.5,3986.5
14,23.0,2.0,6.0,12.0,0,11,New Delhi,Bonfiglioli Transmission Pvt. Ltd.,469,8.5,3986.5
5,19.0,2.0,17.0,1.0,0,11,New Delhi,KEC International,538,8.5,4573.0
14,23.0,0.0,13.0,1.0,0,11,New Delhi,Power Grid Corp,418,8.5,3553.0
10,22.0,0.0,3.0,1.0,0,11,New Delhi,Optibelt Power Transmission India Private Limited,311,8.5,2643.5
20,23.0,2.0,4.0,12.0,0,11,New Delhi,Bonfiglioli Transmission Pvt. Ltd.,683,8.5,5805.5
5,23.0,3.0,5.0,1.0,0,11,New Delhi,NTPC Pvt. Ltd.,387,8.5,3289.5
17,23.0,1.0,12.0,1.0,0,11,New Delhi,Torrent Power Ltd.,512,8.5,4352.0
23,22.0,3.0,5.0,1.0,0,11,New Delhi,NLC India,592,8.5,5032.0
13,23.0,2.0,17.0,1.0,0,11,New Delhi,Optibelt Power Transmission India Private Limited,654,8.5,5559.0
12,23.0,1.0,15.0,1.0,0,11,New Delhi,Bonfiglioli Transmission Pvt. Ltd.,414,8.5,3519.0
11,23.0,2.0,21.0,12.0,0,11,New Delhi,Torrent Power Ltd.,714,8.5,6069.0
16,23.0,3.0,15.0,1.0,0,11,New Delhi,Sunil Hitech Eng,481,8.5,4088.5
22,22.0,0.0,8.0,1.0,0,11,New Delhi,JSW Energy Ltd.,562,8.5,4777.0
18,22.0,3.0,21.0,1.0,0,11,New Delhi,TransRail Lighting,756,8.5,6426.0
20,23.0,0.0,20.0,1.0,0,11,New Delhi,Adani Power Ltd.,602,8.5,5117.0
11,22.0,2.0,22.0,1.0,0,11,New Delhi,"Maha Transco – Maharashtra State Electricity Transmission Co, Ltd.",589,8.5,5006.5
9,17.0,3.0,15.0,1.0,0,11,New Delhi,Toshiba Transmission & Distribution Systems (India) Pvt. Ltd.,500,8.5,4250.0
5,21.0,0.0,15.0,1.0,0,11,New Delhi,Guj Ind Power,500,8.5,4250.0
6,19.0,3.0,13.0,1.0,0,11,New Delhi,GE T&D India Limited,500,8.5,4250.0
14,23.0,0.0,15.0,1.0,0,11,New Delhi,"Maha Transco – Maharashtra State Electricity Transmission Co, Ltd.",576,8.5,4896.0
19,22.0,1.0,4.0,1.0,0,11,New Delhi,Tata Power Company Ltd.,492,8.5,4182.0
16,22.0,0.0,18.0,12.0,0,11,New Delhi,Adani Power Ltd.,492,8.5,4182.0
7,19.0,1.0,10.0,1.0,0,11,New Delhi,KEC International,441,8.5,3748.5
15,22.0,0.0,18.0,1.0,0,11,New Delhi,Adani Power Ltd.,547,8.5,4649.5
8,22.0,3.0,19.0,1.0,0,11,New Delhi,NLC India,566,8.5,4811.0
23,22.0,3.0,15.0,1.0,0,11,New Delhi,Ringfeder Power Transmission India Pvt. Ltd.,745,8.5,6332.5
16,23.0,3.0,14.0,12.0,0,11,New Delhi,NTPC Pvt. Ltd.,643,8.5,5465.5
13,23.0,0.0,5.0,1.0,0,11,New Delhi,TransRail Lighting,431,8.5,3663.5
13,23.0,1.0,8.0,1.0,0,11,New Delhi,Guj Ind Power,431,8.5,3663.5
16,22.0,0.0,9.0,1.0,0,11,New Delhi,"Maha Transco – Maharashtra State Electricity Transmission Co, Ltd.",331,8.5,2813.5
19,22.0,2.0,9.0,1.0,0,11,New Delhi,Kalpataru Power,424,8.5,3604.0
6,22.0,0.0,3.0,1.0,0,11,New Delhi,Indowind Energy,424,8.5,3604.0
14,23.0,2.0,21.0,1.0,0,11,New Delhi,Unitech Power Transmission Ltd.,701,8.5,5958.5
21,22.0,1.0,22.0,1.0,0,11,New Delhi,TransRail Lighting,680,8.5,5780.0
10,18.0,0.0,15.0,1.0,0,11,New Delhi,JSW Energy Ltd.,485,8.5,4122.5
20,22.0,0.0,8.0,1.0,0,11,New Delhi,"Maha Transco – Maharashtra State Electricity Transmission Co, Ltd.",523,8.5,4445.5
13,22.0,2.0,10.0,1.0,0,11,New Delhi,Indowind Energy,617,8.5,5244.5
19,23.0,0.0,21.0,1.0,0,11,New Delhi,Sterlite Power Transmission Ltd,529,8.5,4496.5
6,23.0,1.0,12.0,1.0,0,11,New Delhi,Sterlite Power Transmission Ltd,388,8.5,3298.0
8,19.0,2.0,10.0,1.0,0,11,New Delhi,SJVN Ltd.,378,8.5,3213.0
23,23.0,3.0,5.0,1.0,0,11,New Delhi,Ratnagiri Gas and Power Pvt. Ltd. (RGPPL),531,8.5,4513.5
5,18.0,1.0,17.0,1.0,0,11,New Delhi,Torrent Power Ltd.,351,8.5,2983.5
9,23.0,2.0,10.0,1.0,0,11,New Delhi,Adani Power Ltd.,351,8.5,2983.5
12,23.0,0.0,13.0,1.0,0,11,New Delhi,Sunil Hitech Eng,458,8.5,3893.0
16,23.0,1.0,19.0,1.0,0,11,New Delhi,NTPC Pvt. Ltd.,624,8.5,5304.0
18,22.0,1.0,10.0,12.0,0,11,New Delhi,TransRail Lighting,624,8.5,5304.0
22,22.0,1.0,8.0,1.0,0,11,New Delhi,NLC India,624,8.5,5304.0
17,23.0,2.0,16.0,1.0,0,11,New Delhi,TransRail Lighting,678,8.5,5763.0
14,23.0,3.0,3.0,1.0,0,11,New Delhi,KEC International,370,8.5,3145.0
10,21.0,2.0,12.0,1.0,0,11,New Delhi,Sterlite Power Transmission Ltd,342,8.5,2907.0
11,22.0,0.0,20.0,1.0,0,11,New Delhi,Indowind Energy,494,8.5,4199.0
20,22.0,3.0,14.0,1.0,0,11,New Delhi,NLC India,494,8.5,4199.0
10,21.0,3.0,14.0,1.0,0,11,New Delhi,Power Grid Corp,433,8.5,3680.5
19,22.0,3.0,13.0,1.0,0,11,New Delhi,KEC International,606,8.5,5151.0
21,23.0,3.0,10.0,12.0,0,11,New Delhi,Bonfiglioli Transmission Pvt. Ltd.,606,8.5,5151.0
22,22.0,0.0,9.0,1.0,0,11,New Delhi,Indowind Energy,340,8.5,2890.0
16,22.0,2.0,19.0,1.0,0,11,New Delhi,Unitech Power Transmission Ltd.,605,8.5,5142.5
20,23.0,1.0,6.0,12.0,0,11,New Delhi,Jyoti Structure,686,8.5,5831.0
21,23.0,0.0,19.0,1.0,0,11,New Delhi,Ringfeder Power Transmission India Pvt. Ltd.,444,8.5,3774.0
21,22.0,1.0,5.0,1.0,0,11,New Delhi,Optibelt Power Transmission India Private Limited,364,8.5,3094.0
17,22.0,1.0,7.0,12.0,0,11,New Delhi,Indowind Energy,518,8.5,4403.0
16,23.0,3.0,21.0,1.0,0,11,New Delhi,L&T Transmission & Distribution,518,8.5,4403.0
7,23.0,1.0,9.0,1.0,0,11,New Delhi,Indowind Energy,312,8.5,2652.0
22,22.0,2.0,22.0,1.0,0,11,New Delhi,L&T Transmission & Distribution,632,8.5,5372.0
11,22.0,3.0,21.0,1.0,0,11,New Delhi,Toshiba Transmission & Distribution Systems (India) Pvt. Ltd.,632,8.5,5372.0
11,22.0,1.0,11.0,1.0,0,11,New Delhi,NTPC Pvt. Ltd.,332,8.5,2822.0
14,22.0,2.0,14.0,1.0,0,11,New Delhi,NHPC,498,8.5,4233.0
16,22.0,3.0,12.0,1.0,0,11,New Delhi,Neueon Towers / Sujana Towers Ltd.,498,8.5,4233.0
13,23.0,2.0,22.0,1.0,0,11,New Delhi,Reliance Energy,498,8.5,4233.0
19,22.0,3.0,18.0,1.0,0,11,New Delhi,NHPC,582,8.5,4947.0
6,17.0,3.0,17.0,1.0,0,11,New Delhi,Indowind Energy,582,8.5,4947.0
8,19.0,0.0,12.0,1.0,0,11,New Delhi,Power Grid Corp,365,8.5,3102.5
18,22.0,1.0,16.0,1.0,0,11,New Delhi,Adani Power Ltd.,560,8.5,4760.0
19,22.0,3.0,10.0,1.0,0,11,New Delhi,Indowind Energy,489,8.5,4156.5
20,22.0,0.0,10.0,1.0,0,11,New Delhi,Jaiprakash Power,336,8.5,2856.0
16,22.0,2.0,3.0,1.0,0,11,New Delhi,Adani Power Ltd.,401,8.5,3408.5
7,23.0,2.0,4.0,1.0,0,11,New Delhi,Guj Ind Power,401,8.5,3408.5
13,23.0,0.0,4.0,1.0,0,11,New Delhi,Indowind Energy,488,8.5,4148.0
11,22.0,2.0,18.0,12.0,0,11,New Delhi,GE T&D India Limited,515,8.5,4377.5
6,22.0,0.0,8.0,1.0,0,11,New Delhi,KEC International,467,8.5,3969.5
21,22.0,3.0,14.0,12.0,0,11,New Delhi,GE T&D India Limited,642,8.5,5457.0
8,20.0,2.0,4.0,1.0,0,11,New Delhi,Ringfeder Power Transmission India Pvt. Ltd.,438,8.5,3723.0
16,22.0,2.0,9.0,12.0,0,11,New Delhi,Reliance Energy,493,8.5,4190.5
18,22.0,2.0,3.0,1.0,0,11,New Delhi,Jaiprakash Power,559,8.5,4751.5
17,22.0,1.0,16.0,1.0,0,11,New Delhi,Neueon Towers / Sujana Towers Ltd.,392,8.5,3332.0
14,22.0,2.0,8.0,1.0,0,11,New Delhi,Guj Ind Power,392,8.5,3332.0
15,23.0,0.0,7.0,1.0,0,11,New Delhi,GE T&D India Limited,434,8.5,3689.0
7,18.0,3.0,16.0,1.0,0,11,New Delhi,TransRail Lighting,578,8.5,4913.0
8,20.0,1.0,16.0,1.0,0,11,New Delhi,L&T Transmission & Distribution,327,8.5,2779.5
12,23.0,2.0,6.0,1.0,0,11,New Delhi,L&T Transmission & Distribution,402,8.5,3417.0
21,22.0,2.0,14.0,1.0,0,11,New Delhi,Guj Ind Power,470,8.5,3995.0
9,19.0,2.0,12.0,1.0,0,11,New Delhi,Bonfiglioli Transmission Pvt. Ltd.,423,8.5,3595.5
20,22.0,1.0,10.0,1.0,0,11,New Delhi,Ratnagiri Gas and Power Pvt. Ltd. (RGPPL),423,8.5,3595.5
12,22.0,0.0,5.0,1.0,0,11,New Delhi,Orient Green,497,8.5,4224.5
19,22.0,3.0,17.0,1.0,0,11,New Delhi,Indowind Energy,497,8.5,4224.5
21,22.0,1.0,13.0,1.0,0,11,New Delhi,Ratnagiri Gas and Power Pvt. Ltd. (RGPPL),658,8.5,5593.0
23,23.0,0.0,21.0,1.0,0,11,New Delhi,Indowind Energy,658,8.5,5593.0
18,22.0,2.0,4.0,12.0,0,11,New Delhi,Guj Ind Power,658,8.5,5593.0
18,22.0,1.0,17.0,1.0,0,11,New Delhi,Reliance Energy,554,8.5,4709.0
22,22.0,1.0,12.0,1.0,0,11,New Delhi,Jyoti Structure,636,8.5,5406.0
14,22.0,0.0,19.0,1.0,0,11,New Delhi,Bonfiglioli Transmission Pvt. Ltd.,636,8.5,5406.0
9,20.0,2.0,4.0,1.0,0,11,New Delhi,Reliance Power,338,8.5,2873.0
23,23.0,0.0,5.0,1.0,0,11,New Delhi,NHPC,338,8.5,2873.0
10,22.0,0.0,21.0,1.0,0,11,New Delhi,Ringfeder Power Transmission India Pvt. Ltd.,568,8.5,4828.0
17,22.0,3.0,8.0,1.0,0,11,New Delhi,Ringfeder Power Transmission India Pvt. Ltd.,382,8.5,3247.0
7,19.0,1.0,13.0,1.0,0,11,New Delhi,GE T&D India Limited,281,8.5,2388.5
7,17.0,1.0,19.0,1.0,0,11,New Delhi,NHPC,310,8.5,2635.0
7,20.0,2.0,9.0,1.0,0,11,New Delhi,Unitech Power Transmission Ltd.,310,8.5,2635.0
23,22.0,1.0,17.0,1.0,0,11,New Delhi,Neueon Towers / Sujana Towers Ltd.,556,8.5,4726.0
19,23.0,1.0,4.0,1.0,0,11,New Delhi,Kalpataru Power,345,8.5,2932.5
10,21.0,3.0,12.0,1.0,0,11,New Delhi,Orient Green,400,8.5,3400.0
14,23.0,3.0,13.0,1.0,0,11,New Delhi,NTPC Pvt. Ltd.,665,8.5,5652.5
8,19.0,1.0,12.0,1.0,0,11,New Delhi,Tata Power Company Ltd.,288,8.5,2448.0
5,19.0,1.0,9.0,7.0,0,11,New Delhi,Adani Power Ltd.,516,8.5,4386.0
15,22.0,1.0,10.0,1.0,0,11,New Delhi,CESC,506,8.5,4301.0
8,20.0,0.0,22.0,1.0,0,11,New Delhi,JSW Energy Ltd.,501,8.5,4258.5
5,22.0,1.0,13.0,1.0,0,11,New Delhi,"Maha Transco – Maharashtra State Electricity Transmission Co, Ltd.",314,8.5,2669.0
19,23.0,0.0,16.0,1.0,0,11,New Delhi,Guj Ind Power,572,8.5,4862.0
8,22.0,3.0,8.0,1.0,0,11,New Delhi,SJVN Ltd.,572,8.5,4862.0
23,23.0,1.0,18.0,1.0,0,11,New Delhi,NHPC,563,8.5,4785.5
11,23.0,0.0,13.0,1.0,0,11,New Delhi,Bonfiglioli Transmission Pvt. Ltd.,563,8.5,4785.5
12,23.0,0.0,22.0,12.0,0,11,New Delhi,Bonfiglioli Transmission Pvt. Ltd.,612,8.5,5202.0
14,23.0,3.0,16.0,1.0,0,11,New Delhi,NTPC Pvt. Ltd.,612,8.5,5202.0
20,23.0,3.0,21.0,1.0,0,11,New Delhi,Ratnagiri Gas and Power Pvt. Ltd. (RGPPL),637,8.5,5414.5
11,23.0,3.0,13.0,1.0,0,11,New Delhi,Jaiprakash Power,637,8.5,5414.5
9,22.0,3.0,12.0,1.0,0,11,New Delhi,"Maha Transco – Maharashtra State Electricity Transmission Co, Ltd.",484,8.5,4114.0
14,23.0,0.0,10.0,1.0,0,11,New Delhi,Indowind Energy,484,8.5,4114.0
9,20.0,2.0,16.0,1.0,0,11,New Delhi,Reliance Power,358,8.5,3043.0
7,22.0,1.0,8.0,1.0,0,11,New Delhi,Sterlite Power Transmission Ltd,358,8.5,3043.0
8,19.0,3.0,11.0,1.0,0,11,New Delhi,JSW Energy Ltd.,347,8.5,2949.5
19,23.0,3.0,18.0,1.0,0,11,New Delhi,Power Grid Corp,622,8.5,5287.0
11,23.0,3.0,14.0,1.0,0,11,New Delhi,Sunil Hitech Eng,580,8.5,4930.0
20,22.0,2.0,19.0,1.0,0,11,New Delhi,Adani Power Ltd.,580,8.5,4930.0
18,22.0,0.0,7.0,1.0,0,11,New Delhi,Kalpataru Power,513,8.5,4360.5
5,23.0,2.0,9.0,1.0,0,11,New Delhi,NLC India,544,8.5,4624.0
16,22.0,2.0,18.0,12.0,0,11,New Delhi,SJVN Ltd.,544,8.5,4624.0
6,17.0,2.0,21.0,1.0,0,11,New Delhi,"Maha Transco – Maharashtra State Electricity Transmission Co, Ltd.",455,8.5,3867.5
16,22.0,0.0,12.0,12.0,0,11,New Delhi,Toshiba Transmission & Distribution Systems (India) Pvt. Ltd.,539,8.5,4581.5
18,23.0,3.0,13.0,1.0,0,11,New Delhi,Jyoti Structure,486,8.5,4131.0
7,21.0,3.0,3.0,1.0,0,11,New Delhi,Unitech Power Transmission Ltd.,486,8.5,4131.0
14,22.0,1.0,19.0,1.0,0,11,New Delhi,Indowind Energy,420,8.5,3570.0
22,22.0,0.0,16.0,1.0,0,11,New Delhi,Optibelt Power Transmission India Private Limited,420,8.5,3570.0
14,23.0,2.0,14.0,1.0,0,11,New Delhi,SJVN Ltd.,420,8.5,3570.0
12,22.0,3.0,9.0,12.0,0,11,New Delhi,Jyoti Structure,656,8.5,5576.0
13,22.0,1.0,21.0,12.0,0,11,New Delhi,"Maha Transco – Maharashtra State Electricity Transmission Co, Ltd.",646,8.5,5491.0
20,23.0,0.0,22.0,12.0,0,11,New Delhi,NHPC,775,8.5,6587.5
16,22.0,2.0,8.0,12.0,0,11,New Delhi,Reliance Energy,662,8.5,5627.0
22,23.0,2.0,11.0,1.0,0,11,New Delhi,JSW Energy Ltd.,594,8.5,5049.0
12,23.0,3.0,13.0,1.0,0,11,New Delhi,Power Grid Corp,590,8.5,5015.0
22,22.0,0.0,11.0,1.0,0,11,New Delhi,NTPC Pvt. Ltd.,384,8.5,3264.0
8,17.0,0.0,19.0,1.0,0,11,New Delhi,Guj Ind Power,384,8.5,3264.0
17,23.0,1.0,18.0,1.0,0,11,New Delhi,Optibelt Power Transmission India Private Limited,649,8.5,5516.5
9,18.0,2.0,9.0,7.0,0,11,New Delhi,Optibelt Power Transmission India Private Limited,557,8.5,4734.5
17,22.0,2.0,18.0,1.0,0,11,New Delhi,"Maha Transco – Maharashtra State Electricity Transmission Co, Ltd.",557,8.5,4734.5
13,22.0,0.0,15.0,1.0,0,11,New Delhi,NLC India,427,8.5,3629.5
10,22.0,0.0,19.0,1.0,0,11,New Delhi,Ratnagiri Gas and Power Pvt. Ltd. (RGPPL),427,8.5,3629.5
16,23.0,1.0,18.0,1.0,0,11,New Delhi,Sunil Hitech Eng,540,8.5,4590.0
16,23.0,2.0,16.0,1.0,0,11,New Delhi,Torrent Power Ltd.,540,8.5,4590.0
20,23.0,3.0,18.0,1.0,0,11,New Delhi,Adani Power Ltd.,525,8.5,4462.5
15,22.0,1.0,20.0,12.0,0,11,New Delhi,L&T Transmission & Distribution,521,8.5,4428.5
23,22.0,1.0,7.0,1.0,0,11,New Delhi,NHPC,473,8.5,4020.5
12,23.0,0.0,22.0,1.0,0,11,New Delhi,Ratnagiri Gas and Power Pvt. Ltd. (RGPPL),630,8.5,5355.0
19,23.0,2.0,10.0,12.0,0,11,New Delhi,L&T Transmission & Distribution,601,8.5,5108.5
18,23.0,1.0,19.0,12.0,0,11,New Delhi,Sterlite Power Transmission Ltd,601,8.5,5108.5
5,20.0,3.0,22.0,7.0,0,11,New Delhi,Sunil Hitech Eng,627,8.5,5329.5
22,22.0,0.0,17.0,12.0,0,11,New Delhi,Indowind Energy,737,8.5,6264.5
22,23.0,1.0,15.0,1.0,0,11,New Delhi,CESC,471,8.5,4003.5
22,22.0,2.0,9.0,12.0,0,11,New Delhi,Guj Ind Power,674,8.5,5729.0
8,22.0,1.0,5.0,7.0,0,11,New Delhi,JSW Energy Ltd.,343,8.5,2915.5
8,18.0,3.0,10.0,1.0,0,11,New Delhi,GE T&D India Limited,296,8.5,2516.0
11,22.0,2.0,4.0,1.0,0,11,New Delhi,GE T&D India Limited,296,8.5,2516.0
12,23.0,0.0,8.0,1.0,0,11,New Delhi,Optibelt Power Transmission India Private Limited,379,8.5,3221.5
8,20.0,3.0,13.0,1.0,0,11,New Delhi,KEC International,398,8.5,3383.0
7,17.0,3.0,8.0,1.0,0,11,New Delhi,SJVN Ltd.,398,8.5,3383.0
8,21.0,3.0,7.0,1.0,0,11,New Delhi,Guj Ind Power,491,8.5,4173.5
8,20.0,1.0,7.0,1.0,0,11,New Delhi,Tata Power Company Ltd.,474,8.5,4029.0
19,23.0,2.0,18.0,1.0,0,11,New Delhi,NHPC,700,8.5,5950.0
13,23.0,0.0,4.0,1.0,0,11,New Delhi,Jyoti Structure,275,8.5,2337.5
10,22.0,1.0,22.0,1.0,0,11,New Delhi,Adani Power Ltd.,628,8.5,5338.0
6,21.0,2.0,13.0,7.0,0,11,New Delhi,JSW Energy Ltd.,446,8.5,3791.0
18,23.0,0.0,19.0,1.0,0,11,New Delhi,Tata Power Company Ltd.,446,8.5,3791.0
18,22.0,1.0,21.0,1.0,0,11,New Delhi,Jaiprakash Power,446,8.5,3791.0
23,22.0,1.0,7.0,1.0,0,11,New Delhi,Reliance Energy,571,8.5,4853.5
17,23.0,0.0,11.0,1.0,0,11,New Delhi,Indowind Energy,483,8.5,4105.5
16,23.0,2.0,13.0,1.0,0,11,New Delhi,Reliance Energy,675,8.5,5737.5
10,22.0,0.0,5.0,1.0,0,11,New Delhi,Neueon Towers / Sujana Towers Ltd.,366,8.5,3111.0
12,22.0,0.0,10.0,1.0,0,11,New Delhi,SJVN Ltd.,313,8.5,2660.5
19,22.0,1.0,13.0,12.0,0,11,New Delhi,Jaiprakash Power,690,8.5,5865.0
18,22.0,3.0,15.0,1.0,0,11,New Delhi,Reliance Power,600,8.5,5100.0
12,23.0,2.0,16.0,1.0,0,11,New Delhi,KEC International,600,8.5,5100.0
21,23.0,0.0,18.0,1.0,0,11,New Delhi,Kalpataru Power,668,8.5,5678.0
23,23.0,3.0,14.0,1.0,0,11,New Delhi,NTPC Pvt. Ltd.,495,8.5,4207.5
5,18.0,1.0,21.0,1.0,0,11,New Delhi,L&T Transmission & Distribution,495,8.5,4207.5
17,22.0,0.0,12.0,1.0,0,11,New Delhi,Adani Power Ltd.,442,8.5,3757.0
13,23.0,3.0,8.0,1.0,0,11,New Delhi,Jaiprakash Power,613,8.5,5210.5
9,21.0,1.0,22.0,1.0,0,11,New Delhi,NLC India,625,8.5,5312.5
5,20.0,1.0,9.0,1.0,0,11,New Delhi,L&T Transmission & Distribution,273,8.5,2320.5
21,22.0,1.0,6.0,1.0,0,11,New Delhi,SJVN Ltd.,337,8.5,2864.5
17,22.0,1.0,22.0,1.0,0,11,New Delhi,Toshiba Transmission & Distribution Systems (India) Pvt. Ltd.,638,8.5,5423.0
15,22.0,1.0,17.0,1.0,0,11,New Delhi,Jaiprakash Power,437,8.5,3714.5
15,23.0,2.0,16.0,1.0,0,11,New Delhi,Bonfiglioli Transmission Pvt. Ltd.,685,8.5,5822.5
23,22.0,1.0,19.0,12.0,0,11,New Delhi,NTPC Pvt. Ltd.,614,8.5,5219.0
16,22.0,0.0,6.0,1.0,0,11,New Delhi,Orient Green,333,8.5,2830.5
9,17.0,0.0,11.0,7.0,0,11,New Delhi,Adani Power Ltd.,286,8.5,2431.0
9,23.0,0.0,3.0,1.0,0,11,New Delhi,L&T Transmission & Distribution,357,8.5,3034.5
23,23.0,3.0,21.0,1.0,0,11,New Delhi,NHPC,792,8.5,6732.0
11,23.0,0.0,20.0,12.0,0,11,New Delhi,Reliance Energy,626,8.5,5321.0
5,20.0,0.0,22.0,1.0,0,11,New Delhi,CESC,391,8.5,3323.5
23,23.0,2.0,3.0,1.0,0,11,New Delhi,CESC,391,8.5,3323.5
5,18.0,1.0,21.0,1.0,0,11,New Delhi,Tata Power Company Ltd.,306,8.5,2601.0
11,22.0,3.0,6.0,1.0,0,11,New Delhi,Reliance Power,359,8.5,3051.5
15,22.0,0.0,3.0,1.0,0,11,New Delhi,Torrent Power Ltd.,389,8.5,3306.5
17,22.0,3.0,5.0,12.0,0,11,New Delhi,Sunil Hitech Eng,698,8.5,5933.0
17,22.0,3.0,16.0,1.0,0,11,New Delhi,TransRail Lighting,728,8.5,6188.0
9,22.0,3.0,21.0,7.0,0,11,New Delhi,Ringfeder Power Transmission India Pvt. Ltd.,728,8.5,6188.0
21,23.0,0.0,21.0,1.0,0,11,New Delhi,Indowind Energy,722,8.5,6137.0
7,23.0,0.0,8.0,1.0,0,11,New Delhi,Bonfiglioli Transmission Pvt. Ltd.,271,8.5,2303.5
9,19.0,0.0,11.0,1.0,0,11,New Delhi,Ringfeder Power Transmission India Pvt. Ltd.,233,8.5,1980.5
6,20.0,0.0,3.0,1.0,0,11,New Delhi,Unitech Power Transmission Ltd.,202,8.5,1717.0
22,23.0,2.0,17.0,12.0,0,11,New Delhi,Bonfiglioli Transmission Pvt. Ltd.,827,8.5,7029.5
14,23.0,2.0,20.0,12.0,0,11,New Delhi,Sunil Hitech Eng,794,8.5,6749.0
8,17.0,1.0,4.0,1.0,0,11,New Delhi,Unitech Power Transmission Ltd.,192,8.5,1632.0
23,22.0,3.0,15.0,12.0,0,11,New Delhi,Unitech Power Transmission Ltd.,812,8.5,6902.0
9,21.0,1.0,17.0,1.0,0,11,New Delhi,KEC International,344,8.5,2924.0
8,19.0,0.0,3.0,7.0,0,11,New Delhi,Indowind Energy,236,8.5,2006.0
21,22.0,3.0,22.0,1.0,0,11,New Delhi,NHPC,785,8.5,6672.5
8,18.0,0.0,22.0,1.0,0,11,New Delhi,Ringfeder Power Transmission India Pvt. Ltd.,324,8.5,2754.0
12,23.0,0.0,6.0,1.0,0,11,New Delhi,L&T Transmission & Distribution,295,8.5,2507.5
8,22.0,3.0,9.0,1.0,0,12,Hyderabad,Orient Green,553,8.4,4645.2
12,22.0,0.0,21.0,1.0,0,12,Hyderabad,Guj Ind Power,632,8.4,5308.8
9,23.0,0.0,20.0,1.0,0,12,Hyderabad,NTPC Pvt. Ltd.,632,8.4,5308.8
13,23.0,2.0,18.0,1.0,0,12,Hyderabad,Torrent Power Ltd.,704,8.4,5913.6
9,18.0,3.0,10.0,1.0,0,12,Hyderabad,Power Grid Corp,484,8.4,4065.6000000000000
21,23.0,1.0,17.0,1.0,0,12,Hyderabad,Orient Green,616,8.4,5174.400000000000
21,23.0,3.0,12.0,1.0,0,12,Hyderabad,Indowind Energy,616,8.4,5174.400000000000
10,21.0,3.0,13.0,1.0,0,12,Hyderabad,"Maha Transco – Maharashtra State Electricity Transmission Co, Ltd.",572,8.4,4804.8
19,23.0,3.0,14.0,1.0,0,12,Hyderabad,Jaiprakash Power,572,8.4,4804.8
15,22.0,0.0,11.0,1.0,0,12,Hyderabad,NLC India,374,8.4,3141.6
15,22.0,0.0,5.0,12.0,0,12,Hyderabad,Ringfeder Power Transmission India Pvt. Ltd.,456,8.4,3830.4
6,21.0,3.0,4.0,1.0,0,12,Hyderabad,Ringfeder Power Transmission India Pvt. Ltd.,475,8.4,3990.0
17,23.0,1.0,7.0,1.0,0,12,Hyderabad,Optibelt Power Transmission India Private Limited,380,8.4,3192.0
19,22.0,3.0,3.0,1.0,0,12,Hyderabad,Sunil Hitech Eng,437,8.4,3670.8
19,22.0,3.0,9.0,1.0,0,12,Hyderabad,Sterlite Power Transmission Ltd,432,8.4,3628.8
18,22.0,0.0,3.0,12.0,0,12,Hyderabad,NLC India,621,8.4,5216.400000000000
18,22.0,2.0,21.0,1.0,0,12,Hyderabad,JSW Energy Ltd.,498,8.4,4183.2
18,23.0,2.0,6.0,1.0,0,12,Hyderabad,Bonfiglioli Transmission Pvt. Ltd.,415,8.4,3486.0
10,18.0,2.0,9.0,1.0,0,12,Hyderabad,Jaiprakash Power,415,8.4,3486.0
18,22.0,3.0,5.0,1.0,0,12,Hyderabad,Neueon Towers / Sujana Towers Ltd.,415,8.4,3486.0
23,23.0,2.0,13.0,1.0,0,12,Hyderabad,KEC International,664,8.4,5577.6
11,23.0,1.0,8.0,1.0,0,12,Hyderabad,Sunil Hitech Eng,503,8.4,4225.2
6,20.0,0.0,17.0,1.0,0,12,Hyderabad,TransRail Lighting,444,8.4,3729.6000000000000
8,21.0,0.0,12.0,1.0,0,12,Hyderabad,NLC India,444,8.4,3729.6000000000000
14,22.0,3.0,18.0,12.0,0,12,Hyderabad,Neueon Towers / Sujana Towers Ltd.,712,8.4,5980.8
13,23.0,1.0,8.0,12.0,0,12,Hyderabad,Toshiba Transmission & Distribution Systems (India) Pvt. Ltd.,599,8.4,5031.6
5,17.0,0.0,18.0,1.0,0,12,Hyderabad,Neueon Towers / Sujana Towers Ltd.,329,8.4,2763.6
10,20.0,3.0,7.0,1.0,0,12,Hyderabad,KEC International,434,8.4,3645.6000000000000
6,18.0,3.0,12.0,1.0,0,12,Hyderabad,Torrent Power Ltd.,434,8.4,3645.6000000000000
8,19.0,3.0,5.0,7.0,0,12,Hyderabad,Power Grid Corp,589,8.4,4947.6
16,23.0,2.0,17.0,1.0,0,12,Hyderabad,Bonfiglioli Transmission Pvt. Ltd.,589,8.4,4947.6
10,20.0,2.0,17.0,1.0,0,12,Hyderabad,KEC International,531,8.4,4460.400000000000
19,23.0,0.0,4.0,1.0,0,12,Hyderabad,"Maha Transco – Maharashtra State Electricity Transmission Co, Ltd.",507,8.4,4258.8
5,22.0,1.0,20.0,1.0,0,12,Hyderabad,Neueon Towers / Sujana Towers Ltd.,443,8.4,3721.2000000000000
17,23.0,3.0,22.0,1.0,0,12,Hyderabad,Orient Green,642,8.4,5392.8
22,22.0,1.0,18.0,1.0,0,12,Hyderabad,L&T Transmission & Distribution,612,8.4,5140.8
18,23.0,1.0,13.0,1.0,0,12,Hyderabad,NHPC,523,8.4,4393.2
16,23.0,1.0,7.0,1.0,0,12,Hyderabad,SJVN Ltd.,452,8.4,3796.8
9,22.0,3.0,21.0,1.0,0,12,Hyderabad,Power Grid Corp,633,8.4,5317.2
17,22.0,2.0,11.0,1.0,0,12,Hyderabad,Power Grid Corp,409,8.4,3435.6000000000000
7,21.0,0.0,3.0,1.0,0,12,Hyderabad,Toshiba Transmission & Distribution Systems (India) Pvt. Ltd.,421,8.4,3536.4
13,22.0,0.0,15.0,12.0,0,12,Hyderabad,NTPC Pvt. Ltd.,551,8.4,4628.400000000000
6,17.0,0.0,18.0,1.0,0,12,Hyderabad,"Maha Transco – Maharashtra State Electricity Transmission Co, Ltd.",420,8.4,3528.0
10,21.0,2.0,20.0,1.0,0,12,Hyderabad,Tata Power Company Ltd.,420,8.4,3528.0
21,22.0,1.0,8.0,1.0,0,12,Hyderabad,Orient Green,502,8.4,4216.8
20,22.0,0.0,21.0,1.0,0,12,Hyderabad,Sunil Hitech Eng,502,8.4,4216.8
12,22.0,2.0,14.0,1.0,0,12,Hyderabad,Ringfeder Power Transmission India Pvt. Ltd.,502,8.4,4216.8
19,23.0,0.0,17.0,1.0,0,12,Hyderabad,Orient Green,463,8.4,3889.2000000000000
17,22.0,3.0,8.0,1.0,0,12,Hyderabad,Jyoti Structure,604,8.4,5073.6
22,23.0,0.0,16.0,1.0,0,12,Hyderabad,NLC India,454,8.4,3813.6000000000000
5,17.0,1.0,16.0,7.0,0,12,Hyderabad,Reliance Energy,464,8.4,3897.6000000000000
10,18.0,0.0,22.0,7.0,0,12,Hyderabad,Guj Ind Power,521,8.4,4376.400000000000
16,22.0,2.0,4.0,1.0,0,12,Hyderabad,Power Grid Corp,497,8.4,4174.8
5,18.0,0.0,21.0,7.0,0,12,Hyderabad,Orient Green,597,8.4,5014.8
17,22.0,3.0,5.0,1.0,0,12,Hyderabad,Sterlite Power Transmission Ltd,610,8.4,5124.0
12,22.0,1.0,7.0,1.0,0,12,Hyderabad,NLC India,414,8.4,3477.6000000000000
14,22.0,0.0,18.0,1.0,0,12,Hyderabad,Sterlite Power Transmission Ltd,414,8.4,3477.6000000000000
13,23.0,0.0,14.0,1.0,0,12,Hyderabad,NHPC,445,8.4,3738.0
10,22.0,0.0,18.0,1.0,0,12,Hyderabad,Indowind Energy,504,8.4,4233.6
12,23.0,1.0,15.0,1.0,0,12,Hyderabad,Guj Ind Power,557,8.4,4678.8
20,22.0,3.0,20.0,1.0,0,12,Hyderabad,Bonfiglioli Transmission Pvt. Ltd.,603,8.4,5065.2
5,18.0,3.0,8.0,7.0,0,12,Hyderabad,CESC,577,8.4,4846.8
13,23.0,2.0,4.0,1.0,0,12,Hyderabad,JSW Energy Ltd.,390,8.4,3276.0
14,23.0,0.0,14.0,1.0,0,12,Hyderabad,Ringfeder Power Transmission India Pvt. Ltd.,566,8.4,4754.400000000000
18,22.0,0.0,9.0,1.0,0,12,Hyderabad,NTPC Pvt. Ltd.,566,8.4,4754.400000000000
16,22.0,0.0,9.0,1.0,0,12,Hyderabad,Unitech Power Transmission Ltd.,566,8.4,4754.400000000000
13,23.0,1.0,9.0,1.0,0,12,Hyderabad,Tata Power Company Ltd.,566,8.4,4754.400000000000
10,21.0,2.0,12.0,1.0,0,12,Hyderabad,Unitech Power Transmission Ltd.,601,8.4,5048.400000000000
23,22.0,0.0,10.0,1.0,0,12,Hyderabad,JSW Energy Ltd.,423,8.4,3553.2000000000000
23,22.0,0.0,3.0,1.0,0,12,Hyderabad,Power Grid Corp,308,8.4,2587.2000000000000
16,23.0,2.0,5.0,1.0,0,12,Hyderabad,NHPC,617,8.4,5182.8
9,18.0,0.0,9.0,1.0,0,12,Hyderabad,Reliance Power,373,8.4,3133.2000000000000
16,22.0,3.0,15.0,1.0,0,12,Hyderabad,TransRail Lighting,509,8.4,4275.6
19,22.0,0.0,6.0,1.0,0,12,Hyderabad,Kalpataru Power,515,8.4,4326.0
6,23.0,3.0,12.0,1.0,0,12,Hyderabad,Bonfiglioli Transmission Pvt. Ltd.,515,8.4,4326.0
23,23.0,2.0,9.0,1.0,0,12,Hyderabad,CESC,634,8.4,5325.6
11,22.0,3.0,9.0,1.0,0,12,Hyderabad,NLC India,634,8.4,5325.6
8,23.0,2.0,13.0,1.0,0,12,Hyderabad,Tata Power Company Ltd.,424,8.4,3561.6000000000000
13,23.0,0.0,18.0,1.0,0,12,Hyderabad,Kalpataru Power,458,8.4,3847.2000000000000
10,21.0,2.0,21.0,1.0,0,12,Hyderabad,Sterlite Power Transmission Ltd,520,8.4,4368.0
17,23.0,2.0,17.0,1.0,0,12,Hyderabad,Guj Ind Power,520,8.4,4368.0
17,22.0,1.0,6.0,12.0,0,12,Hyderabad,Power Grid Corp,580,8.4,4872.0
13,22.0,0.0,10.0,12.0,0,12,Hyderabad,Sterlite Power Transmission Ltd,651,8.4,5468.400000000000
15,23.0,1.0,3.0,1.0,0,12,Hyderabad,KEC International,362,8.4,3040.8
18,23.0,0.0,8.0,1.0,0,12,Hyderabad,GE T&D India Limited,446,8.4,3746.4
8,21.0,1.0,9.0,1.0,0,12,Hyderabad,Kalpataru Power,486,8.4,4082.4
22,23.0,0.0,17.0,1.0,0,12,Hyderabad,Ringfeder Power Transmission India Pvt. Ltd.,537,8.4,4510.8
5,23.0,1.0,17.0,1.0,0,12,Hyderabad,Guj Ind Power,537,8.4,4510.8
22,22.0,1.0,11.0,1.0,0,12,Hyderabad,Adani Power Ltd.,626,8.4,5258.400000000000
14,23.0,2.0,22.0,1.0,0,12,Hyderabad,Reliance Power,626,8.4,5258.400000000000
6,18.0,2.0,17.0,1.0,0,12,Hyderabad,CESC,535,8.4,4494.0
9,17.0,0.0,21.0,1.0,0,12,Hyderabad,NLC India,559,8.4,4695.6
5,23.0,1.0,19.0,1.0,0,12,Hyderabad,Guj Ind Power,522,8.4,4384.8
15,22.0,3.0,17.0,1.0,0,12,Hyderabad,Neueon Towers / Sujana Towers Ltd.,598,8.4,5023.2
16,23.0,0.0,20.0,1.0,0,12,Hyderabad,CESC,552,8.4,4636.8
7,22.0,2.0,19.0,1.0,0,12,Hyderabad,NTPC Pvt. Ltd.,552,8.4,4636.8
9,20.0,3.0,4.0,1.0,0,12,Hyderabad,Indowind Energy,322,8.4,2704.8
5,21.0,0.0,19.0,1.0,0,12,Hyderabad,Kalpataru Power,534,8.4,4485.6
22,23.0,2.0,8.0,1.0,0,12,Hyderabad,Optibelt Power Transmission India Private Limited,680,8.4,5712.0
18,23.0,1.0,20.0,12.0,0,12,Hyderabad,TransRail Lighting,624,8.4,5241.6
10,22.0,2.0,12.0,1.0,0,12,Hyderabad,Orient Green,429,8.4,3603.6000000000000
15,22.0,2.0,5.0,1.0,0,12,Hyderabad,Jaiprakash Power,455,8.4,3822.0
12,23.0,3.0,13.0,1.0,0,12,Hyderabad,Power Grid Corp,546,8.4,4586.400000000000
11,22.0,1.0,13.0,1.0,0,12,Hyderabad,NLC India,585,8.4,4914.0
22,23.0,0.0,19.0,1.0,0,12,Hyderabad,Torrent Power Ltd.,585,8.4,4914.0
16,23.0,3.0,17.0,1.0,0,12,Hyderabad,Unitech Power Transmission Ltd.,585,8.4,4914.0
19,23.0,3.0,22.0,1.0,0,12,Hyderabad,Kalpataru Power,605,8.4,5082.0
7,18.0,2.0,7.0,1.0,0,12,Hyderabad,Indowind Energy,361,8.4,3032.4
16,22.0,0.0,8.0,1.0,0,12,Hyderabad,Torrent Power Ltd.,361,8.4,3032.4
9,17.0,0.0,11.0,1.0,0,12,Hyderabad,KEC International,480,8.4,4032.0
13,23.0,1.0,14.0,1.0,0,12,Hyderabad,NHPC,480,8.4,4032.0
11,23.0,3.0,19.0,1.0,0,12,Hyderabad,Sterlite Power Transmission Ltd,564,8.4,4737.6
12,22.0,1.0,3.0,1.0,0,12,Hyderabad,SJVN Ltd.,447,8.4,3754.8
19,22.0,3.0,7.0,1.0,0,12,Hyderabad,GE T&D India Limited,428,8.4,3595.2000000000000
12,23.0,0.0,14.0,1.0,0,12,Hyderabad,Ratnagiri Gas and Power Pvt. Ltd. (RGPPL),514,8.4,4317.6
21,22.0,0.0,16.0,12.0,0,12,Hyderabad,TransRail Lighting,514,8.4,4317.6
8,18.0,0.0,5.0,1.0,0,12,Hyderabad,TransRail Lighting,315,8.4,2646.0
15,22.0,2.0,22.0,1.0,0,12,Hyderabad,Bonfiglioli Transmission Pvt. Ltd.,635,8.4,5334.0
17,22.0,3.0,18.0,1.0,0,12,Hyderabad,Unitech Power Transmission Ltd.,635,8.4,5334.0
7,21.0,0.0,8.0,1.0,0,12,Hyderabad,Sunil Hitech Eng,328,8.4,2755.2000000000000
11,22.0,1.0,18.0,1.0,0,12,Hyderabad,NHPC,590,8.4,4956.0
22,23.0,0.0,16.0,12.0,0,12,Hyderabad,Tata Power Company Ltd.,590,8.4,4956.0
20,23.0,0.0,9.0,12.0,0,12,Hyderabad,Ringfeder Power Transmission India Pvt. Ltd.,692,8.4,5812.8
14,22.0,1.0,17.0,1.0,0,12,Hyderabad,Jyoti Structure,600,8.4,5040.0
15,23.0,0.0,16.0,12.0,0,12,Hyderabad,Power Grid Corp,608,8.4,5107.2
14,23.0,2.0,3.0,12.0,0,12,Hyderabad,Sterlite Power Transmission Ltd,665,8.4,5586.0
8,17.0,3.0,13.0,1.0,0,12,Hyderabad,Reliance Energy,382,8.4,3208.8
23,22.0,2.0,3.0,1.0,0,12,Hyderabad,Power Grid Corp,469,8.4,3939.6000000000000
23,23.0,1.0,16.0,12.0,0,12,Hyderabad,CESC,579,8.4,4863.6
6,21.0,3.0,6.0,1.0,0,12,Hyderabad,KEC International,350,8.4,2940.0
7,19.0,1.0,12.0,1.0,0,12,Hyderabad,Optibelt Power Transmission India Private Limited,312,8.4,2620.8
16,22.0,2.0,4.0,1.0,0,12,Hyderabad,Orient Green,560,8.4,4704.0
16,22.0,1.0,5.0,1.0,0,12,Hyderabad,Jaiprakash Power,560,8.4,4704.0
23,23.0,0.0,11.0,1.0,0,12,Hyderabad,CESC,530,8.4,4452.0
9,19.0,0.0,13.0,7.0,0,12,Hyderabad,Kalpataru Power,530,8.4,4452.0
14,22.0,0.0,4.0,12.0,0,12,Hyderabad,GE T&D India Limited,477,8.4,4006.8
19,23.0,3.0,11.0,1.0,0,12,Hyderabad,Sunil Hitech Eng,477,8.4,4006.8
7,21.0,0.0,4.0,1.0,0,12,Hyderabad,Toshiba Transmission & Distribution Systems (India) Pvt. Ltd.,300,8.4,2520.0
15,22.0,2.0,10.0,12.0,0,12,Hyderabad,Guj Ind Power,628,8.4,5275.2
21,22.0,0.0,10.0,12.0,0,12,Hyderabad,TransRail Lighting,505,8.4,4242.0
19,23.0,1.0,12.0,1.0,0,12,Hyderabad,Power Grid Corp,413,8.4,3469.2000000000000
5,18.0,2.0,9.0,7.0,0,12,Hyderabad,Ringfeder Power Transmission India Pvt. Ltd.,307,8.4,2578.8
7,20.0,1.0,7.0,1.0,0,12,Hyderabad,Torrent Power Ltd.,307,8.4,2578.8
11,23.0,1.0,17.0,1.0,0,12,Hyderabad,Reliance Power,473,8.4,3973.2000000000000
5,21.0,1.0,15.0,1.0,0,12,Hyderabad,SJVN Ltd.,491,8.4,4124.400000000000
5,23.0,3.0,7.0,1.0,0,12,Hyderabad,Reliance Energy,436,8.4,3662.4
10,17.0,1.0,10.0,1.0,0,12,Hyderabad,"Maha Transco – Maharashtra State Electricity Transmission Co, Ltd.",453,8.4,3805.2000000000000
16,23.0,2.0,15.0,1.0,0,12,Hyderabad,SJVN Ltd.,684,8.4,5745.6
15,23.0,1.0,7.0,1.0,0,12,Hyderabad,Jyoti Structure,427,8.4,3586.8
23,22.0,0.0,3.0,1.0,0,12,Hyderabad,NTPC Pvt. Ltd.,427,8.4,3586.8
20,23.0,0.0,16.0,1.0,0,12,Hyderabad,Adani Power Ltd.,493,8.4,4141.2
13,22.0,1.0,5.0,1.0,0,12,Hyderabad,Torrent Power Ltd.,510,8.4,4284.0
19,22.0,0.0,13.0,1.0,0,12,Hyderabad,TransRail Lighting,442,8.4,3712.8
8,23.0,1.0,17.0,1.0,0,12,Hyderabad,NLC India,442,8.4,3712.8
8,18.0,3.0,3.0,1.0,0,12,Hyderabad,Adani Power Ltd.,333,8.4,2797.2000000000000
16,22.0,3.0,22.0,12.0,0,12,Hyderabad,CESC,675,8.4,5670.0
22,23.0,3.0,16.0,1.0,0,12,Hyderabad,Ratnagiri Gas and Power Pvt. Ltd. (RGPPL),696,8.4,5846.400000000000
17,23.0,0.0,6.0,1.0,0,12,Hyderabad,Orient Green,320,8.4,2688.0
18,22.0,3.0,12.0,12.0,0,12,Hyderabad,NTPC Pvt. Ltd.,709,8.4,5955.6
15,23.0,2.0,3.0,1.0,0,12,Hyderabad,Jaiprakash Power,450,8.4,3780.0
7,21.0,2.0,19.0,7.0,0,12,Hyderabad,Ringfeder Power Transmission India Pvt. Ltd.,578,8.4,4855.2
7,23.0,2.0,5.0,1.0,0,12,Hyderabad,TransRail Lighting,383,8.4,3217.2000000000000
18,22.0,3.0,21.0,1.0,0,12,Hyderabad,TransRail Lighting,706,8.4,5930.400000000000
22,23.0,0.0,5.0,1.0,0,12,Hyderabad,KEC International,364,8.4,3057.6
11,23.0,2.0,9.0,1.0,0,12,Hyderabad,TransRail Lighting,569,8.4,4779.6
6,17.0,0.0,12.0,1.0,0,12,Hyderabad,Tata Power Company Ltd.,354,8.4,2973.6
16,22.0,2.0,14.0,1.0,0,12,Hyderabad,NHPC,549,8.4,4611.6
10,23.0,2.0,20.0,1.0,0,12,Hyderabad,TransRail Lighting,549,8.4,4611.6
9,17.0,3.0,21.0,1.0,0,12,Hyderabad,Tata Power Company Ltd.,545,8.4,4578.0
7,22.0,3.0,22.0,1.0,0,12,Hyderabad,CESC,591,8.4,4964.400000000000
13,22.0,1.0,18.0,1.0,0,12,Hyderabad,Ringfeder Power Transmission India Pvt. Ltd.,425,8.4,3570.0
21,22.0,0.0,12.0,1.0,0,12,Hyderabad,Reliance Power,516,8.4,4334.400000000000
13,23.0,0.0,12.0,1.0,0,12,Hyderabad,Sterlite Power Transmission Ltd,516,8.4,4334.400000000000
10,18.0,3.0,3.0,1.0,0,12,Hyderabad,Jyoti Structure,516,8.4,4334.400000000000
5,22.0,1.0,3.0,7.0,0,12,Hyderabad,Reliance Energy,375,8.4,3150.0
6,17.0,1.0,14.0,1.0,0,12,Hyderabad,Guj Ind Power,375,8.4,3150.0
17,22.0,3.0,20.0,1.0,0,12,Hyderabad,Reliance Power,760,8.4,6384.0
12,22.0,0.0,5.0,1.0,0,12,Hyderabad,Tata Power Company Ltd.,360,8.4,3024.0
11,22.0,0.0,10.0,1.0,0,12,Hyderabad,Kalpataru Power,360,8.4,3024.0
9,18.0,2.0,3.0,1.0,0,12,Hyderabad,Guj Ind Power,289,8.4,2427.6
17,23.0,2.0,19.0,1.0,0,12,Hyderabad,Optibelt Power Transmission India Private Limited,686,8.4,5762.400000000000
20,22.0,1.0,19.0,1.0,0,12,Hyderabad,"Maha Transco – Maharashtra State Electricity Transmission Co, Ltd.",697,8.4,5854.8
14,22.0,3.0,18.0,1.0,0,12,Hyderabad,Torrent Power Ltd.,697,8.4,5854.8
21,22.0,0.0,21.0,1.0,0,12,Hyderabad,CESC,495,8.4,4158.0
22,23.0,0.0,16.0,1.0,0,12,Hyderabad,Orient Green,495,8.4,4158.0
15,23.0,1.0,9.0,1.0,0,12,Hyderabad,Ringfeder Power Transmission India Pvt. Ltd.,584,8.4,4905.6
8,17.0,2.0,18.0,1.0,0,12,Hyderabad,Reliance Energy,584,8.4,4905.6
5,18.0,2.0,20.0,1.0,0,12,Hyderabad,Neueon Towers / Sujana Towers Ltd.,584,8.4,4905.6
18,23.0,2.0,19.0,1.0,0,12,Hyderabad,Reliance Power,759,8.4,6375.6
20,23.0,0.0,17.0,1.0,0,12,Hyderabad,NTPC Pvt. Ltd.,674,8.4,5661.6
6,23.0,3.0,19.0,1.0,0,12,Hyderabad,Torrent Power Ltd.,657,8.4,5518.8
7,20.0,1.0,7.0,1.0,0,12,Hyderabad,Ratnagiri Gas and Power Pvt. Ltd. (RGPPL),279,8.4,2343.6
13,23.0,3.0,15.0,1.0,0,12,Hyderabad,Jyoti Structure,625,8.4,5250.0
17,22.0,0.0,6.0,12.0,0,12,Hyderabad,Adani Power Ltd.,625,8.4,5250.0
15,22.0,2.0,13.0,12.0,0,12,Hyderabad,Jyoti Structure,752,8.4,6316.8
23,22.0,0.0,10.0,1.0,0,12,Hyderabad,SJVN Ltd.,381,8.4,3200.4
23,22.0,2.0,18.0,12.0,0,12,Hyderabad,GE T&D India Limited,799,8.4,6711.6
23,23.0,3.0,17.0,1.0,0,12,Hyderabad,SJVN Ltd.,705,8.4,5922.0
15,23.0,0.0,19.0,12.0,0,12,Hyderabad,TransRail Lighting,730,8.4,6132.0
22,23.0,3.0,16.0,12.0,0,12,Hyderabad,Power Grid Corp,681,8.4,5720.400000000000
22,23.0,0.0,15.0,1.0,0,12,Hyderabad,KEC International,646,8.4,5426.400000000000
6,20.0,1.0,15.0,1.0,0,12,Hyderabad,Optibelt Power Transmission India Private Limited,306,8.4,2570.4
18,23.0,1.0,11.0,1.0,0,12,Hyderabad,TransRail Lighting,543,8.4,4561.2
17,23.0,2.0,15.0,1.0,0,12,Hyderabad,Orient Green,543,8.4,4561.2
8,18.0,1.0,4.0,1.0,0,12,Hyderabad,GE T&D India Limited,313,8.4,2629.2000000000000
17,22.0,2.0,13.0,12.0,0,12,Hyderabad,Unitech Power Transmission Ltd.,683,8.4,5737.2
17,23.0,1.0,8.0,12.0,0,12,Hyderabad,Tata Power Company Ltd.,703,8.4,5905.2
22,22.0,0.0,21.0,12.0,0,12,Hyderabad,NTPC Pvt. Ltd.,777,8.4,6526.8
14,22.0,1.0,13.0,12.0,0,12,Hyderabad,Ringfeder Power Transmission India Pvt. Ltd.,717,8.4,6022.8
7,17.0,0.0,8.0,1.0,0,12,Hyderabad,Bonfiglioli Transmission Pvt. Ltd.,228,8.4,1915.2
8,17.0,3.0,11.0,1.0,0,12,Hyderabad,Kalpataru Power,326,8.4,2738.4
13,23.0,2.0,21.0,1.0,0,12,Hyderabad,Torrent Power Ltd.,714,8.4,5997.6
23,22.0,1.0,22.0,1.0,0,12,Hyderabad,Power Grid Corp,779,8.4,6543.6
22,22.0,3.0,17.0,1.0,0,12,Hyderabad,NLC India,779,8.4,6543.6
21,22.0,3.0,11.0,12.0,0,12,Hyderabad,CESC,764,8.4,6417.6
18,22.0,0.0,22.0,12.0,0,12,Hyderabad,SJVN Ltd.,789,8.4,6627.6
16,22.0,3.0,21.0,12.0,0,12,Hyderabad,Guj Ind Power,785,8.4,6594.0
22,22.0,3.0,16.0,12.0,0,12,Hyderabad,JSW Energy Ltd.,787,8.4,6610.8
20,22.0,3.0,22.0,12.0,0,12,Hyderabad,Indowind Energy,852,8.4,7156.8
21,22.0,1.0,8.0,12.0,0,12,Nagpur,Tata Power Company Ltd.,553,8.9,4921.7
22,22.0,1.0,5.0,1.0,0,12,Nagpur,Reliance Energy,440,8.9,3916.0
15,23.0,3.0,19.0,1.0,0,12,Nagpur,JSW Energy Ltd.,532,8.9,4734.8
22,23.0,0.0,16.0,1.0,0,12,Nagpur,SJVN Ltd.,532,8.9,4734.8
10,22.0,3.0,9.0,1.0,0,12,Nagpur,Kalpataru Power,486,8.9,4325.400000000000
6,22.0,3.0,7.0,1.0,0,12,Nagpur,Adani Power Ltd.,405,8.9,3604.5
23,22.0,3.0,14.0,1.0,0,12,Nagpur,KEC International,736,8.9,6550.400000000000
22,22.0,1.0,15.0,1.0,0,12,Nagpur,Toshiba Transmission & Distribution Systems (India) Pvt. Ltd.,552,8.9,4912.8
18,22.0,1.0,21.0,12.0,0,12,Nagpur,L&T Transmission & Distribution,700,8.9,6230.0
14,23.0,1.0,9.0,1.0,0,12,Nagpur,Jyoti Structure,554,8.9,4930.6
18,22.0,0.0,15.0,1.0,0,12,Nagpur,JSW Energy Ltd.,506,8.9,4503.400000000000
23,22.0,1.0,4.0,1.0,0,12,Nagpur,Jaiprakash Power,411,8.9,3657.9
9,20.0,2.0,19.0,1.0,0,12,Nagpur,Reliance Energy,526,8.9,4681.400000000000
20,23.0,3.0,15.0,1.0,0,12,Nagpur,TransRail Lighting,526,8.9,4681.400000000000
21,22.0,1.0,3.0,12.0,0,12,Nagpur,Adani Power Ltd.,425,8.9,3782.5
8,17.0,1.0,7.0,7.0,0,12,Nagpur,Reliance Energy,454,8.9,4040.6000000000000
12,22.0,0.0,16.0,1.0,0,12,Nagpur,Toshiba Transmission & Distribution Systems (India) Pvt. Ltd.,454,8.9,4040.6000000000000
15,23.0,0.0,6.0,12.0,0,12,Nagpur,Reliance Power,454,8.9,4040.6000000000000
15,23.0,2.0,5.0,1.0,0,12,Nagpur,Jaiprakash Power,343,8.9,3052.7000000000000
8,22.0,0.0,18.0,7.0,0,12,Nagpur,Optibelt Power Transmission India Private Limited,488,8.9,4343.2
17,23.0,1.0,22.0,1.0,0,12,Nagpur,NTPC Pvt. Ltd.,513,8.9,4565.7
7,17.0,3.0,14.0,1.0,0,12,Nagpur,Ringfeder Power Transmission India Pvt. Ltd.,513,8.9,4565.7
21,23.0,2.0,5.0,12.0,0,12,Nagpur,Optibelt Power Transmission India Private Limited,522,8.9,4645.8
11,23.0,0.0,6.0,1.0,0,12,Nagpur,Bonfiglioli Transmission Pvt. Ltd.,456,8.9,4058.4
15,23.0,2.0,8.0,1.0,0,12,Nagpur,Orient Green,518,8.9,4610.2
19,22.0,0.0,8.0,1.0,0,12,Nagpur,Orient Green,593,8.9,5277.7
18,23.0,3.0,18.0,12.0,0,12,Nagpur,Unitech Power Transmission Ltd.,806,8.9,7173.400000000000
17,22.0,0.0,21.0,1.0,0,12,Nagpur,JSW Energy Ltd.,668,8.9,5945.2
7,18.0,0.0,10.0,1.0,0,12,Nagpur,Jaiprakash Power,277,8.9,2465.3
16,22.0,2.0,14.0,1.0,0,12,Nagpur,Optibelt Power Transmission India Private Limited,423,8.9,3764.7000000000000
14,23.0,0.0,20.0,1.0,0,12,Nagpur,Optibelt Power Transmission India Private Limited,423,8.9,3764.7000000000000
6,17.0,1.0,10.0,1.0,0,12,Nagpur,NLC India,475,8.9,4227.5
21,23.0,3.0,5.0,1.0,0,12,Nagpur,Bonfiglioli Transmission Pvt. Ltd.,594,8.9,5286.6
23,22.0,0.0,20.0,1.0,0,12,Nagpur,Sterlite Power Transmission Ltd,594,8.9,5286.6
9,17.0,1.0,5.0,1.0,0,12,Nagpur,Guj Ind Power,441,8.9,3924.9
17,23.0,0.0,17.0,12.0,0,12,Nagpur,NHPC,625,8.9,5562.5
17,23.0,1.0,9.0,1.0,0,12,Nagpur,Kalpataru Power,574,8.9,5108.6
19,23.0,1.0,8.0,1.0,0,12,Nagpur,Reliance Power,574,8.9,5108.6
6,18.0,1.0,4.0,7.0,0,12,Nagpur,Ratnagiri Gas and Power Pvt. Ltd. (RGPPL),464,8.9,4129.6
7,21.0,3.0,15.0,1.0,0,12,Nagpur,Reliance Energy,558,8.9,4966.2
13,23.0,1.0,10.0,1.0,0,12,Nagpur,Neueon Towers / Sujana Towers Ltd.,428,8.9,3809.2000000000000
11,23.0,0.0,4.0,1.0,0,12,Nagpur,Unitech Power Transmission Ltd.,428,8.9,3809.2000000000000
9,19.0,2.0,17.0,1.0,0,12,Nagpur,Guj Ind Power,492,8.9,4378.8
9,19.0,3.0,7.0,1.0,0,12,Nagpur,Toshiba Transmission & Distribution Systems (India) Pvt. Ltd.,443,8.9,3942.7000000000000
16,22.0,0.0,3.0,1.0,0,12,Nagpur,NLC India,265,8.9,2358.5
9,21.0,3.0,6.0,1.0,0,12,Nagpur,NTPC Pvt. Ltd.,455,8.9,4049.5
10,17.0,0.0,16.0,7.0,0,12,Nagpur,NTPC Pvt. Ltd.,571,8.9,5081.900000000000
14,22.0,3.0,9.0,1.0,0,12,Nagpur,KEC International,607,8.9,5402.3
14,23.0,0.0,17.0,1.0,0,12,Nagpur,Sunil Hitech Eng,540,8.9,4806.0
15,22.0,3.0,10.0,1.0,0,12,Nagpur,Optibelt Power Transmission India Private Limited,539,8.9,4797.1
11,23.0,2.0,17.0,12.0,0,12,Nagpur,Sterlite Power Transmission Ltd,536,8.9,4770.400000000000
6,22.0,3.0,16.0,1.0,0,12,Nagpur,NLC India,591,8.9,5259.900000000000
13,22.0,3.0,11.0,1.0,0,12,Nagpur,NTPC Pvt. Ltd.,601,8.9,5348.900000000000
22,22.0,2.0,16.0,1.0,0,12,Nagpur,Jyoti Structure,601,8.9,5348.900000000000
22,23.0,2.0,8.0,1.0,0,12,Nagpur,CESC,618,8.9,5500.2
17,22.0,0.0,13.0,1.0,0,12,Nagpur,CESC,618,8.9,5500.2
10,19.0,2.0,20.0,1.0,0,12,Nagpur,Guj Ind Power,575,8.9,5117.5
20,23.0,3.0,13.0,1.0,0,12,Nagpur,Jaiprakash Power,702,8.9,6247.8
11,22.0,2.0,22.0,1.0,0,12,Nagpur,Reliance Power,527,8.9,4690.3
18,22.0,1.0,12.0,12.0,0,12,Nagpur,Adani Power Ltd.,680,8.9,6052.0
8,19.0,3.0,4.0,1.0,0,12,Nagpur,TransRail Lighting,469,8.9,4174.1
11,22.0,3.0,7.0,1.0,0,12,Nagpur,Power Grid Corp,469,8.9,4174.1
23,23.0,1.0,7.0,1.0,0,12,Nagpur,KEC International,398,8.9,3542.2000000000000
12,23.0,1.0,4.0,12.0,0,12,Nagpur,L&T Transmission & Distribution,398,8.9,3542.2000000000000
8,23.0,1.0,22.0,7.0,0,12,Nagpur,Torrent Power Ltd.,484,8.9,4307.6
9,20.0,2.0,7.0,1.0,0,12,Nagpur,Kalpataru Power,327,8.9,2910.3
12,22.0,3.0,13.0,12.0,0,12,Nagpur,NHPC,530,8.9,4717.0
9,23.0,1.0,9.0,1.0,0,12,Nagpur,Torrent Power Ltd.,321,8.9,2856.9
15,22.0,1.0,10.0,1.0,0,12,Nagpur,TransRail Lighting,550,8.9,4895.0
22,22.0,3.0,16.0,1.0,0,12,Nagpur,Reliance Power,529,8.9,4708.1
6,19.0,2.0,21.0,1.0,0,12,Nagpur,Neueon Towers / Sujana Towers Ltd.,623,8.9,5544.7
5,23.0,2.0,5.0,1.0,0,12,Nagpur,KEC International,375,8.9,3337.5
9,22.0,1.0,3.0,1.0,0,12,Nagpur,Neueon Towers / Sujana Towers Ltd.,375,8.9,3337.5
11,23.0,3.0,9.0,12.0,0,12,Nagpur,Kalpataru Power,610,8.9,5429.0
5,21.0,2.0,9.0,7.0,0,12,Nagpur,Guj Ind Power,610,8.9,5429.0
11,22.0,3.0,16.0,1.0,0,12,Nagpur,Power Grid Corp,502,8.9,4467.8
12,23.0,3.0,5.0,1.0,0,12,Nagpur,Jaiprakash Power,502,8.9,4467.8
5,22.0,2.0,4.0,1.0,0,12,Nagpur,Adani Power Ltd.,502,8.9,4467.8
23,23.0,3.0,10.0,1.0,0,12,Nagpur,NLC India,502,8.9,4467.8
13,23.0,0.0,4.0,1.0,0,12,Nagpur,Toshiba Transmission & Distribution Systems (India) Pvt. Ltd.,467,8.9,4156.3
23,23.0,2.0,18.0,1.0,0,12,Nagpur,Indowind Energy,763,8.9,6790.7
5,17.0,0.0,10.0,1.0,0,12,Nagpur,Orient Green,302,8.9,2687.8
19,22.0,2.0,11.0,1.0,0,12,Nagpur,Power Grid Corp,635,8.9,5651.5
5,21.0,3.0,13.0,7.0,0,12,Nagpur,Unitech Power Transmission Ltd.,465,8.9,4138.5
16,23.0,0.0,6.0,12.0,0,12,Nagpur,NTPC Pvt. Ltd.,473,8.9,4209.7
18,22.0,3.0,16.0,1.0,0,12,Nagpur,GE T&D India Limited,717,8.9,6381.3
21,22.0,0.0,8.0,1.0,0,12,Nagpur,Sterlite Power Transmission Ltd,377,8.9,3355.3
9,21.0,2.0,22.0,1.0,0,12,Nagpur,NTPC Pvt. Ltd.,563,8.9,5010.7
11,23.0,0.0,14.0,12.0,0,12,Nagpur,Optibelt Power Transmission India Private Limited,563,8.9,5010.7
12,23.0,2.0,22.0,1.0,0,12,Nagpur,Unitech Power Transmission Ltd.,646,8.9,5749.400000000000
6,18.0,2.0,11.0,7.0,0,12,Nagpur,CESC,501,8.9,4458.900000000000
22,23.0,2.0,9.0,1.0,0,12,Nagpur,SJVN Ltd.,501,8.9,4458.900000000000
23,22.0,3.0,9.0,1.0,0,12,Nagpur,Ratnagiri Gas and Power Pvt. Ltd. (RGPPL),485,8.9,4316.5
18,22.0,3.0,6.0,1.0,0,12,Nagpur,NLC India,485,8.9,4316.5
23,23.0,1.0,11.0,1.0,0,12,Nagpur,NLC India,485,8.9,4316.5
16,23.0,0.0,14.0,12.0,0,12,Nagpur,Orient Green,694,8.9,6176.6
11,23.0,0.0,15.0,1.0,0,12,Nagpur,Orient Green,514,8.9,4574.6
7,18.0,0.0,16.0,7.0,0,12,Nagpur,JSW Energy Ltd.,415,8.9,3693.5
6,23.0,0.0,10.0,7.0,0,12,Nagpur,Optibelt Power Transmission India Private Limited,576,8.9,5126.400000000000
9,17.0,2.0,16.0,1.0,0,12,Nagpur,Kalpataru Power,525,8.9,4672.5
19,23.0,1.0,9.0,1.0,0,12,Nagpur,Sunil Hitech Eng,557,8.9,4957.3
7,20.0,2.0,13.0,1.0,0,12,Nagpur,Toshiba Transmission & Distribution Systems (India) Pvt. Ltd.,392,8.9,3488.8
18,22.0,3.0,19.0,1.0,0,12,Nagpur,Bonfiglioli Transmission Pvt. Ltd.,643,8.9,5722.7
18,23.0,2.0,10.0,1.0,0,12,Nagpur,Tata Power Company Ltd.,643,8.9,5722.7
5,22.0,3.0,10.0,1.0,0,12,Nagpur,Neueon Towers / Sujana Towers Ltd.,433,8.9,3853.7000000000000
15,23.0,0.0,4.0,1.0,0,12,Nagpur,Power Grid Corp,433,8.9,3853.7000000000000
5,23.0,2.0,15.0,1.0,0,12,Nagpur,JSW Energy Ltd.,433,8.9,3853.7000000000000
6,17.0,3.0,13.0,1.0,0,12,Nagpur,GE T&D India Limited,331,8.9,2945.9
6,19.0,0.0,15.0,1.0,0,12,Nagpur,"Maha Transco – Maharashtra State Electricity Transmission Co, Ltd.",331,8.9,2945.9
18,22.0,3.0,7.0,1.0,0,12,Nagpur,"Maha Transco – Maharashtra State Electricity Transmission Co, Ltd.",511,8.9,4547.900000000000
11,22.0,0.0,18.0,1.0,0,12,Nagpur,Toshiba Transmission & Distribution Systems (India) Pvt. Ltd.,559,8.9,4975.1
7,23.0,3.0,16.0,1.0,0,12,Nagpur,KEC International,559,8.9,4975.1
19,22.0,1.0,8.0,1.0,0,12,Nagpur,Power Grid Corp,432,8.9,3844.8
20,23.0,0.0,6.0,12.0,0,12,Nagpur,Bonfiglioli Transmission Pvt. Ltd.,432,8.9,3844.8
15,23.0,3.0,17.0,1.0,0,12,Nagpur,JSW Energy Ltd.,519,8.9,4619.1
15,23.0,2.0,15.0,1.0,0,12,Nagpur,Optibelt Power Transmission India Private Limited,470,8.9,4183.0
12,22.0,0.0,9.0,12.0,0,12,Nagpur,CESC,470,8.9,4183.0
9,22.0,1.0,21.0,1.0,0,12,Nagpur,NTPC Pvt. Ltd.,468,8.9,4165.2
5,19.0,2.0,19.0,1.0,0,12,Nagpur,L&T Transmission & Distribution,468,8.9,4165.2
20,23.0,2.0,12.0,1.0,0,12,Nagpur,KEC International,468,8.9,4165.2
15,22.0,3.0,4.0,1.0,0,12,Nagpur,Guj Ind Power,567,8.9,5046.3
15,23.0,2.0,20.0,1.0,0,12,Nagpur,NHPC,507,8.9,4512.3
7,22.0,1.0,21.0,1.0,0,12,Nagpur,Torrent Power Ltd.,538,8.9,4788.2
18,23.0,0.0,22.0,1.0,0,12,Nagpur,Indowind Energy,538,8.9,4788.2
22,23.0,1.0,15.0,1.0,0,12,Nagpur,SJVN Ltd.,538,8.9,4788.2
16,22.0,1.0,4.0,1.0,0,12,Nagpur,Reliance Power,333,8.9,2963.7000000000000
15,23.0,3.0,9.0,1.0,0,12,Nagpur,Torrent Power Ltd.,498,8.9,4432.2
15,23.0,3.0,11.0,1.0,0,12,Nagpur,Orient Green,436,8.9,3880.4
12,22.0,0.0,12.0,1.0,0,12,Nagpur,NHPC,585,8.9,5206.5
20,23.0,3.0,20.0,1.0,0,12,Nagpur,Torrent Power Ltd.,585,8.9,5206.5
12,23.0,1.0,11.0,12.0,0,12,Nagpur,Guj Ind Power,666,8.9,5927.400000000000
15,23.0,2.0,13.0,1.0,0,12,Nagpur,Bonfiglioli Transmission Pvt. Ltd.,483,8.9,4298.7
13,22.0,3.0,10.0,1.0,0,12,Nagpur,Ringfeder Power Transmission India Pvt. Ltd.,483,8.9,4298.7
6,20.0,0.0,7.0,1.0,0,12,Nagpur,NTPC Pvt. Ltd.,457,8.9,4067.3
13,22.0,0.0,7.0,1.0,0,12,Nagpur,Tata Power Company Ltd.,457,8.9,4067.3
11,22.0,3.0,11.0,1.0,0,12,Nagpur,Guj Ind Power,632,8.9,5624.8
6,18.0,0.0,13.0,1.0,0,12,Nagpur,CESC,257,8.9,2287.3
20,22.0,1.0,5.0,1.0,0,12,Nagpur,Jyoti Structure,342,8.9,3043.8
9,18.0,3.0,22.0,1.0,0,12,Nagpur,Power Grid Corp,520,8.9,4628.0
14,22.0,3.0,3.0,1.0,0,12,Nagpur,JSW Energy Ltd.,369,8.9,3284.1
10,23.0,0.0,12.0,7.0,0,12,Nagpur,SJVN Ltd.,489,8.9,4352.1
19,22.0,0.0,13.0,1.0,0,12,Nagpur,Unitech Power Transmission Ltd.,393,8.9,3497.7000000000000
11,23.0,1.0,19.0,1.0,0,12,Nagpur,Reliance Energy,547,8.9,4868.3
21,22.0,1.0,17.0,12.0,0,12,Nagpur,Torrent Power Ltd.,547,8.9,4868.3
11,23.0,1.0,5.0,1.0,0,12,Nagpur,Adani Power Ltd.,547,8.9,4868.3
14,23.0,3.0,13.0,1.0,0,12,Nagpur,Toshiba Transmission & Distribution Systems (India) Pvt. Ltd.,547,8.9,4868.3
10,17.0,3.0,13.0,1.0,0,12,Nagpur,KEC International,438,8.9,3898.2000000000000
9,21.0,3.0,18.0,1.0,0,12,Nagpur,GE T&D India Limited,438,8.9,3898.2000000000000
23,23.0,2.0,12.0,1.0,0,12,Nagpur,CESC,579,8.9,5153.1
12,23.0,3.0,13.0,1.0,0,12,Nagpur,Adani Power Ltd.,620,8.9,5518.0
15,23.0,0.0,4.0,12.0,0,12,Nagpur,Optibelt Power Transmission India Private Limited,479,8.9,4263.1
16,23.0,1.0,13.0,1.0,0,12,Nagpur,NLC India,649,8.9,5776.1
10,22.0,1.0,8.0,7.0,0,12,Nagpur,Ratnagiri Gas and Power Pvt. Ltd. (RGPPL),373,8.9,3319.7000000000000
19,23.0,0.0,21.0,1.0,0,12,Nagpur,Torrent Power Ltd.,678,8.9,6034.2
23,22.0,3.0,6.0,1.0,0,12,Nagpur,NHPC,419,8.9,3729.1000000000000
18,23.0,2.0,10.0,12.0,0,12,Nagpur,NTPC Pvt. Ltd.,692,8.9,6158.8
23,23.0,2.0,10.0,1.0,0,12,Nagpur,Guj Ind Power,713,8.9,6345.7
19,23.0,3.0,21.0,1.0,0,12,Nagpur,Orient Green,657,8.9,5847.3
23,22.0,3.0,14.0,1.0,0,12,Nagpur,Sunil Hitech Eng,739,8.9,6577.1
18,22.0,0.0,10.0,1.0,0,12,Nagpur,Torrent Power Ltd.,371,8.9,3301.9
18,23.0,2.0,7.0,1.0,0,12,Nagpur,Bonfiglioli Transmission Pvt. Ltd.,603,8.9,5366.7
5,23.0,2.0,10.0,7.0,0,12,Nagpur,Orient Green,603,8.9,5366.7
17,23.0,3.0,8.0,1.0,0,12,Nagpur,KEC International,603,8.9,5366.7
19,23.0,0.0,22.0,1.0,0,12,Nagpur,Jaiprakash Power,603,8.9,5366.7
16,23.0,1.0,13.0,1.0,0,12,Nagpur,CESC,627,8.9,5580.3
7,20.0,2.0,22.0,1.0,0,12,Nagpur,Torrent Power Ltd.,499,8.9,4441.1
16,23.0,0.0,17.0,12.0,0,12,Nagpur,CESC,555,8.9,4939.5
16,23.0,1.0,21.0,12.0,0,12,Nagpur,KEC International,762,8.9,6781.8
11,22.0,3.0,16.0,12.0,0,12,Nagpur,TransRail Lighting,638,8.9,5678.2
18,22.0,2.0,7.0,1.0,0,12,Nagpur,L&T Transmission & Distribution,401,8.9,3568.9
16,22.0,3.0,8.0,1.0,0,12,Nagpur,Sterlite Power Transmission Ltd,401,8.9,3568.9
7,19.0,0.0,9.0,7.0,0,12,Nagpur,Orient Green,401,8.9,3568.9
22,22.0,1.0,8.0,1.0,0,12,Nagpur,CESC,401,8.9,3568.9
6,23.0,3.0,10.0,1.0,0,12,Nagpur,Bonfiglioli Transmission Pvt. Ltd.,384,8.9,3417.6000000000000
11,22.0,3.0,15.0,1.0,0,12,Nagpur,Power Grid Corp,534,8.9,4752.6
17,22.0,0.0,15.0,12.0,0,12,Nagpur,Guj Ind Power,534,8.9,4752.6
20,22.0,3.0,4.0,1.0,0,12,Nagpur,"Maha Transco – Maharashtra State Electricity Transmission Co, Ltd.",534,8.9,4752.6
14,23.0,0.0,13.0,1.0,0,12,Nagpur,JSW Energy Ltd.,365,8.9,3248.5
16,23.0,2.0,17.0,1.0,0,12,Nagpur,Tata Power Company Ltd.,730,8.9,6497.0
22,22.0,2.0,20.0,1.0,0,12,Nagpur,Optibelt Power Transmission India Private Limited,728,8.9,6479.2
10,22.0,1.0,22.0,1.0,0,12,Nagpur,Ringfeder Power Transmission India Pvt. Ltd.,589,8.9,5242.1
5,23.0,1.0,22.0,1.0,0,12,Nagpur,NLC India,427,8.9,3800.3
6,20.0,3.0,16.0,1.0,0,12,Nagpur,Indowind Energy,427,8.9,3800.3
5,19.0,3.0,8.0,1.0,0,12,Nagpur,Sterlite Power Transmission Ltd,387,8.9,3444.3
13,22.0,2.0,13.0,1.0,0,12,Nagpur,Kalpataru Power,604,8.9,5375.6
12,22.0,3.0,10.0,1.0,0,12,Nagpur,NTPC Pvt. Ltd.,604,8.9,5375.6
22,23.0,1.0,19.0,1.0,0,12,Nagpur,Kalpataru Power,761,8.9,6772.900000000000
17,23.0,0.0,4.0,1.0,0,12,Nagpur,Tata Power Company Ltd.,290,8.9,2581.0
23,23.0,1.0,19.0,1.0,0,12,Nagpur,TransRail Lighting,619,8.9,5509.1
19,23.0,2.0,20.0,1.0,0,12,Nagpur,GE T&D India Limited,659,8.9,5865.1
16,23.0,0.0,15.0,12.0,0,12,Nagpur,Orient Green,602,8.9,5357.8
9,21.0,0.0,16.0,1.0,0,12,Nagpur,Guj Ind Power,403,8.9,3586.7000000000000
5,18.0,2.0,22.0,7.0,0,12,Nagpur,Unitech Power Transmission Ltd.,675,8.9,6007.5
8,22.0,3.0,15.0,7.0,0,12,Nagpur,TransRail Lighting,675,8.9,6007.5
22,22.0,1.0,9.0,1.0,0,12,Nagpur,"Maha Transco – Maharashtra State Electricity Transmission Co, Ltd.",408,8.9,3631.2000000000000
10,19.0,3.0,15.0,1.0,0,12,Nagpur,Tata Power Company Ltd.,408,8.9,3631.2000000000000
16,22.0,3.0,15.0,1.0,0,12,Nagpur,Kalpataru Power,679,8.9,6043.1
6,20.0,0.0,21.0,7.0,0,12,Nagpur,JSW Energy Ltd.,535,8.9,4761.5
11,22.0,1.0,6.0,12.0,0,12,Nagpur,Unitech Power Transmission Ltd.,626,8.9,5571.400000000000
12,22.0,2.0,5.0,1.0,0,12,Nagpur,Reliance Power,346,8.9,3079.4
15,23.0,0.0,20.0,1.0,0,12,Nagpur,Reliance Energy,683,8.9,6078.7
13,23.0,3.0,17.0,12.0,0,12,Nagpur,SJVN Ltd.,683,8.9,6078.7
7,22.0,2.0,5.0,1.0,0,12,Nagpur,Power Grid Corp,314,8.9,2794.6
23,22.0,1.0,10.0,12.0,0,12,Nagpur,NLC India,701,8.9,6238.900000000000
9,22.0,3.0,20.0,1.0,0,12,Nagpur,NTPC Pvt. Ltd.,712,8.9,6336.8
21,23.0,3.0,8.0,1.0,0,12,Nagpur,NLC India,712,8.9,6336.8
18,23.0,3.0,13.0,12.0,0,12,Nagpur,CESC,746,8.9,6639.400000000000
19,23.0,3.0,17.0,12.0,0,12,Nagpur,Orient Green,658,8.9,5856.2
6,21.0,0.0,9.0,7.0,0,12,Nagpur,Unitech Power Transmission Ltd.,548,8.9,4877.2
18,23.0,2.0,6.0,1.0,0,12,Nagpur,KEC International,545,8.9,4850.5
13,22.0,2.0,22.0,1.0,0,12,Nagpur,Tata Power Company Ltd.,600,8.9,5340.0
22,23.0,1.0,11.0,1.0,0,12,Nagpur,Ringfeder Power Transmission India Pvt. Ltd.,615,8.9,5473.5
21,22.0,1.0,20.0,12.0,0,12,Nagpur,TransRail Lighting,760,8.9,6764.0
8,19.0,1.0,8.0,1.0,0,12,Nagpur,CESC,244,8.9,2171.6
18,23.0,2.0,21.0,12.0,0,12,Nagpur,Ratnagiri Gas and Power Pvt. Ltd. (RGPPL),621,8.9,5526.900000000000
10,17.0,2.0,6.0,7.0,0,12,Nagpur,NTPC Pvt. Ltd.,317,8.9,2821.3
23,23.0,0.0,9.0,1.0,0,12,Nagpur,Guj Ind Power,397,8.9,3533.3
20,23.0,3.0,10.0,1.0,0,12,Nagpur,Sunil Hitech Eng,677,8.9,6025.3
18,22.0,0.0,7.0,1.0,0,12,Nagpur,NHPC,325,8.9,2892.5
12,22.0,2.0,4.0,1.0,0,12,Nagpur,Tata Power Company Ltd.,325,8.9,2892.5
20,22.0,0.0,7.0,1.0,0,12,Nagpur,NLC India,325,8.9,2892.5
11,22.0,3.0,19.0,1.0,0,12,Nagpur,Reliance Power,661,8.9,5882.900000000000
16,22.0,0.0,14.0,1.0,0,12,Nagpur,NTPC Pvt. Ltd.,544,8.9,4841.6
21,23.0,0.0,19.0,12.0,0,12,Nagpur,Unitech Power Transmission Ltd.,681,8.9,6060.900000000000
17,23.0,3.0,14.0,1.0,0,12,Nagpur,JSW Energy Ltd.,543,8.9,4832.7
22,22.0,2.0,5.0,1.0,0,12,Nagpur,NTPC Pvt. Ltd.,543,8.9,4832.7
21,23.0,1.0,17.0,1.0,0,12,Nagpur,Neueon Towers / Sujana Towers Ltd.,543,8.9,4832.7
22,23.0,3.0,21.0,12.0,0,12,Nagpur,Indowind Energy,853,8.9,7591.700000000000
7,20.0,0.0,8.0,1.0,0,12,Nagpur,CESC,217,8.9,1931.3000000000000
15,23.0,1.0,22.0,1.0,0,12,Nagpur,KEC International,705,8.9,6274.5
16,22.0,2.0,22.0,12.0,0,12,Nagpur,L&T Transmission & Distribution,865,8.9,7698.5
20,22.0,3.0,18.0,12.0,0,12,Nagpur,Toshiba Transmission & Distribution Systems (India) Pvt. Ltd.,873,8.9,7769.700000000000
11,23.0,3.0,15.0,1.0,0,12,Nagpur,Reliance Power,665,8.9,5918.5
19,23.0,2.0,18.0,1.0,0,12,Nagpur,SJVN Ltd.,722,8.9,6425.8
23,23.0,2.0,17.0,12.0,0,12,Nagpur,KEC International,883,8.9,7858.700000000000
14,22.0,2.0,14.0,12.0,0,12,Nagpur,Ringfeder Power Transmission India Pvt. Ltd.,772,8.9,6870.8
13,23.0,0.0,7.0,1.0,0,12,Nagpur,L&T Transmission & Distribution,349,8.9,3106.1
8,18.0,0.0,13.0,7.0,0,12,Nagpur,Reliance Power,349,8.9,3106.1
7,19.0,0.0,7.0,1.0,0,12,Nagpur,Guj Ind Power,195,8.9,1735.5
14,22.0,1.0,22.0,12.0,0,12,Nagpur,TransRail Lighting,821,8.9,7306.900000000000
19,23.0,3.0,15.0,12.0,0,12,Nagpur,Guj Ind Power,775,8.9,6897.5
15,23.0,3.0,20.0,1.0,0,12,Nagpur,KEC International,778,8.9,6924.200000000000
14,23.0,1.0,7.0,1.0,0,12,Mumbai,NTPC Pvt. Ltd.,528,9.2,4857.600000000000
11,23.0,0.0,14.0,1.0,0,12,Mumbai,Ringfeder Power Transmission India Pvt. Ltd.,484,9.2,4452.800000000000
20,22.0,3.0,7.0,1.0,0,12,Mumbai,Neueon Towers / Sujana Towers Ltd.,484,9.2,4452.800000000000
20,22.0,2.0,12.0,1.0,0,12,Mumbai,Toshiba Transmission & Distribution Systems (India) Pvt. Ltd.,484,9.2,4452.800000000000
11,22.0,3.0,8.0,12.0,0,12,Mumbai,Torrent Power Ltd.,484,9.2,4452.800000000000
15,23.0,2.0,3.0,1.0,0,12,Mumbai,Kalpataru Power,484,9.2,4452.800000000000
7,21.0,0.0,3.0,1.0,0,12,Mumbai,NHPC,264,9.2,2428.8000000000000
16,22.0,1.0,8.0,1.0,0,12,Mumbai,JSW Energy Ltd.,330,9.2,3036.0000000000000
23,22.0,2.0,9.0,1.0,0,12,Mumbai,Power Grid Corp,594,9.2,5464.800000000000
20,22.0,1.0,16.0,1.0,0,12,Mumbai,"Maha Transco – Maharashtra State Electricity Transmission Co, Ltd.",513,9.2,4719.600000000000
6,17.0,1.0,7.0,1.0,0,12,Mumbai,KEC International,399,9.2,3670.8000000000000
8,19.0,0.0,18.0,1.0,0,12,Mumbai,CESC,399,9.2,3670.8000000000000
17,23.0,3.0,3.0,12.0,0,12,Mumbai,"Maha Transco – Maharashtra State Electricity Transmission Co, Ltd.",630,9.2,5796.0
8,22.0,1.0,21.0,1.0,0,12,Mumbai,Optibelt Power Transmission India Private Limited,437,9.2,4020.4000000000000
15,23.0,0.0,20.0,1.0,0,12,Mumbai,Toshiba Transmission & Distribution Systems (India) Pvt. Ltd.,488,9.2,4489.600000000000
12,22.0,2.0,6.0,1.0,0,12,Mumbai,Reliance Energy,321,9.2,2953.2
16,22.0,3.0,22.0,1.0,0,12,Mumbai,CESC,618,9.2,5685.600000000000
13,22.0,3.0,19.0,1.0,0,12,Mumbai,KEC International,689,9.2,6338.800000000000
16,22.0,1.0,4.0,1.0,0,12,Mumbai,Orient Green,453,9.2,4167.600000000000
8,17.0,3.0,6.0,1.0,0,12,Mumbai,Orient Green,453,9.2,4167.600000000000
12,23.0,3.0,3.0,1.0,0,12,Mumbai,Orient Green,453,9.2,4167.600000000000
5,18.0,1.0,15.0,1.0,0,12,Mumbai,L&T Transmission & Distribution,427,9.2,3928.4000000000000
19,23.0,0.0,15.0,1.0,0,12,Mumbai,Kalpataru Power,556,9.2,5115.2
13,23.0,2.0,18.0,1.0,0,12,Mumbai,TransRail Lighting,583,9.2,5363.600000000000
5,21.0,3.0,11.0,1.0,0,12,Mumbai,Ratnagiri Gas and Power Pvt. Ltd. (RGPPL),583,9.2,5363.600000000000
10,18.0,2.0,22.0,1.0,0,12,Mumbai,Guj Ind Power,610,9.2,5612.0
18,23.0,0.0,18.0,12.0,0,12,Mumbai,SJVN Ltd.,527,9.2,4848.4
5,19.0,2.0,12.0,1.0,0,12,Mumbai,Reliance Energy,381,9.2,3505.2
22,22.0,0.0,9.0,1.0,0,12,Mumbai,KEC International,603,9.2,5547.600000000000
12,23.0,1.0,18.0,12.0,0,12,Mumbai,Indowind Energy,575,9.2,5290.0
5,20.0,2.0,15.0,1.0,0,12,Mumbai,Toshiba Transmission & Distribution Systems (India) Pvt. Ltd.,575,9.2,5290.0
13,22.0,2.0,21.0,1.0,0,12,Mumbai,Neueon Towers / Sujana Towers Ltd.,650,9.2,5980.000000000000
17,22.0,3.0,21.0,1.0,0,12,Mumbai,Ratnagiri Gas and Power Pvt. Ltd. (RGPPL),549,9.2,5050.800000000000
16,22.0,3.0,3.0,1.0,0,12,Mumbai,Torrent Power Ltd.,601,9.2,5529.2
19,22.0,0.0,9.0,12.0,0,12,Mumbai,CESC,558,9.2,5133.600000000000
11,23.0,3.0,12.0,1.0,0,12,Mumbai,Ratnagiri Gas and Power Pvt. Ltd. (RGPPL),558,9.2,5133.600000000000
17,23.0,3.0,12.0,1.0,0,12,Mumbai,Torrent Power Ltd.,558,9.2,5133.600000000000
23,22.0,1.0,18.0,1.0,0,12,Mumbai,Ringfeder Power Transmission India Pvt. Ltd.,490,9.2,4508.0
10,19.0,1.0,14.0,1.0,0,12,Mumbai,"Maha Transco – Maharashtra State Electricity Transmission Co, Ltd.",490,9.2,4508.0
12,23.0,1.0,17.0,1.0,0,12,Mumbai,SJVN Ltd.,490,9.2,4508.0
12,22.0,1.0,11.0,1.0,0,12,Mumbai,NHPC,422,9.2,3882.4000000000000
13,23.0,1.0,11.0,1.0,0,12,Mumbai,Kalpataru Power,431,9.2,3965.2
19,23.0,1.0,16.0,1.0,0,12,Mumbai,Torrent Power Ltd.,495,9.2,4554.0
20,23.0,1.0,13.0,1.0,0,12,Mumbai,Ringfeder Power Transmission India Pvt. Ltd.,507,9.2,4664.4
19,23.0,2.0,12.0,1.0,0,12,Mumbai,Sunil Hitech Eng,471,9.2,4333.2
9,19.0,3.0,12.0,7.0,0,12,Mumbai,L&T Transmission & Distribution,428,9.2,3937.6
11,22.0,2.0,17.0,1.0,0,12,Mumbai,JSW Energy Ltd.,609,9.2,5602.800000000000
15,23.0,1.0,19.0,1.0,0,12,Mumbai,JSW Energy Ltd.,609,9.2,5602.800000000000
12,23.0,0.0,7.0,1.0,0,12,Mumbai,SJVN Ltd.,546,9.2,5023.2
10,18.0,0.0,18.0,1.0,0,12,Mumbai,Power Grid Corp,530,9.2,4876.0
9,23.0,1.0,3.0,1.0,0,12,Mumbai,CESC,530,9.2,4876.0
12,22.0,1.0,6.0,1.0,0,12,Mumbai,Indowind Energy,451,9.2,4149.2
13,22.0,0.0,15.0,12.0,0,12,Mumbai,Reliance Power,619,9.2,5694.800000000000
16,23.0,3.0,10.0,1.0,0,12,Mumbai,Adani Power Ltd.,458,9.2,4213.600000000000
22,23.0,2.0,19.0,1.0,0,12,Mumbai,SJVN Ltd.,600,9.2,5520.0
22,22.0,0.0,12.0,1.0,0,12,Mumbai,Toshiba Transmission & Distribution Systems (India) Pvt. Ltd.,598,9.2,5501.600000000000
20,22.0,1.0,8.0,1.0,0,12,Mumbai,Unitech Power Transmission Ltd.,544,9.2,5004.800000000000
9,22.0,1.0,21.0,7.0,0,12,Mumbai,Ratnagiri Gas and Power Pvt. Ltd. (RGPPL),504,9.2,4636.800000000000
21,22.0,3.0,8.0,1.0,0,12,Mumbai,JSW Energy Ltd.,534,9.2,4912.800000000000
8,19.0,1.0,3.0,1.0,0,12,Mumbai,Neueon Towers / Sujana Towers Ltd.,299,9.2,2750.8000000000000
9,22.0,0.0,21.0,1.0,0,12,Mumbai,Tata Power Company Ltd.,426,9.2,3919.2
5,20.0,2.0,14.0,1.0,0,12,Mumbai,Kalpataru Power,426,9.2,3919.2
17,22.0,0.0,21.0,1.0,0,12,Mumbai,JSW Energy Ltd.,521,9.2,4793.2
23,22.0,3.0,17.0,1.0,0,12,Mumbai,Kalpataru Power,521,9.2,4793.2
18,22.0,2.0,14.0,1.0,0,12,Mumbai,Neueon Towers / Sujana Towers Ltd.,702,9.2,6458.4
20,22.0,2.0,6.0,1.0,0,12,Mumbai,Adani Power Ltd.,519,9.2,4774.800000000000
12,22.0,1.0,12.0,12.0,0,12,Mumbai,Kalpataru Power,454,9.2,4176.800000000000
19,23.0,0.0,17.0,1.0,0,12,Mumbai,Neueon Towers / Sujana Towers Ltd.,640,9.2,5888.0
19,22.0,2.0,16.0,1.0,0,12,Mumbai,SJVN Ltd.,529,9.2,4866.800000000000
7,21.0,1.0,16.0,7.0,0,12,Mumbai,Torrent Power Ltd.,584,9.2,5372.800000000000
10,23.0,3.0,14.0,1.0,0,12,Mumbai,Power Grid Corp,652,9.2,5998.4
16,23.0,1.0,22.0,12.0,0,12,Mumbai,Power Grid Corp,652,9.2,5998.4
9,17.0,1.0,5.0,1.0,0,12,Mumbai,Guj Ind Power,318,9.2,2925.6
17,23.0,3.0,19.0,1.0,0,12,Mumbai,TransRail Lighting,793,9.2,7295.600000000000
17,23.0,1.0,8.0,1.0,0,12,Mumbai,Torrent Power Ltd.,589,9.2,5418.800000000000
16,22.0,0.0,21.0,12.0,0,12,Mumbai,Ringfeder Power Transmission India Pvt. Ltd.,700,9.2,6440.000000000000
12,22.0,2.0,17.0,12.0,0,12,Mumbai,NTPC Pvt. Ltd.,542,9.2,4986.4
15,22.0,0.0,22.0,1.0,0,12,Mumbai,Tata Power Company Ltd.,570,9.2,5244.0
10,22.0,3.0,19.0,1.0,0,12,Mumbai,CESC,620,9.2,5704.0
11,22.0,2.0,10.0,1.0,0,12,Mumbai,Reliance Energy,473,9.2,4351.600000000000
14,23.0,0.0,13.0,1.0,0,12,Mumbai,Toshiba Transmission & Distribution Systems (India) Pvt. Ltd.,526,9.2,4839.2
15,22.0,1.0,15.0,1.0,0,12,Mumbai,"Maha Transco – Maharashtra State Electricity Transmission Co, Ltd.",409,9.2,3762.8000000000000
21,22.0,1.0,5.0,1.0,0,12,Mumbai,GE T&D India Limited,498,9.2,4581.600000000000
18,22.0,0.0,3.0,1.0,0,12,Mumbai,KEC International,498,9.2,4581.600000000000
22,23.0,1.0,8.0,1.0,0,12,Mumbai,Ringfeder Power Transmission India Pvt. Ltd.,602,9.2,5538.4
16,23.0,3.0,6.0,1.0,0,12,Mumbai,Guj Ind Power,404,9.2,3716.8000000000000
19,22.0,0.0,18.0,1.0,0,12,Mumbai,KEC International,479,9.2,4406.800000000000
8,20.0,2.0,10.0,1.0,0,12,Mumbai,Unitech Power Transmission Ltd.,479,9.2,4406.800000000000
8,23.0,3.0,20.0,1.0,0,12,Mumbai,NTPC Pvt. Ltd.,648,9.2,5961.600000000000
23,22.0,2.0,20.0,1.0,0,12,Mumbai,Guj Ind Power,628,9.2,5777.600000000000
16,22.0,3.0,17.0,1.0,0,12,Mumbai,Reliance Power,628,9.2,5777.600000000000
10,20.0,3.0,12.0,1.0,0,12,Mumbai,Ringfeder Power Transmission India Pvt. Ltd.,535,9.2,4922.0
14,23.0,1.0,12.0,1.0,0,12,Mumbai,Unitech Power Transmission Ltd.,402,9.2,3698.4000000000000
5,19.0,2.0,20.0,1.0,0,12,Mumbai,Sterlite Power Transmission Ltd,493,9.2,4535.600000000000
11,23.0,2.0,11.0,12.0,0,12,Mumbai,NLC India,645,9.2,5934.000000000000
11,23.0,3.0,16.0,1.0,0,12,Mumbai,L&T Transmission & Distribution,645,9.2,5934.000000000000
12,22.0,2.0,11.0,1.0,0,12,Mumbai,Orient Green,407,9.2,3744.4000000000000
20,23.0,3.0,3.0,1.0,0,12,Mumbai,Reliance Power,407,9.2,3744.4000000000000
23,23.0,2.0,16.0,1.0,0,12,Mumbai,L&T Transmission & Distribution,505,9.2,4646.0
16,23.0,2.0,21.0,1.0,0,12,Mumbai,Optibelt Power Transmission India Private Limited,657,9.2,6044.4
13,22.0,2.0,13.0,12.0,0,12,Mumbai,Jaiprakash Power,725,9.2,6670.000000000000
9,23.0,0.0,21.0,1.0,0,12,Mumbai,TransRail Lighting,591,9.2,5437.2
8,19.0,1.0,10.0,1.0,0,12,Mumbai,Indowind Energy,445,9.2,4094.0000000000000
9,20.0,0.0,7.0,1.0,0,12,Mumbai,L&T Transmission & Distribution,445,9.2,4094.0000000000000
16,22.0,0.0,8.0,1.0,0,12,Mumbai,Torrent Power Ltd.,425,9.2,3910.0000000000000
6,17.0,0.0,18.0,1.0,0,12,Mumbai,NHPC,510,9.2,4692.0
21,22.0,0.0,14.0,12.0,0,12,Mumbai,Unitech Power Transmission Ltd.,697,9.2,6412.4
9,23.0,1.0,9.0,7.0,0,12,Mumbai,SJVN Ltd.,574,9.2,5280.800000000000
12,23.0,0.0,14.0,1.0,0,12,Mumbai,Ratnagiri Gas and Power Pvt. Ltd. (RGPPL),395,9.2,3634.0000000000000
17,22.0,3.0,5.0,1.0,0,12,Mumbai,Sterlite Power Transmission Ltd,395,9.2,3634.0000000000000
5,23.0,3.0,16.0,1.0,0,12,Mumbai,Unitech Power Transmission Ltd.,486,9.2,4471.2
14,23.0,0.0,19.0,1.0,0,12,Mumbai,CESC,536,9.2,4931.2
17,23.0,1.0,9.0,1.0,0,12,Mumbai,Sterlite Power Transmission Ltd,590,9.2,5428.0
21,23.0,1.0,7.0,1.0,0,12,Mumbai,Adani Power Ltd.,516,9.2,4747.2
8,20.0,1.0,4.0,1.0,0,12,Mumbai,TransRail Lighting,421,9.2,3873.2
16,22.0,0.0,14.0,1.0,0,12,Mumbai,Kalpataru Power,500,9.2,4600.0
9,17.0,3.0,15.0,1.0,0,12,Mumbai,Tata Power Company Ltd.,439,9.2,4038.8000000000000
14,23.0,0.0,21.0,1.0,0,12,Mumbai,Ringfeder Power Transmission India Pvt. Ltd.,480,9.2,4416.0
7,17.0,2.0,11.0,1.0,0,12,Mumbai,Toshiba Transmission & Distribution Systems (India) Pvt. Ltd.,480,9.2,4416.0
11,22.0,0.0,21.0,1.0,0,12,Mumbai,NTPC Pvt. Ltd.,480,9.2,4416.0
14,22.0,2.0,16.0,12.0,0,12,Mumbai,Bonfiglioli Transmission Pvt. Ltd.,683,9.2,6283.600000000000
10,23.0,0.0,22.0,1.0,0,12,Mumbai,Unitech Power Transmission Ltd.,568,9.2,5225.600000000000
17,23.0,0.0,7.0,1.0,0,12,Mumbai,Ratnagiri Gas and Power Pvt. Ltd. (RGPPL),434,9.2,3992.8000000000000
9,17.0,0.0,21.0,1.0,0,12,Mumbai,Reliance Energy,366,9.2,3367.2
5,20.0,1.0,10.0,1.0,0,12,Mumbai,Bonfiglioli Transmission Pvt. Ltd.,382,9.2,3514.4000000000000
14,23.0,0.0,4.0,1.0,0,12,Mumbai,Kalpataru Power,499,9.2,4590.800000000000
15,22.0,0.0,8.0,1.0,0,12,Mumbai,Sunil Hitech Eng,476,9.2,4379.2
12,23.0,3.0,13.0,1.0,0,12,Mumbai,NTPC Pvt. Ltd.,685,9.2,6302.000000000000
17,23.0,1.0,11.0,1.0,0,12,Mumbai,Sunil Hitech Eng,406,9.2,3735.2
5,18.0,3.0,7.0,1.0,0,12,Mumbai,GE T&D India Limited,368,9.2,3385.6
9,21.0,3.0,12.0,1.0,0,12,Mumbai,Torrent Power Ltd.,502,9.2,4618.4
11,23.0,2.0,7.0,1.0,0,12,Mumbai,Indowind Energy,502,9.2,4618.4
8,20.0,2.0,19.0,1.0,0,12,Mumbai,Guj Ind Power,502,9.2,4618.4
15,22.0,1.0,7.0,1.0,0,12,Mumbai,Toshiba Transmission & Distribution Systems (India) Pvt. Ltd.,508,9.2,4673.600000000000
16,22.0,3.0,7.0,1.0,0,12,Mumbai,Reliance Power,449,9.2,4130.800000000000
17,23.0,2.0,12.0,1.0,0,12,Mumbai,Ratnagiri Gas and Power Pvt. Ltd. (RGPPL),506,9.2,4655.2
10,23.0,0.0,21.0,1.0,0,12,Mumbai,Jaiprakash Power,623,9.2,5731.600000000000
11,22.0,2.0,10.0,1.0,0,12,Mumbai,TransRail Lighting,623,9.2,5731.600000000000
7,22.0,0.0,15.0,1.0,0,12,Mumbai,"Maha Transco – Maharashtra State Electricity Transmission Co, Ltd.",356,9.2,3275.2
9,17.0,3.0,6.0,1.0,0,12,Mumbai,Adani Power Ltd.,447,9.2,4112.4
17,22.0,1.0,13.0,1.0,0,12,Mumbai,CESC,447,9.2,4112.4
13,23.0,0.0,18.0,1.0,0,12,Mumbai,SJVN Ltd.,410,9.2,3772.0000000000000
15,23.0,1.0,9.0,12.0,0,12,Mumbai,Indowind Energy,677,9.2,6228.4
15,22.0,3.0,10.0,1.0,0,12,Mumbai,NHPC,497,9.2,4572.4
10,23.0,0.0,6.0,7.0,0,12,Mumbai,Adani Power Ltd.,548,9.2,5041.600000000000
6,17.0,1.0,16.0,7.0,0,12,Mumbai,Optibelt Power Transmission India Private Limited,337,9.2,3100.4000000000000
19,23.0,2.0,20.0,1.0,0,12,Mumbai,Toshiba Transmission & Distribution Systems (India) Pvt. Ltd.,608,9.2,5593.600000000000
10,18.0,3.0,15.0,1.0,0,12,Mumbai,GE T&D India Limited,608,9.2,5593.600000000000
14,22.0,0.0,12.0,1.0,0,12,Mumbai,TransRail Lighting,364,9.2,3348.8000000000000
12,23.0,2.0,4.0,1.0,0,12,Mumbai,Adani Power Ltd.,423,9.2,3891.6
20,22.0,0.0,18.0,1.0,0,12,Mumbai,Reliance Power,694,9.2,6384.800000000000
7,17.0,1.0,18.0,1.0,0,12,Mumbai,Neueon Towers / Sujana Towers Ltd.,396,9.2,3643.2
10,21.0,1.0,15.0,1.0,0,12,Mumbai,L&T Transmission & Distribution,396,9.2,3643.2
6,19.0,1.0,20.0,1.0,0,12,Mumbai,Ratnagiri Gas and Power Pvt. Ltd. (RGPPL),374,9.2,3440.8000000000000
19,23.0,0.0,3.0,1.0,0,12,Mumbai,Indowind Energy,525,9.2,4830.0
15,23.0,0.0,4.0,1.0,0,12,Mumbai,KEC International,420,9.2,3864.0000000000000
5,21.0,2.0,14.0,1.0,0,12,Mumbai,Kalpataru Power,420,9.2,3864.0000000000000
7,19.0,2.0,15.0,1.0,0,12,Mumbai,Neueon Towers / Sujana Towers Ltd.,417,9.2,3836.4000000000000
21,23.0,3.0,19.0,1.0,0,12,Mumbai,NHPC,773,9.2,7111.600000000000
17,23.0,0.0,10.0,1.0,0,12,Mumbai,NLC India,593,9.2,5455.600000000000
18,22.0,0.0,4.0,12.0,0,12,Mumbai,Guj Ind Power,593,9.2,5455.600000000000
21,23.0,2.0,3.0,1.0,0,12,Mumbai,Ratnagiri Gas and Power Pvt. Ltd. (RGPPL),629,9.2,5786.800000000000
22,22.0,2.0,11.0,1.0,0,12,Mumbai,Adani Power Ltd.,673,9.2,6191.600000000000
9,23.0,3.0,16.0,7.0,0,12,Mumbai,Jyoti Structure,599,9.2,5510.800000000000
15,23.0,0.0,19.0,12.0,0,12,Mumbai,NTPC Pvt. Ltd.,768,9.2,7065.600000000000
10,19.0,1.0,19.0,1.0,0,12,Mumbai,TransRail Lighting,624,9.2,5740.800000000000
20,23.0,2.0,4.0,1.0,0,12,Mumbai,Sunil Hitech Eng,624,9.2,5740.800000000000
19,22.0,3.0,18.0,1.0,0,12,Mumbai,Ringfeder Power Transmission India Pvt. Ltd.,639,9.2,5878.800000000000
18,23.0,0.0,9.0,1.0,0,12,Mumbai,NLC India,487,9.2,4480.4
18,23.0,0.0,3.0,1.0,0,12,Mumbai,GE T&D India Limited,379,9.2,3486.8000000000000
7,19.0,0.0,3.0,1.0,0,12,Mumbai,JSW Energy Ltd.,292,9.2,2686.4000000000000
21,22.0,1.0,11.0,12.0,0,12,Mumbai,Optibelt Power Transmission India Private Limited,709,9.2,6522.800000000000
22,23.0,3.0,8.0,12.0,0,12,Mumbai,Orient Green,759,9.2,6982.800000000000
18,23.0,2.0,21.0,1.0,0,12,Mumbai,Reliance Energy,759,9.2,6982.800000000000
12,22.0,0.0,16.0,1.0,0,12,Mumbai,Tata Power Company Ltd.,351,9.2,3229.2
17,23.0,2.0,18.0,12.0,0,12,Mumbai,Ringfeder Power Transmission India Pvt. Ltd.,772,9.2,7102.4
5,20.0,2.0,21.0,7.0,0,12,Mumbai,Tata Power Company Ltd.,537,9.2,4940.4
7,21.0,2.0,20.0,7.0,0,12,Mumbai,Power Grid Corp,537,9.2,4940.4
14,23.0,3.0,13.0,1.0,0,12,Mumbai,NTPC Pvt. Ltd.,537,9.2,4940.4
18,22.0,3.0,15.0,1.0,0,12,Mumbai,Adani Power Ltd.,560,9.2,5152.0
16,22.0,3.0,9.0,1.0,0,12,Mumbai,"Maha Transco – Maharashtra State Electricity Transmission Co, Ltd.",679,9.2,6246.800000000000
19,23.0,2.0,15.0,1.0,0,12,Mumbai,Ringfeder Power Transmission India Pvt. Ltd.,643,9.2,5915.600000000000
9,21.0,3.0,19.0,1.0,0,12,Mumbai,SJVN Ltd.,467,9.2,4296.4
10,21.0,3.0,15.0,7.0,0,12,Mumbai,Tata Power Company Ltd.,693,9.2,6375.600000000000
23,22.0,1.0,13.0,1.0,0,12,Mumbai,Jyoti Structure,693,9.2,6375.600000000000
17,23.0,0.0,11.0,1.0,0,12,Mumbai,Tata Power Company Ltd.,430,9.2,3956.0000000000000
23,22.0,2.0,17.0,1.0,0,12,Mumbai,SJVN Ltd.,559,9.2,5142.800000000000
13,22.0,3.0,9.0,1.0,0,12,Mumbai,Kalpataru Power,559,9.2,5142.800000000000
8,23.0,2.0,20.0,1.0,0,12,Mumbai,Reliance Energy,531,9.2,4885.2
14,23.0,2.0,13.0,1.0,0,12,Mumbai,Guj Ind Power,611,9.2,5621.2
7,23.0,2.0,19.0,1.0,0,12,Mumbai,CESC,494,9.2,4544.800000000000
16,22.0,2.0,17.0,1.0,0,12,Mumbai,Orient Green,622,9.2,5722.4
22,23.0,0.0,3.0,1.0,0,12,Mumbai,Sunil Hitech Eng,582,9.2,5354.4
15,23.0,3.0,4.0,1.0,0,12,Mumbai,TransRail Lighting,465,9.2,4278.0
16,23.0,1.0,11.0,1.0,0,12,Mumbai,NTPC Pvt. Ltd.,465,9.2,4278.0
14,22.0,3.0,19.0,1.0,0,12,Mumbai,Tata Power Company Ltd.,655,9.2,6026.000000000000
11,22.0,3.0,19.0,12.0,0,12,Mumbai,Bonfiglioli Transmission Pvt. Ltd.,723,9.2,6651.600000000000
6,21.0,3.0,6.0,1.0,0,12,Mumbai,Adani Power Ltd.,554,9.2,5096.800000000000
18,22.0,0.0,3.0,1.0,0,12,Mumbai,CESC,277,9.2,2548.4000000000000
22,23.0,2.0,7.0,1.0,0,12,Mumbai,Orient Green,676,9.2,6219.2
22,22.0,0.0,15.0,1.0,0,12,Mumbai,Reliance Power,676,9.2,6219.2
21,22.0,1.0,15.0,1.0,0,12,Mumbai,Torrent Power Ltd.,626,9.2,5759.2
7,20.0,3.0,20.0,1.0,0,12,Mumbai,Indowind Energy,563,9.2,5179.600000000000
21,23.0,0.0,18.0,1.0,0,12,Mumbai,SJVN Ltd.,649,9.2,5970.800000000000
15,22.0,2.0,18.0,1.0,0,12,Mumbai,Power Grid Corp,719,9.2,6614.800000000000
23,23.0,1.0,13.0,1.0,0,12,Mumbai,NTPC Pvt. Ltd.,646,9.2,5943.2
21,23.0,3.0,22.0,1.0,0,12,Mumbai,Bonfiglioli Transmission Pvt. Ltd.,727,9.2,6688.4
19,23.0,0.0,5.0,12.0,0,12,Mumbai,Reliance Energy,681,9.2,6265.2
21,23.0,0.0,5.0,12.0,0,12,Mumbai,Sterlite Power Transmission Ltd,681,9.2,6265.2
22,23.0,3.0,12.0,1.0,0,12,Mumbai,NLC India,714,9.2,6568.800000000000
5,19.0,2.0,22.0,7.0,0,12,Mumbai,TransRail Lighting,452,9.2,4158.4
12,22.0,1.0,11.0,1.0,0,12,Mumbai,KEC International,605,9.2,5566.0
12,22.0,2.0,8.0,1.0,0,12,Mumbai,Toshiba Transmission & Distribution Systems (India) Pvt. Ltd.,377,9.2,3468.4000000000000
16,23.0,1.0,20.0,12.0,0,12,Mumbai,Sunil Hitech Eng,766,9.2,7047.2
7,21.0,0.0,21.0,7.0,0,12,Mumbai,L&T Transmission & Distribution,472,9.2,4342.4
23,22.0,0.0,21.0,1.0,0,12,Mumbai,Optibelt Power Transmission India Private Limited,472,9.2,4342.4
17,22.0,2.0,16.0,12.0,0,12,Mumbai,Indowind Energy,769,9.2,7074.800000000000
22,22.0,0.0,6.0,1.0,0,12,Mumbai,"Maha Transco – Maharashtra State Electricity Transmission Co, Ltd.",344,9.2,3164.8000000000000
9,20.0,2.0,6.0,1.0,0,12,Mumbai,JSW Energy Ltd.,282,9.2,2594.4000000000000
12,22.0,3.0,5.0,1.0,0,12,Mumbai,Jaiprakash Power,343,9.2,3155.6
9,17.0,1.0,14.0,1.0,0,12,Mumbai,Reliance Energy,343,9.2,3155.6
5,17.0,1.0,5.0,1.0,0,12,Mumbai,NHPC,213,9.2,1959.6
14,23.0,0.0,8.0,1.0,0,12,Mumbai,Adani Power Ltd.,387,9.2,3560.4000000000000
21,23.0,2.0,13.0,1.0,0,12,Mumbai,Adani Power Ltd.,713,9.2,6559.600000000000
22,22.0,3.0,5.0,1.0,0,12,Mumbai,Orient Green,644,9.2,5924.800000000000
7,20.0,2.0,5.0,1.0,0,12,Mumbai,Sunil Hitech Eng,301,9.2,2769.2
5,17.0,2.0,15.0,1.0,0,12,Mumbai,Torrent Power Ltd.,300,9.2,2760.0
17,22.0,3.0,11.0,1.0,0,12,Mumbai,Bonfiglioli Transmission Pvt. Ltd.,438,9.2,4029.6
15,23.0,2.0,8.0,1.0,0,12,Mumbai,Bonfiglioli Transmission Pvt. Ltd.,438,9.2,4029.6
19,23.0,1.0,22.0,1.0,0,12,Mumbai,Guj Ind Power,708,9.2,6513.600000000000
20,23.0,2.0,21.0,1.0,0,12,Mumbai,TransRail Lighting,788,9.2,7249.600000000000
5,20.0,0.0,3.0,1.0,0,12,Mumbai,Jaiprakash Power,206,9.2,1895.2000000000000
8,21.0,2.0,5.0,1.0,0,12,Mumbai,Toshiba Transmission & Distribution Systems (India) Pvt. Ltd.,358,9.2,3293.6
10,17.0,0.0,7.0,1.0,0,12,Mumbai,Toshiba Transmission & Distribution Systems (India) Pvt. Ltd.,175,9.2,1610.0000000000000
15,23.0,2.0,19.0,12.0,0,12,Mumbai,Sterlite Power Transmission Ltd,835,9.2,7682.000000000000
22,22.0,2.0,18.0,12.0,0,12,Mumbai,Orient Green,826,9.2,7599.2
8,21.0,1.0,12.0,1.0,0,12,Mumbai,JSW Energy Ltd.,305,9.2,2806.0
18,23.0,3.0,14.0,1.0,0,12,Mumbai,Optibelt Power Transmission India Private Limited,751,9.2,6909.2
21,23.0,3.0,14.0,12.0,0,12,Mumbai,Guj Ind Power,802,9.2,7378.4
23,22.0,1.0,16.0,12.0,0,12,Mumbai,Neueon Towers / Sujana Towers Ltd.,776,9.2,7139.2
16,23.0,1.0,21.0,1.0,0,12,Mumbai,Jaiprakash Power,710,9.2,6532.000000000000
6,17.0,0.0,3.0,1.0,0,12,Mumbai,Ringfeder Power Transmission India Pvt. Ltd.,131,9.2,1205.2000000000000
17,22.0,2.0,22.0,12.0,0,12,Mumbai,L&T Transmission & Distribution,827,9.2,7608.4
6,18.0,1.0,3.0,1.0,0,12,Mumbai,Guj Ind Power,215,9.2,1978.0000000000000
16,23.0,0.0,17.0,12.0,0,12,Mumbai,SJVN Ltd.,729,9.2,6706.800000000000
20,22.0,2.0,19.0,12.0,0,12,Mumbai,TransRail Lighting,861,9.2,7921.2
19,23.0,3.0,18.0,1.0,0,12,New Delhi,Ratnagiri Gas and Power Pvt. Ltd. (RGPPL),704,8.5,5984.0
19,23.0,1.0,15.0,1.0,0,12,New Delhi,Jaiprakash Power,440,8.5,3740.0
16,22.0,0.0,22.0,1.0,0,12,New Delhi,Power Grid Corp,440,8.5,3740.0
22,22.0,3.0,6.0,1.0,0,12,New Delhi,GE T&D India Limited,532,8.5,4522.0
8,23.0,2.0,22.0,7.0,0,12,New Delhi,Jaiprakash Power,736,8.5,6256.0
6,18.0,2.0,4.0,1.0,0,12,New Delhi,Ringfeder Power Transmission India Pvt. Ltd.,372,8.5,3162.0
16,22.0,1.0,14.0,1.0,0,12,New Delhi,Toshiba Transmission & Distribution Systems (India) Pvt. Ltd.,577,8.5,4904.5
14,23.0,1.0,15.0,1.0,0,12,New Delhi,Jyoti Structure,453,8.5,3850.5
22,23.0,1.0,6.0,1.0,0,12,New Delhi,Tata Power Company Ltd.,561,8.5,4768.5
21,22.0,2.0,12.0,1.0,0,12,New Delhi,TransRail Lighting,561,8.5,4768.5
8,22.0,3.0,7.0,7.0,0,12,New Delhi,Ratnagiri Gas and Power Pvt. Ltd. (RGPPL),561,8.5,4768.5
7,21.0,1.0,7.0,1.0,0,12,New Delhi,KEC International,417,8.5,3544.5
12,23.0,1.0,14.0,1.0,0,12,New Delhi,Unitech Power Transmission Ltd.,408,8.5,3468.0
23,23.0,1.0,10.0,1.0,0,12,New Delhi,Orient Green,659,8.5,5601.5
7,21.0,3.0,21.0,1.0,0,12,New Delhi,Toshiba Transmission & Distribution Systems (India) Pvt. Ltd.,659,8.5,5601.5
23,23.0,2.0,3.0,12.0,0,12,New Delhi,L&T Transmission & Distribution,541,8.5,4598.5
7,21.0,1.0,19.0,7.0,0,12,New Delhi,NHPC,527,8.5,4479.5
20,22.0,2.0,4.0,1.0,0,12,New Delhi,CESC,436,8.5,3706.0
18,23.0,1.0,17.0,12.0,0,12,New Delhi,Guj Ind Power,673,8.5,5720.5
21,22.0,1.0,16.0,12.0,0,12,New Delhi,Torrent Power Ltd.,673,8.5,5720.5
21,22.0,1.0,15.0,12.0,0,12,New Delhi,Optibelt Power Transmission India Private Limited,545,8.5,4632.5
9,19.0,2.0,19.0,7.0,0,12,New Delhi,KEC International,569,8.5,4836.5
10,19.0,3.0,16.0,1.0,0,12,New Delhi,SJVN Ltd.,587,8.5,4989.5
14,22.0,3.0,10.0,1.0,0,12,New Delhi,Indowind Energy,587,8.5,4989.5
23,22.0,1.0,10.0,1.0,0,12,New Delhi,CESC,587,8.5,4989.5
23,22.0,3.0,21.0,1.0,0,12,New Delhi,JSW Energy Ltd.,587,8.5,4989.5
21,22.0,0.0,10.0,1.0,0,12,New Delhi,SJVN Ltd.,452,8.5,3842.0
7,18.0,0.0,21.0,7.0,0,12,New Delhi,Sterlite Power Transmission Ltd,476,8.5,4046.0
6,21.0,1.0,10.0,1.0,0,12,New Delhi,"Maha Transco – Maharashtra State Electricity Transmission Co, Ltd.",428,8.5,3638.0
14,22.0,0.0,5.0,12.0,0,12,New Delhi,SJVN Ltd.,533,8.5,4530.5
23,22.0,0.0,16.0,1.0,0,12,New Delhi,NLC India,519,8.5,4411.5
12,23.0,3.0,17.0,1.0,0,12,New Delhi,Adani Power Ltd.,519,8.5,4411.5
8,18.0,2.0,13.0,7.0,0,12,New Delhi,Reliance Energy,419,8.5,3561.5
8,23.0,0.0,13.0,1.0,0,12,New Delhi,"Maha Transco – Maharashtra State Electricity Transmission Co, Ltd.",479,8.5,4071.5
15,22.0,0.0,10.0,1.0,0,12,New Delhi,NHPC,479,8.5,4071.5
16,22.0,3.0,17.0,1.0,0,12,New Delhi,Indowind Energy,479,8.5,4071.5
12,23.0,0.0,8.0,1.0,0,12,New Delhi,Ringfeder Power Transmission India Pvt. Ltd.,307,8.5,2609.5
19,23.0,1.0,13.0,12.0,0,12,New Delhi,KEC International,573,8.5,4870.5
13,22.0,2.0,3.0,1.0,0,12,New Delhi,Reliance Energy,383,8.5,3255.5
12,23.0,1.0,3.0,1.0,0,12,New Delhi,"Maha Transco – Maharashtra State Electricity Transmission Co, Ltd.",371,8.5,3153.5
8,17.0,0.0,14.0,1.0,0,12,New Delhi,Jyoti Structure,371,8.5,3153.5
14,23.0,0.0,3.0,1.0,0,12,New Delhi,L&T Transmission & Distribution,371,8.5,3153.5
17,23.0,0.0,9.0,1.0,0,12,New Delhi,SJVN Ltd.,371,8.5,3153.5
15,22.0,0.0,18.0,1.0,0,12,New Delhi,NLC India,439,8.5,3731.5
17,22.0,3.0,7.0,1.0,0,12,New Delhi,Indowind Energy,552,8.5,4692.0
14,22.0,2.0,12.0,1.0,0,12,New Delhi,"Maha Transco – Maharashtra State Electricity Transmission Co, Ltd.",631,8.5,5363.5
14,23.0,1.0,21.0,1.0,0,12,New Delhi,Torrent Power Ltd.,538,8.5,4573.0
6,17.0,1.0,21.0,1.0,0,12,New Delhi,NLC India,543,8.5,4615.5
18,23.0,0.0,5.0,1.0,0,12,New Delhi,Indowind Energy,311,8.5,2643.5
18,23.0,1.0,8.0,1.0,0,12,New Delhi,Torrent Power Ltd.,387,8.5,3289.5
10,19.0,0.0,8.0,1.0,0,12,New Delhi,NHPC,387,8.5,3289.5
21,23.0,3.0,10.0,1.0,0,12,New Delhi,NHPC,654,8.5,5559.0
17,22.0,3.0,4.0,1.0,0,12,New Delhi,Torrent Power Ltd.,593,8.5,5040.5
11,23.0,0.0,11.0,12.0,0,12,New Delhi,Optibelt Power Transmission India Private Limited,593,8.5,5040.5
7,21.0,0.0,20.0,1.0,0,12,New Delhi,Sterlite Power Transmission Ltd,593,8.5,5040.5
11,23.0,3.0,16.0,1.0,0,12,New Delhi,Indowind Energy,481,8.5,4088.5
19,22.0,2.0,18.0,1.0,0,12,New Delhi,NLC India,499,8.5,4241.5
20,23.0,1.0,16.0,1.0,0,12,New Delhi,Ringfeder Power Transmission India Pvt. Ltd.,598,8.5,5083.0
13,23.0,2.0,20.0,1.0,0,12,New Delhi,Optibelt Power Transmission India Private Limited,670,8.5,5695.0
22,23.0,3.0,13.0,1.0,0,12,New Delhi,Jyoti Structure,562,8.5,4777.0
22,22.0,0.0,17.0,1.0,0,12,New Delhi,Bonfiglioli Transmission Pvt. Ltd.,602,8.5,5117.0
19,22.0,0.0,21.0,1.0,0,12,New Delhi,TransRail Lighting,457,8.5,3884.5
14,23.0,0.0,20.0,1.0,0,12,New Delhi,Optibelt Power Transmission India Private Limited,589,8.5,5006.5
9,23.0,0.0,17.0,1.0,0,12,New Delhi,Power Grid Corp,589,8.5,5006.5
23,22.0,3.0,9.0,1.0,0,12,New Delhi,CESC,672,8.5,5712.0
22,23.0,0.0,21.0,1.0,0,12,New Delhi,Adani Power Ltd.,492,8.5,4182.0
9,18.0,1.0,18.0,1.0,0,12,New Delhi,Adani Power Ltd.,492,8.5,4182.0
16,22.0,0.0,5.0,1.0,0,12,New Delhi,SJVN Ltd.,492,8.5,4182.0
17,22.0,1.0,16.0,1.0,0,12,New Delhi,TransRail Lighting,441,8.5,3748.5
10,21.0,3.0,12.0,1.0,0,12,New Delhi,Sunil Hitech Eng,441,8.5,3748.5
8,19.0,1.0,20.0,1.0,0,12,New Delhi,Indowind Energy,566,8.5,4811.0
23,22.0,1.0,20.0,1.0,0,12,New Delhi,GE T&D India Limited,566,8.5,4811.0
6,19.0,2.0,22.0,1.0,0,12,New Delhi,Optibelt Power Transmission India Private Limited,537,8.5,4564.5
19,22.0,0.0,21.0,1.0,0,12,New Delhi,Jyoti Structure,537,8.5,4564.5
5,19.0,3.0,6.0,1.0,0,12,New Delhi,Jyoti Structure,330,8.5,2805.0
16,23.0,1.0,4.0,12.0,0,12,New Delhi,L&T Transmission & Distribution,643,8.5,5465.5
18,22.0,0.0,4.0,1.0,0,12,New Delhi,SJVN Ltd.,536,8.5,4556.0
15,23.0,3.0,17.0,1.0,0,12,New Delhi,Optibelt Power Transmission India Private Limited,701,8.5,5958.5
9,22.0,3.0,13.0,1.0,0,12,New Delhi,Sterlite Power Transmission Ltd,644,8.5,5474.0
10,23.0,0.0,20.0,1.0,0,12,New Delhi,Toshiba Transmission & Distribution Systems (India) Pvt. Ltd.,644,8.5,5474.0
15,22.0,3.0,16.0,1.0,0,12,New Delhi,Torrent Power Ltd.,680,8.5,5780.0
20,22.0,2.0,18.0,1.0,0,12,New Delhi,Optibelt Power Transmission India Private Limited,485,8.5,4122.5
20,22.0,1.0,18.0,1.0,0,12,New Delhi,Sterlite Power Transmission Ltd,617,8.5,5244.5
17,23.0,1.0,8.0,1.0,0,12,New Delhi,Tata Power Company Ltd.,531,8.5,4513.5
16,23.0,2.0,3.0,1.0,0,12,New Delhi,GE T&D India Limited,531,8.5,4513.5
9,23.0,2.0,18.0,1.0,0,12,New Delhi,Reliance Energy,678,8.5,5763.0
7,22.0,2.0,20.0,1.0,0,12,New Delhi,Guj Ind Power,678,8.5,5763.0
18,23.0,0.0,11.0,1.0,0,12,New Delhi,Tata Power Company Ltd.,370,8.5,3145.0
8,23.0,3.0,9.0,1.0,0,12,New Delhi,"Maha Transco – Maharashtra State Electricity Transmission Co, Ltd.",535,8.5,4547.5
20,22.0,1.0,13.0,1.0,0,12,New Delhi,Guj Ind Power,616,8.5,5236.0
21,23.0,0.0,11.0,12.0,0,12,New Delhi,L&T Transmission & Distribution,494,8.5,4199.0
13,22.0,2.0,6.0,1.0,0,12,New Delhi,Kalpataru Power,433,8.5,3680.5
10,19.0,2.0,10.0,1.0,0,12,New Delhi,Torrent Power Ltd.,433,8.5,3680.5
19,23.0,3.0,18.0,1.0,0,12,New Delhi,"Maha Transco – Maharashtra State Electricity Transmission Co, Ltd.",742,8.5,6307.0
8,17.0,0.0,8.0,1.0,0,12,New Delhi,Optibelt Power Transmission India Private Limited,415,8.5,3527.5
8,23.0,2.0,18.0,1.0,0,12,New Delhi,Jaiprakash Power,606,8.5,5151.0
11,23.0,0.0,5.0,1.0,0,12,New Delhi,Orient Green,397,8.5,3374.5
19,23.0,0.0,15.0,1.0,0,12,New Delhi,Torrent Power Ltd.,447,8.5,3799.5
6,17.0,3.0,8.0,1.0,0,12,New Delhi,Kalpataru Power,340,8.5,2890.0
19,22.0,1.0,6.0,1.0,0,12,New Delhi,KEC International,369,8.5,3136.5
14,23.0,3.0,19.0,12.0,0,12,New Delhi,"Maha Transco – Maharashtra State Electricity Transmission Co, Ltd.",706,8.5,6001.0
7,21.0,3.0,9.0,1.0,0,12,New Delhi,Jaiprakash Power,526,8.5,4471.0
10,19.0,3.0,10.0,1.0,0,12,New Delhi,NTPC Pvt. Ltd.,449,8.5,3816.5
22,23.0,2.0,15.0,1.0,0,12,New Delhi,"Maha Transco – Maharashtra State Electricity Transmission Co, Ltd.",686,8.5,5831.0
5,20.0,1.0,6.0,7.0,0,12,New Delhi,Sterlite Power Transmission Ltd,444,8.5,3774.0
19,22.0,3.0,16.0,1.0,0,12,New Delhi,Bonfiglioli Transmission Pvt. Ltd.,666,8.5,5661.0
19,23.0,3.0,9.0,1.0,0,12,New Delhi,GE T&D India Limited,666,8.5,5661.0
18,23.0,0.0,19.0,1.0,0,12,New Delhi,GE T&D India Limited,468,8.5,3978.0
9,19.0,1.0,22.0,1.0,0,12,New Delhi,TransRail Lighting,468,8.5,3978.0
19,23.0,1.0,7.0,1.0,0,12,New Delhi,NTPC Pvt. Ltd.,632,8.5,5372.0
19,22.0,2.0,9.0,1.0,0,12,New Delhi,JSW Energy Ltd.,623,8.5,5295.5
18,22.0,3.0,7.0,1.0,0,12,New Delhi,Guj Ind Power,560,8.5,4760.0
20,23.0,0.0,13.0,1.0,0,12,New Delhi,Jyoti Structure,524,8.5,4454.0
17,23.0,3.0,18.0,1.0,0,12,New Delhi,Ratnagiri Gas and Power Pvt. Ltd. (RGPPL),524,8.5,4454.0
5,17.0,2.0,6.0,1.0,0,12,New Delhi,Bonfiglioli Transmission Pvt. Ltd.,377,8.5,3204.5
16,23.0,3.0,7.0,1.0,0,12,New Delhi,JSW Energy Ltd.,430,8.5,3655.0
7,22.0,2.0,3.0,1.0,0,12,New Delhi,Sunil Hitech Eng,489,8.5,4156.5
9,17.0,1.0,10.0,7.0,0,12,New Delhi,Sterlite Power Transmission Ltd,385,8.5,3272.5
8,21.0,3.0,10.0,1.0,0,12,New Delhi,Sunil Hitech Eng,385,8.5,3272.5
13,22.0,0.0,12.0,1.0,0,12,New Delhi,Jaiprakash Power,504,8.5,4284.0
8,22.0,0.0,19.0,1.0,0,12,New Delhi,Guj Ind Power,507,8.5,4309.5
20,23.0,3.0,14.0,1.0,0,12,New Delhi,Reliance Power,507,8.5,4309.5
22,23.0,1.0,18.0,1.0,0,12,New Delhi,CESC,642,8.5,5457.0
19,23.0,3.0,5.0,1.0,0,12,New Delhi,Orient Green,438,8.5,3723.0
17,22.0,3.0,3.0,1.0,0,12,New Delhi,Torrent Power Ltd.,438,8.5,3723.0
5,18.0,3.0,6.0,1.0,0,12,New Delhi,Ringfeder Power Transmission India Pvt. Ltd.,493,8.5,4190.5
9,21.0,3.0,12.0,1.0,0,12,New Delhi,Kalpataru Power,392,8.5,3332.0
13,23.0,2.0,7.0,1.0,0,12,New Delhi,Torrent Power Ltd.,578,8.5,4913.0
21,23.0,1.0,5.0,12.0,0,12,New Delhi,Optibelt Power Transmission India Private Limited,578,8.5,4913.0
20,22.0,2.0,17.0,1.0,0,12,New Delhi,Orient Green,478,8.5,4063.0
16,22.0,1.0,3.0,12.0,0,12,New Delhi,KEC International,640,8.5,5440.0
19,23.0,1.0,16.0,12.0,0,12,New Delhi,Tata Power Company Ltd.,583,8.5,4955.5
7,19.0,2.0,16.0,1.0,0,12,New Delhi,Power Grid Corp,583,8.5,4955.5
9,20.0,2.0,17.0,1.0,0,12,New Delhi,Ringfeder Power Transmission India Pvt. Ltd.,396,8.5,3366.0
9,18.0,3.0,17.0,1.0,0,12,New Delhi,Ringfeder Power Transmission India Pvt. Ltd.,416,8.5,3536.0
17,22.0,2.0,15.0,12.0,0,12,New Delhi,Reliance Power,584,8.5,4964.0
7,17.0,2.0,21.0,1.0,0,12,New Delhi,JSW Energy Ltd.,423,8.5,3595.5
11,23.0,0.0,20.0,1.0,0,12,New Delhi,Neueon Towers / Sujana Towers Ltd.,497,8.5,4224.5
11,22.0,2.0,6.0,1.0,0,12,New Delhi,L&T Transmission & Distribution,497,8.5,4224.5
17,22.0,0.0,8.0,1.0,0,12,New Delhi,KEC International,355,8.5,3017.5
12,23.0,0.0,4.0,12.0,0,12,New Delhi,NLC India,390,8.5,3315.0
10,18.0,1.0,21.0,1.0,0,12,New Delhi,NTPC Pvt. Ltd.,530,8.5,4505.0
13,22.0,1.0,10.0,1.0,0,12,New Delhi,KEC International,514,8.5,4369.0
9,23.0,0.0,14.0,1.0,0,12,New Delhi,Indowind Energy,514,8.5,4369.0
19,23.0,3.0,5.0,1.0,0,12,New Delhi,Orient Green,516,8.5,4386.0
11,22.0,1.0,11.0,1.0,0,12,New Delhi,Orient Green,361,8.5,3068.5
16,22.0,0.0,16.0,12.0,0,12,New Delhi,JSW Energy Ltd.,501,8.5,4258.5
5,17.0,1.0,22.0,7.0,0,12,New Delhi,L&T Transmission & Distribution,570,8.5,4845.0
22,23.0,0.0,15.0,1.0,0,12,New Delhi,Optibelt Power Transmission India Private Limited,426,8.5,3621.0
13,22.0,2.0,15.0,1.0,0,12,New Delhi,Unitech Power Transmission Ltd.,511,8.5,4343.5
18,22.0,2.0,19.0,1.0,0,12,New Delhi,SJVN Ltd.,484,8.5,4114.0
13,22.0,0.0,12.0,1.0,0,12,New Delhi,Ringfeder Power Transmission India Pvt. Ltd.,542,8.5,4607.0
20,23.0,3.0,13.0,1.0,0,12,New Delhi,NTPC Pvt. Ltd.,622,8.5,5287.0
15,22.0,3.0,17.0,1.0,0,12,New Delhi,KEC International,611,8.5,5193.5
19,22.0,1.0,13.0,1.0,0,12,New Delhi,SJVN Ltd.,455,8.5,3867.5
10,20.0,2.0,4.0,1.0,0,12,New Delhi,CESC,304,8.5,2584.0
16,22.0,2.0,13.0,1.0,0,12,New Delhi,Indowind Energy,486,8.5,4131.0
10,19.0,0.0,12.0,1.0,0,12,New Delhi,NTPC Pvt. Ltd.,373,8.5,3170.5
10,23.0,3.0,21.0,1.0,0,12,New Delhi,SJVN Ltd.,646,8.5,5491.0
21,22.0,3.0,10.0,1.0,0,12,New Delhi,Jaiprakash Power,662,8.5,5627.0
19,23.0,0.0,3.0,1.0,0,12,New Delhi,Neueon Towers / Sujana Towers Ltd.,384,8.5,3264.0
23,23.0,1.0,20.0,1.0,0,12,New Delhi,Kalpataru Power,557,8.5,4734.5
7,22.0,1.0,17.0,1.0,0,12,New Delhi,"Maha Transco – Maharashtra State Electricity Transmission Co, Ltd.",557,8.5,4734.5
15,23.0,1.0,10.0,1.0,0,12,New Delhi,Bonfiglioli Transmission Pvt. Ltd.,540,8.5,4590.0
23,22.0,3.0,12.0,1.0,0,12,New Delhi,Torrent Power Ltd.,540,8.5,4590.0
12,23.0,1.0,9.0,12.0,0,12,New Delhi,"Maha Transco – Maharashtra State Electricity Transmission Co, Ltd.",540,8.5,4590.0
6,19.0,0.0,21.0,1.0,0,12,New Delhi,Kalpataru Power,585,8.5,4972.5
10,18.0,2.0,19.0,1.0,0,12,New Delhi,Neueon Towers / Sujana Towers Ltd.,585,8.5,4972.5
23,23.0,3.0,4.0,12.0,0,12,New Delhi,KEC International,585,8.5,4972.5
15,22.0,2.0,9.0,1.0,0,12,New Delhi,NTPC Pvt. Ltd.,525,8.5,4462.5
7,22.0,0.0,21.0,1.0,0,12,New Delhi,Optibelt Power Transmission India Private Limited,525,8.5,4462.5
22,23.0,1.0,17.0,1.0,0,12,New Delhi,Sterlite Power Transmission Ltd,473,8.5,4020.5
20,22.0,2.0,6.0,1.0,0,12,New Delhi,SJVN Ltd.,621,8.5,5278.5
14,22.0,1.0,16.0,1.0,0,12,New Delhi,Adani Power Ltd.,448,8.5,3808.0
19,23.0,2.0,12.0,1.0,0,12,New Delhi,Neueon Towers / Sujana Towers Ltd.,448,8.5,3808.0
6,22.0,1.0,14.0,1.0,0,12,New Delhi,Power Grid Corp,448,8.5,3808.0
6,22.0,2.0,14.0,1.0,0,12,New Delhi,L&T Transmission & Distribution,596,8.5,5066.0
14,22.0,1.0,4.0,1.0,0,12,New Delhi,"Maha Transco – Maharashtra State Electricity Transmission Co, Ltd.",379,8.5,3221.5
9,22.0,0.0,10.0,7.0,0,12,New Delhi,Orient Green,491,8.5,4173.5
11,22.0,2.0,4.0,12.0,0,12,New Delhi,"Maha Transco – Maharashtra State Electricity Transmission Co, Ltd.",491,8.5,4173.5
20,23.0,3.0,12.0,1.0,0,12,New Delhi,SJVN Ltd.,491,8.5,4173.5
10,22.0,1.0,10.0,1.0,0,12,New Delhi,Reliance Energy,474,8.5,4029.0
12,22.0,0.0,21.0,1.0,0,12,New Delhi,Ringfeder Power Transmission India Pvt. Ltd.,653,8.5,5550.5
20,23.0,0.0,14.0,1.0,0,12,New Delhi,Jyoti Structure,517,8.5,4394.5
12,22.0,1.0,11.0,12.0,0,12,New Delhi,TransRail Lighting,517,8.5,4394.5
11,23.0,2.0,12.0,1.0,0,12,New Delhi,Optibelt Power Transmission India Private Limited,619,8.5,5261.5
13,22.0,2.0,16.0,1.0,0,12,New Delhi,Sterlite Power Transmission Ltd,619,8.5,5261.5
17,22.0,3.0,9.0,12.0,0,12,New Delhi,Bonfiglioli Transmission Pvt. Ltd.,571,8.5,4853.5
9,22.0,1.0,6.0,7.0,0,12,New Delhi,Ringfeder Power Transmission India Pvt. Ltd.,483,8.5,4105.5
19,23.0,0.0,18.0,1.0,0,12,New Delhi,Optibelt Power Transmission India Private Limited,675,8.5,5737.5
9,18.0,2.0,3.0,1.0,0,12,New Delhi,Kalpataru Power,313,8.5,2660.5
5,22.0,0.0,15.0,1.0,0,12,New Delhi,TransRail Lighting,313,8.5,2660.5
15,23.0,0.0,21.0,1.0,0,12,New Delhi,Toshiba Transmission & Distribution Systems (India) Pvt. Ltd.,699,8.5,5941.5
10,23.0,2.0,4.0,1.0,0,12,New Delhi,KEC International,482,8.5,4097.0
17,23.0,3.0,15.0,1.0,0,12,New Delhi,Neueon Towers / Sujana Towers Ltd.,482,8.5,4097.0
18,22.0,3.0,10.0,1.0,0,12,New Delhi,"Maha Transco – Maharashtra State Electricity Transmission Co, Ltd.",668,8.5,5678.0
16,22.0,2.0,17.0,12.0,0,12,New Delhi,Reliance Power,668,8.5,5678.0
8,20.0,0.0,14.0,1.0,0,12,New Delhi,Power Grid Corp,442,8.5,3757.0
13,22.0,2.0,14.0,1.0,0,12,New Delhi,GE T&D India Limited,442,8.5,3757.0
20,22.0,0.0,17.0,1.0,0,12,New Delhi,Sterlite Power Transmission Ltd,677,8.5,5754.5
20,22.0,0.0,18.0,1.0,0,12,New Delhi,Ringfeder Power Transmission India Pvt. Ltd.,633,8.5,5380.5
20,23.0,0.0,5.0,12.0,0,12,New Delhi,NHPC,508,8.5,4318.0
17,23.0,2.0,17.0,1.0,0,12,New Delhi,Bonfiglioli Transmission Pvt. Ltd.,508,8.5,4318.0
15,23.0,2.0,22.0,1.0,0,12,New Delhi,NTPC Pvt. Ltd.,508,8.5,4318.0
13,23.0,3.0,5.0,12.0,0,12,New Delhi,Optibelt Power Transmission India Private Limited,641,8.5,5448.5
12,22.0,3.0,19.0,1.0,0,12,New Delhi,L&T Transmission & Distribution,717,8.5,6094.5
18,22.0,2.0,19.0,1.0,0,12,New Delhi,Toshiba Transmission & Distribution Systems (India) Pvt. Ltd.,748,8.5,6358.0
20,22.0,1.0,7.0,1.0,0,12,New Delhi,Torrent Power Ltd.,360,8.5,3060.0
5,19.0,3.0,6.0,1.0,0,12,New Delhi,Power Grid Corp,360,8.5,3060.0
11,23.0,2.0,4.0,12.0,0,12,New Delhi,SJVN Ltd.,437,8.5,3714.5
22,22.0,3.0,13.0,1.0,0,12,New Delhi,Sterlite Power Transmission Ltd,685,8.5,5822.5
6,18.0,0.0,9.0,1.0,0,12,New Delhi,Sterlite Power Transmission Ltd,323,8.5,2745.5
15,23.0,3.0,14.0,12.0,0,12,New Delhi,CESC,725,8.5,6162.5
7,21.0,0.0,16.0,1.0,0,12,New Delhi,NTPC Pvt. Ltd.,320,8.5,2720.0
9,21.0,2.0,22.0,1.0,0,12,New Delhi,NLC India,684,8.5,5814.0
15,22.0,0.0,19.0,12.0,0,12,New Delhi,TransRail Lighting,698,8.5,5933.0
8,18.0,1.0,7.0,1.0,0,12,New Delhi,NHPC,212,8.5,1802.0
8,23.0,1.0,21.0,1.0,0,12,New Delhi,Optibelt Power Transmission India Private Limited,682,8.5,5797.0
22,22.0,0.0,19.0,1.0,0,12,New Delhi,Reliance Power,682,8.5,5797.0
12,22.0,3.0,19.0,1.0,0,12,New Delhi,Neueon Towers / Sujana Towers Ltd.,682,8.5,5797.0
19,23.0,0.0,5.0,1.0,0,12,New Delhi,Jaiprakash Power,309,8.5,2626.5
7,18.0,3.0,13.0,1.0,0,12,New Delhi,"Maha Transco – Maharashtra State Electricity Transmission Co, Ltd.",520,8.5,4420.0
20,23.0,3.0,12.0,1.0,0,12,New Delhi,Power Grid Corp,520,8.5,4420.0
22,23.0,2.0,3.0,1.0,0,12,New Delhi,Reliance Power,520,8.5,4420.0
20,23.0,1.0,15.0,12.0,0,12,New Delhi,Jyoti Structure,802,8.5,6817.0
23,23.0,2.0,16.0,12.0,0,12,New Delhi,Bonfiglioli Transmission Pvt. Ltd.,810,8.5,6885.0
18,23.0,3.0,20.0,1.0,0,12,New Delhi,NLC India,787,8.5,6689.5
13,23.0,3.0,14.0,1.0,0,12,New Delhi,NLC India,721,8.5,6128.5
16,23.0,3.0,20.0,12.0,0,12,New Delhi,Jyoti Structure,818,8.5,6953.0
8,17.0,0.0,15.0,1.0,0,12,New Delhi,JSW Energy Ltd.,250,8.5,2125.0
9,21.0,0.0,4.0,1.0,0,12,New Delhi,NLC India,206,8.5,1751.0
23,23.0,3.0,17.0,12.0,0,12,New Delhi,SJVN Ltd.,824,8.5,7004.0
20,23.0,3.0,14.0,12.0,0,12,New Delhi,Guj Ind Power,849,8.5,7216.5
20,22.0,2.0,20.0,12.0,0,12,New Delhi,Kalpataru Power,814,8.5,6919.0
19,23.0,2.0,10.0,12.0,0,12,New Delhi,NTPC Pvt. Ltd.,784,8.5,6664.0
21,23.0,1.0,16.0,12.0,0,12,New Delhi,Ringfeder Power Transmission India Pvt. Ltd.,815,8.5,6927.5